line_1,line_2,kind,target,r_obs,rel_1,rel_2,r_true
hepg2,jurkat,raw,KIAA1143,0.05613379647439357,0.0,0.13294416633347075,
hepg2,jurkat,raw,FEN1,0.27250759494968463,0.31354915575951403,0.5404961133894006,0.6619565826718791
hepg2,jurkat,raw,RNPS1,0.1520142161053663,0.0,0.6431870653971198,
hepg2,jurkat,raw,PHF10,0.2765191525815594,0.834961745607521,0.5792148037720775,0.3976235528272479
hepg2,jurkat,raw,HSF1,0.19324958992237148,0.3429045827670388,0.260155621554059,0.647016459685745
hepg2,jurkat,raw,SEPHS2,-0.015096499925757735,0.0,0.2573529228324717,
hepg2,jurkat,raw,POLR2H,0.21287361530668913,0.8364502312547684,0.22160263054146634,0.4944408308261569
hepg2,jurkat,raw,TFAM,0.7737036555231481,0.9384594869712347,0.9890050598292628,0.8030963046095225
hepg2,jurkat,raw,BCAR1,0.1124317894888036,0.1576464846148316,0.06837099055913436,
hepg2,jurkat,raw,TMEM214,0.14548022489766255,0.6722367003105404,0.7594361969370216,0.20360911106959842
hepg2,jurkat,raw,BAP1,0.12015657171436378,0.7365227410983378,0.7805883845747756,0.1584686674368331
hepg2,jurkat,raw,MAP2K7,0.06377010363621242,0.6768414598887208,0.362195902240156,0.1287958530039053
hepg2,jurkat,raw,UXT,0.45121785464180647,0.6838334338453961,0.6763373905828961,0.6634824081643118
hepg2,jurkat,raw,SRSF2,0.20629332615080895,0.4323524461301446,0.22564221859956135,0.6604744735804378
hepg2,jurkat,raw,SHQ1,0.009126259282452911,0.1619564623452185,0.16987344368750273,
hepg2,jurkat,raw,MRPL37,0.4152956402240798,0.5179912177683514,0.6464479724598107,0.7176775891593462
hepg2,jurkat,raw,BGLAP,0.1343568569505329,0.26837920183327346,0.3187052257632949,0.4593998139057878
hepg2,jurkat,raw,NUP153,0.121158618966872,0.751758219663717,0.0,
hepg2,jurkat,raw,ZNF787,0.18684541739748112,0.7661399479826768,0.6916594652889253,0.25667421029397475
hepg2,jurkat,raw,KPNA6,0.19298634986485363,0.34197073320533106,0.6205036420912192,0.418947839116562
hepg2,jurkat,raw,SSU72,0.5718965018172337,0.8822794623074133,0.9275094002058389,0.6322010243947674
hepg2,jurkat,raw,HAMP,0.27154886980674214,0.1600441329581553,0.18135113238097417,
hepg2,jurkat,raw,WDR4,-0.027925400834328432,0.11832555817887273,0.0,
hepg2,jurkat,raw,MAGOH,0.19206963895299836,0.6974428433729813,0.562481443772001,0.3066551827472749
hepg2,jurkat,raw,GAB2,0.08351055637193394,0.12983547234136514,0.2005591887100803,
hepg2,jurkat,raw,SNRPD1,0.484291323014846,0.9132638879090403,0.20559778233818443,1.1176332980240675
hepg2,jurkat,raw,C16orf86,0.011858520408057025,0.0,0.18177259243908758,
hepg2,jurkat,raw,NUP107,0.35183591589855046,0.8667392167145862,0.24703559416669063,0.7603546050660086
hepg2,jurkat,raw,PMPCB,0.40958306450903126,0.9032926657768425,0.8919683972245666,0.4563026756193206
hepg2,jurkat,raw,DDX46,0.42880792608714985,0.8386371879972769,0.7449110570858698,0.5425297219800428
hepg2,jurkat,raw,GON4L,0.19422373805798598,0.2869989789953867,0.37584870172029294,0.5913649838003218
hepg2,jurkat,raw,PTPN1,0.0036273858692271728,0.09336768848563216,0.05637505499086973,
hepg2,jurkat,raw,PFN1,0.4702944640631534,0.6183330267761634,0.6692487221741106,0.7310799430313462
hepg2,jurkat,raw,ABCE1,0.4711049490398775,0.8864528744949753,0.8879142555825091,0.5310119882589558
hepg2,jurkat,raw,MRPS18A,0.2822864586531279,0.5597879017346671,0.5942778531319212,0.4894220349993386
hepg2,jurkat,raw,FOXS1,0.13685133533472532,0.2534564665187062,0.0,
hepg2,jurkat,raw,RPS27,0.2997976129099089,0.7218084689874962,0.760099761468986,0.40474536655493415
hepg2,jurkat,raw,PSMA4,0.2237916449977963,0.9718303870044501,0.2305733811373324,0.47276361775199205
hepg2,jurkat,raw,STAT5B,0.020957786542072764,0.7734358830403391,0.6781277290516695,0.028938599045380514
hepg2,jurkat,raw,TRAPPC11,0.20189388704096628,0.45533323497635847,0.5540329468777926,0.4019672754755552
hepg2,jurkat,raw,CSNK2B,0.4596204058899713,0.8722004958173808,0.8469310232123244,0.5347700994557413
hepg2,jurkat,raw,VPS54,0.09204078476745588,0.08130285934082009,0.31720635247560924,
hepg2,jurkat,raw,SDHAF2,0.1743198996412992,0.0,0.3297543124242532,
hepg2,jurkat,raw,MPHOSPH6,0.12623076717559056,0.7033907437931111,0.8037994820680899,0.16787770991004416
hepg2,jurkat,raw,CCT4,0.3739854702055708,0.9109589562982597,0.5749766524328114,0.5167496838604899
hepg2,jurkat,raw,SNW1,0.20453429886044058,0.09591026207877738,0.06978579570737901,
hepg2,jurkat,raw,TRNT1,0.4564216995228822,0.8778362322891482,0.9114834290145769,0.5102525031748991
hepg2,jurkat,raw,TBX1,0.23773626698800635,0.19168534255620914,0.6639558480276802,
hepg2,jurkat,raw,UBTF,0.15325573682070825,0.03570403863861582,0.521942010149688,
hepg2,jurkat,raw,CCDC78,0.03401845595529669,0.17024132093560976,0.8276742036954773,
hepg2,jurkat,raw,TPT1,0.499613736485051,0.9400727086763231,0.9253280113116039,0.53568044582393
hepg2,jurkat,raw,SRRM2,0.31552189504079103,0.2143322796554841,0.6616711500076956,0.8378467908276604
hepg2,jurkat,raw,HIST2H2BE,0.010297896928242303,0.0,0.11706917443899058,
hepg2,jurkat,raw,GFM1,0.49556167782675936,0.9241452666587979,0.9553911590432304,0.5273961849395711
hepg2,jurkat,raw,PPP1R37,0.31953259533053013,0.03215321542333962,0.7855522093027913,
hepg2,jurkat,raw,OTX1,0.05811607838260115,0.15966292991786885,0.04649519718614421,
hepg2,jurkat,raw,NARS2,0.10001321344008407,0.10558429756860216,0.13558745171127354,
hepg2,jurkat,raw,PHAX,0.5138722991049998,0.7653977338331738,0.8317059451567507,0.644060579103946
hepg2,jurkat,raw,PDCD6IP,-0.06164590674979151,0.0,0.12619544872583668,
hepg2,jurkat,raw,FBXO42,0.11353494320328515,0.23902965965323927,0.27844360106533794,0.440083442925281
hepg2,jurkat,raw,TMEM242,0.3944950694625138,0.7213456508897073,0.7169820104573426,0.5485493960332607
hepg2,jurkat,raw,DDX5,0.33937122436246153,0.7945516909016217,0.7768377158575438,0.4319652251318662
hepg2,jurkat,raw,SCAP,0.5400670525277387,0.7455200433072547,0.6909180830132304,0.7524969460852585
hepg2,jurkat,raw,BPTF,0.2720442838806707,0.7746274774855832,0.36801443448917986,0.5095194057880885
hepg2,jurkat,raw,PRKRIP1,0.07279421237989948,0.012828516147160506,0.0,
hepg2,jurkat,raw,RRP15,0.007845265359425297,0.36006949267959143,0.6671847320418285,0.016006317407666636
hepg2,jurkat,raw,WBP1,0.05691340353527949,0.0,0.1731350251538828,
hepg2,jurkat,raw,PCNX3,0.04466387073894768,0.09555178561001977,0.0,
hepg2,jurkat,raw,POLR1D,0.27669488162851835,0.895516345375282,0.7416236422379837,0.3395256456921119
hepg2,jurkat,raw,C5orf30,0.0036734432908963684,0.0,0.5122977075263394,
hepg2,jurkat,raw,MED28,0.19507625890876298,0.27453121522296037,0.3398179892990535,0.638683018434668
hepg2,jurkat,raw,ZMAT2,0.5095450438906626,0.9121425550029187,0.647693517829793,0.6629281296683182
hepg2,jurkat,raw,HIST1H2AE,0.0038294264288703324,0.0,0.2126650060292446,
hepg2,jurkat,raw,IMP4,0.45230163144457913,0.9329364661367155,0.877393057677303,0.49992519298047267
hepg2,jurkat,raw,CENPT,0.19204911240703879,0.5291199293044264,0.19814127216418465,
hepg2,jurkat,raw,GTF3C4,0.3255384281168617,0.8086949566750203,0.8692300450560307,0.38827777307202854
hepg2,jurkat,raw,GJA3,0.017081935638034996,0.045528257522041905,0.0,
hepg2,jurkat,raw,CPAMD8,0.012283209592534287,0.31804266651234037,0.11219900122881585,
hepg2,jurkat,raw,POP4,0.2212591092495943,0.8919786338575961,0.8295380388827966,0.2572206202181602
hepg2,jurkat,raw,SIRT7,0.3417017348446941,0.6998080876672896,0.8367582540640731,0.4465372593654676
hepg2,jurkat,raw,UBE2L3,0.4374285649889398,0.5112769304519869,0.674384635541034,0.7449467122050795
hepg2,jurkat,raw,ZBTB17,0.3227617865735051,0.593801908543282,0.8323642331786169,0.4590971651249499
hepg2,jurkat,raw,UBE2N,0.2327731511157413,0.27926370649338084,0.524696299964126,0.608095285016499
hepg2,jurkat,raw,DHX37,0.32281616726857015,0.6120408377379137,0.8851170924628974,0.438596046584974
hepg2,jurkat,raw,NLE1,0.15659790155318623,0.9319129989163224,0.905775007366859,0.17044649960267844
hepg2,jurkat,raw,LTBP4,0.05753870603307436,0.30541614763141256,0.4501066222705994,0.15518737683821757
hepg2,jurkat,raw,YPEL5,0.1399805495746793,0.2481447086989774,0.34825379504933207,0.4761757295751966
hepg2,jurkat,raw,NUBP1,0.3428179779004118,0.5553369510182959,0.5294100847260159,0.6322505243536763
hepg2,jurkat,raw,KPNB1,0.22738540718444636,0.823319264186714,0.14893083174319094,
hepg2,jurkat,raw,AAAS,0.14572378285308452,0.0928498661551849,0.18378599470792512,
hepg2,jurkat,raw,IPO11,0.44603413783890655,0.5979803232722624,0.7141244074066837,0.6825550970697484
hepg2,jurkat,raw,PCBP2,0.05358325096970718,0.14229451866612713,0.7559043659788095,
hepg2,jurkat,raw,RRN3,0.21397672243386154,0.7630737069021093,0.7911879237815986,0.2753870167316439
hepg2,jurkat,raw,CSE1L,0.5055580501719629,0.9728255413050091,0.6579064616814037,0.6319336357850794
hepg2,jurkat,raw,WDR70,0.5623795745141658,0.9373220394983464,0.8191908942802946,0.6417894390401431
hepg2,jurkat,raw,UFM1,0.30003246485956675,0.816122043910067,0.4476848174962425,0.49636884231265904
hepg2,jurkat,raw,THOC7,0.2933540309375636,0.4497461050394322,0.8227995704721761,0.4822378857405191
hepg2,jurkat,raw,ANKRD17,0.13087858149636536,0.6445133416183335,0.027013976514782014,
hepg2,jurkat,raw,RNF31,0.29055823888361043,0.5409212913259186,0.6943697203665419,0.47410088867841904
hepg2,jurkat,raw,LETM1,0.2173478663127515,0.5392188063563665,0.7583619845452618,0.3398870270483694
hepg2,jurkat,raw,INTS7,0.12066552275486571,0.7544189337980362,0.028840002828322518,
hepg2,jurkat,raw,NUDT15,0.1426448888029622,0.16056488267028435,0.4071430157393514,
hepg2,jurkat,raw,TUBB,0.3470178672088446,0.5921109657383941,0.43972496636570496,0.6800795596979261
hepg2,jurkat,raw,DPH6,0.032735755072348736,0.09002706299743303,0.006802468224313169,
hepg2,jurkat,raw,TIMM23B,0.48525948927781437,0.9708554588654021,0.9443032356726393,0.5068051383904415
hepg2,jurkat,raw,CT45A5,-0.059752482303881436,0.0,0.2849285659258834,
hepg2,jurkat,raw,EPS8L1,0.28455533225577556,0.29065313919773283,0.34282743936262833,0.9014495615413467
hepg2,jurkat,raw,INTS8,0.35919198214159737,0.9554414997568774,0.8684215672949549,0.39432951352584833
hepg2,jurkat,raw,RPL6,0.2378713247653837,0.9875750114936341,0.8260836100989626,0.2633571066444375
hepg2,jurkat,raw,BTF3L4,0.016872193613720235,0.12098897009595923,0.11149135549784014,
hepg2,jurkat,raw,PCBP1,0.5358444711782293,0.8007340816922872,0.88678185238825,0.6358961545652239
hepg2,jurkat,raw,SMN2,0.7040590784578862,0.9890099554862901,0.9756317489089974,0.7167468762968808
hepg2,jurkat,raw,RPUSD3,0.36775368515924867,0.35229652754658847,0.579099613517558,0.8141908446665469
hepg2,jurkat,raw,CIAO1,0.3247458492247708,0.44557840852762154,0.5007031115506643,0.6875295908424816
hepg2,jurkat,raw,SLC1A5,0.1328476685685505,0.0673018733232811,0.09323243803721377,
hepg2,jurkat,raw,SAE1,0.18571975114894249,0.7043118989134889,0.5504278264735437,0.2982808621239428
hepg2,jurkat,raw,COX11,0.0717275854906301,0.20845957107090962,0.6598407822321837,0.19339966380636991
hepg2,jurkat,raw,TWF1,-0.023213996209175698,0.0,0.0,
hepg2,jurkat,raw,TAF3,0.5629289979138499,0.813300294910367,0.8533761631591524,0.6757061972216201
hepg2,jurkat,raw,RBM10,0.3418253842452084,0.7766832938938569,0.5964998494649084,0.502200521741181
hepg2,jurkat,raw,NOL6,0.2813758360555323,0.9167396885020425,0.8409122206117244,0.32047078900890236
hepg2,jurkat,raw,POLR2A,0.25113773712461773,0.8222516160551696,0.2048277584132895,0.6119489624208247
hepg2,jurkat,raw,S100A1,0.06940600913672162,0.21686449703330823,0.4850132141146285,0.21400605333145814
hepg2,jurkat,raw,SMG5,0.7234073306427105,0.9537830575260505,0.9464928423935309,0.7613764446195398
hepg2,jurkat,raw,TAF1D,0.3134987305587061,0.5520115827715485,0.8264779157286009,0.46413686517753494
hepg2,jurkat,raw,TAF11,0.3711666745205641,0.41679202214345584,0.706612194202831,0.6839411167082431
hepg2,jurkat,raw,PABPC1,0.5326522919209852,0.8567680208278337,0.6253200219053693,0.7277144671366814
hepg2,jurkat,raw,PSMB6,0.35227975249496063,0.6740763098065334,0.6338647734643696,0.5389330804152134
hepg2,jurkat,raw,PARS2,0.20793839805737754,0.6050137141202876,0.6928048815520812,0.3211786104039157
hepg2,jurkat,raw,CCNC,0.32166991832728065,0.42795150272317695,0.7141937426042054,0.5818421113867432
hepg2,jurkat,raw,GTF2H4,0.4968458322428147,0.3834027172382961,0.8551997246211268,0.8676813877832132
hepg2,jurkat,raw,ZNF718,0.002205363069076052,0.046083383928527,0.17031039137638823,
hepg2,jurkat,raw,SNRPC,0.46016084978887617,0.9181339581388869,0.517768608742755,0.6674039656685434
hepg2,jurkat,raw,DYNLL1,0.3768772899185124,0.6014462188277331,0.5514506150458924,0.6544074820320137
hepg2,jurkat,raw,SPEN,0.20922155354369118,0.13190914901279108,0.6254121355182178,
hepg2,jurkat,raw,MLST8,0.17827391127340583,0.10417031223160698,0.12925011660793048,
hepg2,jurkat,raw,RPL8,0.22595679197499124,0.9616914321206436,0.8671781825032382,0.24743056985757592
hepg2,jurkat,raw,TOP1,0.2771052546653912,0.3523519035309383,0.8735168687626296,0.49948310421662884
hepg2,jurkat,raw,MCM3AP,0.13259319834811584,0.25817267937508137,0.523902027619116,0.3605297155772974
hepg2,jurkat,raw,STRAP,0.5116328026088919,0.7100304067669954,0.7979349602801681,0.6797295654389577
hepg2,jurkat,raw,CENPJ,-0.018161836757394804,0.9144960796862802,0.7857767120486265,-0.02142492286456455
hepg2,jurkat,raw,KDM6A,-0.03562463787319561,0.5418792042350992,0.10251944538109875,
hepg2,jurkat,raw,YRDC,-0.04043027103866273,0.0,0.3845397391180777,
hepg2,jurkat,raw,PPP6C,0.23824874432640125,0.833237015877357,0.9062554839695013,0.2741706862902744
hepg2,jurkat,raw,MED26,0.13115397152533834,0.5061341183612418,0.6307477587940062,0.23212439304752205
hepg2,jurkat,raw,DDX54,0.03659485542307027,0.8119450917565002,0.7446445888224498,0.04706327945616727
hepg2,jurkat,raw,SNAPC4,0.1446307980386169,0.2669493437491256,0.4278140596103157,0.42797542042904835
hepg2,jurkat,raw,ADAT3,-0.010867177820708469,0.0,0.28146315060510907,
hepg2,jurkat,raw,WTAP,0.2680860759548439,0.26141158553316446,0.9227460637953111,0.545846766067818
hepg2,jurkat,raw,PFDN5,0.24372878267726406,0.5135915542938174,0.3822355645375309,0.5500882092213414
hepg2,jurkat,raw,RPA1,-0.022804689734144946,0.8472021612683525,0.2094488979148397,-0.05413667775937817
hepg2,jurkat,raw,SART3,0.5577352965147585,0.943664914539534,0.8937540163488553,0.6073097066345445
hepg2,jurkat,raw,NUP98,0.01812452845766597,0.9451700963671927,0.0,
hepg2,jurkat,raw,RPL27A,0.1653846454957393,0.9306869081951905,0.6665643330848147,0.20997730073029466
hepg2,jurkat,raw,NUP43,0.0020084538886311425,0.22254793012828158,0.47079673896701735,0.0062048796553010235
hepg2,jurkat,raw,SRA1,-0.02586287731051742,0.0,0.3941481124449139,
hepg2,jurkat,raw,PSMG3,0.5585620045430821,0.72697430206368,0.718942899417521,0.7726177139303445
hepg2,jurkat,raw,DKC1,0.2627282558500575,0.5122010678227138,0.8068988115033005,0.40867399666223486
hepg2,jurkat,raw,CCDC6,0.24028567717037932,0.7307851414309187,0.6543468197235695,0.3474793753274399
hepg2,jurkat,raw,NARS,0.6196108810568703,0.9266823519342342,0.8261515968198463,0.708147483913074
hepg2,jurkat,raw,ARL6IP6,0.054648564766484845,0.28567466398736097,0.7115876052808126,0.12120728144962632
hepg2,jurkat,raw,DBR1,0.5462401323031989,0.8467545170747418,0.8718643797931274,0.6357412275518545
hepg2,jurkat,raw,ABCF1,0.498672743113079,0.8844278194595795,0.6807170414291146,0.64268937755568
hepg2,jurkat,raw,RPP40,0.2249678287433765,0.7842488833620493,0.7729374223210932,0.2889490660326342
hepg2,jurkat,raw,ANAPC2,0.01776131197757398,0.6351100332923946,0.0,
hepg2,jurkat,raw,CENPE,0.14596692340282164,0.5490147637835492,0.5063072492821447,0.27685691152526576
hepg2,jurkat,raw,PITRM1,0.37806073986998234,0.4319122891855453,0.5463781979257221,0.7782463967985368
hepg2,jurkat,raw,CDK9,0.3563052453352337,0.6207827501413293,0.7239927609901515,0.5314779897342244
hepg2,jurkat,raw,URI1,0.5400550324104699,0.9157595492390116,0.8956274693494324,0.5963257825100632
hepg2,jurkat,raw,NDUFA3,0.2838358924589176,0.658374121473262,0.8063058741108875,0.38956598150836574
hepg2,jurkat,raw,TRIAP1,-0.03897532103524734,0.3849382096334787,0.16119466315647132,
hepg2,jurkat,raw,BCS1L,0.1567683655400936,0.10672582595703595,0.2924990299150831,
hepg2,jurkat,raw,RACK1,0.543267335801045,0.6198720459808534,0.628408929766194,0.8704451182125944
hepg2,jurkat,raw,NBPF12,0.0069780371559511984,0.1276535940731571,0.31675242346300025,
hepg2,jurkat,raw,SMG7,0.6248430552529057,0.7559332921406886,0.8276534375185841,0.7899597239960544
hepg2,jurkat,raw,USP5,-0.060375178777844395,0.6257346428212904,0.0,
hepg2,jurkat,raw,SEM1,0.49225691648008474,0.8614900385850675,0.8407482658815024,0.5784072218168596
hepg2,jurkat,raw,GINS4,0.5294401205661832,0.7803338493171301,0.8846548226252882,0.6372204441365042
hepg2,jurkat,raw,EGLN2,-0.029217935228542928,0.0,0.05438814534954069,
hepg2,jurkat,raw,TSR1,0.4920413594497817,0.9224140336199891,0.873149832527559,0.5482697328220132
hepg2,jurkat,raw,HSD17B10,0.4067410926411676,0.8074335574848657,0.858788041497771,0.4884517380487438
hepg2,jurkat,raw,CCNA2,0.17388928631701514,0.27386591717656644,0.34153782087183643,0.5685706400954236
hepg2,jurkat,raw,TINF2,0.2884467201897341,0.4703046109730161,0.7364352159801727,0.4901270962294156
hepg2,jurkat,raw,SF3B4,0.49847271761721423,0.901510645125765,0.7037637735265997,0.625810016543126
hepg2,jurkat,raw,ATRIP,0.18947864381703866,0.598945071918255,0.6046650958775484,0.3148540758958676
hepg2,jurkat,raw,KANSL1,0.4313942357012296,0.6126716211413226,0.7728980815269683,0.6269015461141066
hepg2,jurkat,raw,MRPL35,0.5310958094960743,0.9451804097810097,0.9524311507962231,0.5597559559051571
hepg2,jurkat,raw,NUP62,0.12543246403496874,0.9180594950916522,0.1232879252646942,
hepg2,jurkat,raw,PKM,-0.08142558588061616,0.4963841722928006,0.3343243853421074,-0.1998793378863662
hepg2,jurkat,raw,IWS1,0.294267294019567,0.39149019500411275,0.5734740414039216,0.6210472868675992
hepg2,jurkat,raw,DCTN3,0.11644856062881698,0.5969855548000774,0.26318119467136253,0.2937817316846006
hepg2,jurkat,raw,NOLC1,0.5580651012858032,0.8841749224927308,0.82502779064583,0.6534035342958728
hepg2,jurkat,raw,TSEN2,0.6077554142663587,0.6820404476666125,0.8752086324476882,0.7866254167002086
hepg2,jurkat,raw,DNLZ,-0.055954510585627844,0.009256893572865122,0.0,
hepg2,jurkat,raw,ERVW-1,0.06676864169311311,0.0,0.26134392068482576,
hepg2,jurkat,raw,SMNDC1,0.3814564888750213,0.7125123707079787,0.6214377681532915,0.5732578102374917
hepg2,jurkat,raw,RPLP0,0.1991039769896346,0.9782360747088148,0.7549846839905234,0.2316802573912727
hepg2,jurkat,raw,RUVBL1,0.2663551361762755,0.9216912824171786,0.01220030073229717,
hepg2,jurkat,raw,EXOSC5,0.33693004121622677,0.904540942724417,0.909825476608041,0.3714039973070273
hepg2,jurkat,raw,UCHL5,0.22707302449596717,0.4131163497371684,0.3486520895529574,0.5983195819629903
hepg2,jurkat,raw,INTS5,0.29848176544504357,0.876381513997585,0.266355506645853,0.6177892696319103
hepg2,jurkat,raw,RARS2,0.1207517473907383,0.7025392499455738,0.6322313757626766,0.18118410931166073
hepg2,jurkat,raw,LRR1,0.3615517473141075,0.6522048995187222,0.5318729368577519,0.6138672861580858
hepg2,jurkat,raw,H3F3A,0.2646319952133201,0.21988399537233055,0.609777985068133,0.7227026895111617
hepg2,jurkat,raw,SF3A2,0.42568926092647585,0.8102585610048758,0.6096707580537265,0.6056660038913719
hepg2,jurkat,raw,RPS21,0.46033239918433144,0.7594208446788028,0.6090731781508364,0.6768548549420096
hepg2,jurkat,raw,SDHC,0.3210085952094789,0.4384229106048015,0.5946442318555906,0.6286970685412056
hepg2,jurkat,raw,MMGT1,0.010468844145971832,0.0,0.44520121580751204,
hepg2,jurkat,raw,GTF3A,0.5843628294644191,0.6673871766030074,0.7506487106993598,0.8256106431017276
hepg2,jurkat,raw,TADA1,0.1562142980832752,0.6016155472653518,0.3793053375375375,0.32701432626345817
hepg2,jurkat,raw,RPL41,0.6577382786913956,0.5650337746604961,0.8803278048005893,0.9325963335068487
hepg2,jurkat,raw,LONP1,0.21003252723837154,0.6807950491308823,0.7969707658696465,0.28513935846127053
hepg2,jurkat,raw,CCT2,0.24901128237894815,0.9212052209911368,0.21821286984344637,0.5553933162337937
hepg2,jurkat,raw,EXOSC2,0.4024977363048389,0.9185046736271819,0.9003905542534992,0.4425958034874469
hepg2,jurkat,raw,SEC61A1,0.5210710483650692,0.9170265354344034,0.5946973543593977,0.705599052686747
hepg2,jurkat,raw,SDAD1,0.0916394769270972,0.958168693391194,0.8896005438614287,0.09925767389436944
hepg2,jurkat,raw,SLC25A42,0.5133565657020251,0.9393305791915418,0.5800892998226032,0.6954444782678324
hepg2,jurkat,raw,TFDP1,0.3330479748439194,0.5795484183812365,0.4795715951529586,0.6317353926151333
hepg2,jurkat,raw,MAD2L1,0.3047926875580637,0.5595560058299552,0.5167181983298952,0.5668339891741994
hepg2,jurkat,raw,RPL35A,0.24405484157309668,0.9894201808373756,0.8903055786223187,0.2600324202389516
hepg2,jurkat,raw,MCMBP,0.385415361324279,0.8674865857237365,0.7225281668414162,0.4868220548132847
hepg2,jurkat,raw,OIP5,0.012767872853558286,0.0,0.0,
hepg2,jurkat,raw,RAB18,0.1831371144917147,0.0,0.47060323360400275,
hepg2,jurkat,raw,SAP130,0.26412341255490374,0.24496712857977265,0.6188691761787761,0.6783495915476313
hepg2,jurkat,raw,GET1,0.08482970590400518,0.0,0.0,
hepg2,jurkat,raw,CPEB1,0.15495762706178,0.8624604243834526,0.8002051644200493,0.18652742478078926
hepg2,jurkat,raw,PNO1,0.4472634560876962,0.8981155026428662,0.8211270158549896,0.5208253907319659
hepg2,jurkat,raw,PHF12,0.32487075388893616,0.5159703437755959,0.6363325210965326,0.5669649171502976
hepg2,jurkat,raw,ACTR1A,0.05218194364239577,0.09300788671566389,0.044745345926303366,
hepg2,jurkat,raw,RPS18,0.5482994795863119,0.9554041352088152,0.8812037769975303,0.597566304244132
hepg2,jurkat,raw,PDCD6,0.3768835388822747,0.3814394434464397,0.6106914377906546,0.7808784787121025
hepg2,jurkat,raw,PKMYT1,0.10366417422223936,0.506368357636589,0.3043109367950386,0.2640806816610153
hepg2,jurkat,raw,PPIH,0.24301461198975588,0.4072863661293276,0.6581917790968369,0.469360161534254
hepg2,jurkat,raw,ELP4,0.48813710720621706,0.46089658560761776,0.7420076222736577,0.834710534186173
hepg2,jurkat,raw,ZNF143,0.434748261923013,0.669103575793474,0.7222367608945169,0.6253906502908322
hepg2,jurkat,raw,MRPL28,0.2524615634046407,0.35090770377623515,0.5170125022156722,0.5927182415768902
hepg2,jurkat,raw,RCCD1,0.10321285992041929,0.44656857582772713,0.6495356885108499,0.19164090949615167
hepg2,jurkat,raw,GRSF1,0.09689603762512997,0.3384634970451122,0.505987372945941,0.23414250457893376
hepg2,jurkat,raw,HIST1H2BL,-0.0003666209631837063,0.0,0.1371221878144764,
hepg2,jurkat,raw,YEATS2,0.5912640671613145,0.5552369147181465,0.803343263445478,0.8853026051544174
hepg2,jurkat,raw,CWC25,0.25611637569623114,0.22456952582889486,0.45295858616047846,0.803031697611015
hepg2,jurkat,raw,CCDC174,0.30293609452310655,0.4823844601140277,0.25408381442262895,0.8652983339138861
hepg2,jurkat,raw,MRPL32,0.24266122919077457,0.39033944543183563,0.4100814911511288,0.606518551015601
hepg2,jurkat,raw,TXNL4A,0.31171874234865915,0.6372580590561037,0.46285886437893037,0.5739591112166086
hepg2,jurkat,raw,ZNF292,0.11850474131401102,0.0,0.4498472808611213,
hepg2,jurkat,raw,PHB2,0.2935927080854558,0.9344023930932783,0.7805811676603376,0.34377101721904196
hepg2,jurkat,raw,MASTL,0.024912193787814247,0.049050471251328935,0.2508358870880235,
hepg2,jurkat,raw,UBE2Z,0.04095666635626257,0.08118713157703349,0.1173382455866958,
hepg2,jurkat,raw,BTF3,0.5505926089752258,0.7518308922759321,0.9203029769973401,0.6619190503404346
hepg2,jurkat,raw,OGFOD1,0.4196332558537586,0.540034057763149,0.8737811753334228,0.6108829186353439
hepg2,jurkat,raw,ATP2A2,0.15993760824590467,0.36388135210670425,0.8793458961635644,0.28274232618279443
hepg2,jurkat,raw,CCDC86,0.03775711687498487,0.9182646564622607,0.7868324683538909,0.044419508983859324
hepg2,jurkat,raw,EIF3B,0.5747014386279389,0.979926428587759,0.926875218740347,0.603024439240944
hepg2,jurkat,raw,SNRPE,0.5408135842130268,0.8936258000805594,0.5595592925715962,0.7647978987281661
hepg2,jurkat,raw,RPL4,0.18688507122911635,0.9758786840650906,0.7114920805956808,0.22428057416899755
hepg2,jurkat,raw,RPL15,0.2242196268066904,0.9507636297864349,0.343107660490699,0.39257454689555027
hepg2,jurkat,raw,POLR2G,0.0808571352980679,0.9129412110287515,0.1122418088286698,
hepg2,jurkat,raw,EIF4A3,0.2527486301139929,0.9672695510475703,0.14596891796844208,
hepg2,jurkat,raw,MRPL36,0.6269673513221992,0.9563128833735363,0.9513809114469449,0.6573061654854092
hepg2,jurkat,raw,LIMS1,0.09274908067962066,0.1472589176470297,0.08045841426311623,
hepg2,jurkat,raw,NUP35,0.09315877230621156,0.010462541106095406,0.5674130096162595,
hepg2,jurkat,raw,SHC1,0.31623963646851533,0.33972431184081303,0.4135006022240857,0.8437521939395718
hepg2,jurkat,raw,HNRNPL,0.42530537124390555,0.8132310564697574,0.8322086218466226,0.5169848117062263
hepg2,jurkat,raw,SLC35G2,0.10899378584209315,0.21163237947639446,0.40505172254541705,0.37226777079776435
hepg2,jurkat,raw,SMG1,0.24563827426983828,0.1646081445137827,0.6434989958227367,
hepg2,jurkat,raw,HNRNPM,0.19713240911438507,0.1360714395671849,0.6649114915994243,
hepg2,jurkat,raw,MYCBP,0.04196001795762282,0.15758125679274204,0.2378770697218257,
hepg2,jurkat,raw,LENG8,0.21684822775225066,0.3162456771351414,0.1225616048394244,
hepg2,jurkat,raw,CXXC1,0.23249762730555915,0.7449453939779671,0.8017083160510889,0.3008486806661055
hepg2,jurkat,raw,SYNGR3,0.15409346990787162,0.3677125755271181,0.38100348504630627,0.4116854510861411
hepg2,jurkat,raw,PRPF6,0.48388008679873395,0.8619954339647237,0.40121330564992524,0.8228062909708416
hepg2,jurkat,raw,SENP6,0.06784547036720492,0.0,0.26633141539155614,
hepg2,jurkat,raw,VHL,0.06481029957128659,0.0,0.0,
hepg2,jurkat,raw,COX15,0.09596717182460959,0.20535304599698012,0.4696737699777084,0.3090110205363926
hepg2,jurkat,raw,PUF60,0.12614718207193926,0.8523518074144159,0.2710373124248312,0.2624542254374031
hepg2,jurkat,raw,GRWD1,0.04855392029819832,0.0,0.5732731926271103,
hepg2,jurkat,raw,MSRB1,0.06307114715687907,0.0,0.20911736965384037,
hepg2,jurkat,raw,MRPS28,0.29301081468954127,0.6739692232368186,0.6853312609629052,0.43113506505322113
hepg2,jurkat,raw,MBNL1,0.4037644023350435,0.5926510029838178,0.8855546950353387,0.5573407788088129
hepg2,jurkat,raw,WDR43,0.31039435679898136,0.9204956192934813,0.8447956397906665,0.3519874037131219
hepg2,jurkat,raw,MRPL13,0.1887037584880851,0.501304039766534,0.7088436951219463,0.3165590308417638
hepg2,jurkat,raw,ARID5B,0.09377287475703261,0.47285160335059984,0.8341781640382229,0.14930879433498462
hepg2,jurkat,raw,UBE3D,0.172292633409437,0.13706262789097468,0.24531736891746553,
hepg2,jurkat,raw,PRPF4,0.3480066443953907,0.9377589288383821,0.24068826616648578,0.7325115429222803
hepg2,jurkat,raw,RPAIN,-0.012971400032510287,0.37741349124565216,0.04751466464941206,
hepg2,jurkat,raw,SETDB1,0.03671276406617025,0.1817343246686196,0.4699239673656718,
hepg2,jurkat,raw,SUPV3L1,0.42380939284377234,0.7284737959960148,0.6940631083688162,0.5960245247075079
hepg2,jurkat,raw,ALDOA,0.22712278201603855,0.01968747212191531,0.8245550945646031,
hepg2,jurkat,raw,CHERP,0.4815211845124359,0.8018526561373912,0.8676528618576786,0.577291430564469
hepg2,jurkat,raw,SNRPB,0.4278340395660128,0.8563029251730622,0.5113782539959951,0.6465326971495844
hepg2,jurkat,raw,ESPN,0.1520362084164398,0.0,0.23050238331017742,
hepg2,jurkat,raw,CNN2,0.025449228514699614,0.02362293844863959,0.01969629062517257,
hepg2,jurkat,raw,BRIX1,0.17314466435518905,0.9242300883959476,0.8798526591701606,0.19200568420444084
hepg2,jurkat,raw,TUBE1,0.022944977415217702,0.0,0.15676386359327646,
hepg2,jurkat,raw,UTP18,0.45290758124859143,0.8329250056538209,0.6518230579897124,0.6146696650386311
hepg2,jurkat,raw,NSA2,0.0809965094341089,0.9189793708757331,0.8126420620190337,0.09372679645228729
hepg2,jurkat,raw,CDK6,0.03233707905140275,0.24065388961881062,0.058233325376612105,
hepg2,jurkat,raw,PDCD11,0.32353805250878664,0.9584062127474947,0.9180071474432053,0.34492726559007036
hepg2,jurkat,raw,IK,0.1465262778402214,0.5583231779248933,0.324563679867651,0.3442094025557755
hepg2,jurkat,raw,EIF3CL,0.6810473131818157,0.98287820513447,0.9755526358137351,0.6955079173087847
hepg2,jurkat,raw,SRSF11,0.07786546414298082,0.21306650014084183,0.46809348373558773,0.24655907548272418
hepg2,jurkat,raw,THOC6,0.16204238385141936,0.09252691972260105,0.3173415739255984,
hepg2,jurkat,raw,SETD1A,0.40243355931467556,0.9231255557215862,0.5957611255255741,0.5426598895287924
hepg2,jurkat,raw,MED11,0.4712905017307444,0.7931127912188823,0.8022208577112322,0.5908459124676909
hepg2,jurkat,raw,DDX42,0.020578702692067685,0.0,0.18764631908626905,
hepg2,jurkat,raw,SNRNP48,0.547824175255854,0.6092374677578174,0.8190475344799931,0.7755205988504494
hepg2,jurkat,raw,NEMF,0.10438555107201176,0.055209143269961986,0.0,
hepg2,jurkat,raw,BRCA1,0.20091583019399234,0.6084103054219072,0.5395793038029384,0.35066161906841076
hepg2,jurkat,raw,WBP11,0.2268114065576378,0.6893760052886677,0.3095214293089812,0.49101125728788964
hepg2,jurkat,raw,SLC39A10,0.21346100474029672,0.05202469146001361,0.30957752665825744,
hepg2,jurkat,raw,PPP2CA,0.07086815959696711,0.08371831542810347,0.835702469214245,
hepg2,jurkat,raw,LAMB1,0.22994679818939456,0.2558914700019295,0.8558692655186416,0.49135541511855657
hepg2,jurkat,raw,CMTR2,-0.08701519181418915,0.5417348407550265,0.13633325621183676,
hepg2,jurkat,raw,SUGP1,0.24716024302423475,0.766203046164029,0.6045594674982139,0.36315093201457904
hepg2,jurkat,raw,NELFA,0.3725094158430045,0.7871910488974023,0.836866385963248,0.4589539576209205
hepg2,jurkat,raw,PI4KA,0.25120215334674184,0.45739574599173427,0.8615715892580437,0.4001581002983483
hepg2,jurkat,raw,RBM14-RBM4,0.3474586228570023,0.805135827857243,0.8640434620946745,0.4165822136383545
hepg2,jurkat,raw,CRCP,0.07071950257118408,0.27668193891910053,0.005862785944851563,
hepg2,jurkat,raw,KAT7,-0.0142067811202332,0.636706379150824,0.6898010398123959,-0.02143700782999678
hepg2,jurkat,raw,STAG2,-0.05947545910487798,0.017485972259886014,0.3090069812891691,
hepg2,jurkat,raw,PSMG2,-0.06074735128298138,0.14744851660952568,0.03514964642306207,
hepg2,jurkat,raw,NMD3,0.21626516503263982,0.9552309174161103,0.8593717576317791,0.23869418952960667
hepg2,jurkat,raw,UPF1,0.4104227233498305,0.7126513555218329,0.5768357931612956,0.640127875278238
hepg2,jurkat,raw,DPY19L4,0.20302031999259756,0.17913889623725174,0.513471117552205,
hepg2,jurkat,raw,CENPK,0.21836835143538325,0.27386413618866656,0.37347795334229295,0.6827938941302437
hepg2,jurkat,raw,CPSF1,0.4879316004183158,0.6997829027027447,0.8663234081203066,0.6266676230484781
hepg2,jurkat,raw,TEX10,0.11479326153295724,0.9556231018180291,0.8949733465495603,0.12412750454918402
hepg2,jurkat,raw,CEBPZ,0.11527178865984994,0.9669803756859771,0.7849785342147814,0.1323077583842991
hepg2,jurkat,raw,DIMT1,0.4880478664617967,0.8528348373892881,0.8916154655255936,0.5596817630132914
hepg2,jurkat,raw,THOC1,0.07125293151721097,0.6164968574232099,0.0,
hepg2,jurkat,raw,RPS3,0.5701882815890493,0.9268963146210265,0.8294883099938754,0.6502757743035823
hepg2,jurkat,raw,TONSL,0.35570705354291055,0.7306850495514534,0.3636498885781626,0.6900580666405075
hepg2,jurkat,raw,EIF2B1,0.607711285365893,0.9289304133839276,0.9374247030753825,0.6512346703938899
hepg2,jurkat,raw,SLC2A8,0.3226217438583832,0.6240320744222703,0.5753284538829532,0.5384337215204424
hepg2,jurkat,raw,PPP1R11,0.29332741049667527,0.5717215266330824,0.4000522207301578,0.6133410511460181
hepg2,jurkat,raw,NUB1,0.33195424676368895,0.3679346380569092,0.6333547393345933,0.6876530588439239
hepg2,jurkat,raw,ARF4,0.1785758015550592,0.49284232050881166,0.0,
hepg2,jurkat,raw,ZMYM4,0.06396847487048866,0.19623721962293406,0.0,
hepg2,jurkat,raw,MED14,0.5743097750600781,0.8929220155164335,0.9146542906110258,0.6354932688132494
hepg2,jurkat,raw,TERF2,0.15669557620327396,0.8829524572239945,0.6096905466032732,0.21356660572835998
hepg2,jurkat,raw,EDC4,0.2527537421895211,0.40337360282753976,0.6781642320835891,0.4832550677912016
hepg2,jurkat,raw,CSTF1,0.18697745949571984,0.8978516233358452,0.0,
hepg2,jurkat,raw,THAP1,0.12127099518937291,0.9274542064637911,0.749583283560873,0.14544565691076392
hepg2,jurkat,raw,FNTA,0.3007280839394209,0.8225548242045637,0.451403251594829,0.4935250699934015
hepg2,jurkat,raw,XRCC6,0.5437792493115661,0.6785610697556439,0.8427692065442146,0.7190744065804644
hepg2,jurkat,raw,TKT,0.15079961416527315,0.3208747639080702,0.36151231801298006,0.44276256972905315
hepg2,jurkat,raw,BCL2L1,0.04985290144701266,0.013499773869140452,0.17961646431632491,
hepg2,jurkat,raw,COG3,0.12614638057460048,0.24397029725035213,0.36547766084650773,0.42245056778247414
hepg2,jurkat,raw,KIF11,0.0399816372112183,0.41489800702278673,0.15787824077810508,
hepg2,jurkat,raw,EIF2S2,0.35423340174638823,0.8956958043279732,0.3779128855483108,0.6088543170540991
hepg2,jurkat,raw,EIF6,0.23149805108808807,0.8785226961582691,0.8522575150078695,0.2675379694749018
hepg2,jurkat,raw,EXOSC9,0.44498522173227467,0.8683983939811347,0.7263509385198499,0.5602899482649777
hepg2,jurkat,raw,HSPA5,0.4752323473261231,0.9512359607921578,0.42546946380194456,0.7470121503316601
hepg2,jurkat,raw,ASF1B,0.06829554354676996,0.08036490188559628,0.0,
hepg2,jurkat,raw,COX7C,0.4110870300802327,0.7969760659255228,0.7098551346780807,0.5465454349599219
hepg2,jurkat,raw,GTF2B,0.1689271828644888,0.22961665485471663,0.46637068645820257,0.5162169067290304
hepg2,jurkat,raw,ZDHHC7,0.48650795128692637,0.8719681804275438,0.8622058224891013,0.5610920927238164
hepg2,jurkat,raw,DCTN2,0.14236174553393613,0.6588891938139537,0.2279318316467538,0.3673538719065377
hepg2,jurkat,raw,RAB4B,0.12224316264732624,0.2990713464734207,0.7833719247101466,0.2525533728845093
hepg2,jurkat,raw,WDR36,0.2829315569460429,0.8267957490945131,0.8046105937514991,0.3468880977173457
hepg2,jurkat,raw,FBLIM1,-0.038870568747065175,0.0,0.09344551170554927,
hepg2,jurkat,raw,SF3B1,0.3349513943454569,0.7879802051591515,0.32477346770454013,0.6621156680045741
hepg2,jurkat,raw,NAF1,0.05858531884442057,0.5064076751418964,0.7372757222524852,0.09587904323494745
hepg2,jurkat,raw,USP39,0.1231559025547769,0.8599780878040508,0.291484728167106,0.24598217413262252
hepg2,jurkat,raw,QRSL1,0.1391867330158353,0.3029171521638887,0.25867911780173813,0.4972275950452039
hepg2,jurkat,raw,NAA50,0.21342064850211812,0.40607659571321647,0.6927054424550444,0.4024001699999384
hepg2,jurkat,raw,SCAF1,0.33883491298343993,0.8207773778119766,0.35474747110841365,0.6279366184090476
hepg2,jurkat,raw,RNASEH2C,0.3629062967011827,0.42615152373430376,0.7152781349095093,0.6573172143273877
hepg2,jurkat,raw,UMPS,-0.03381752646350861,0.21550140727495012,0.4490824349708848,-0.10870605841339241
hepg2,jurkat,raw,DDOST,0.48188397709856096,0.5569951592500647,0.7103703954265961,0.7660803955221424
hepg2,jurkat,raw,ARFRP1,-0.0288182128429619,0.0,0.17982342474607937,
hepg2,jurkat,raw,GOLT1B,0.12946430148402308,0.0,0.48497384069220417,
hepg2,jurkat,raw,ZNF133,0.09773203087982141,0.1934031354793926,0.07907544546778361,
hepg2,jurkat,raw,NOC3L,-0.0213823712852509,0.9397079861859485,0.9062128683825112,-0.023170974275031373
hepg2,jurkat,raw,AC118549.1,0.22546641502718134,0.057564024065902976,0.8573969731651998,
hepg2,jurkat,raw,HSD17B12,0.04196461430130876,0.22869223998691207,0.0018765649519781977,
hepg2,jurkat,raw,DDX51,0.2548294448710858,0.958330420043738,0.866400287581854,0.2796614964647045
hepg2,jurkat,raw,ARCN1,-0.056836291338829566,0.877947303667671,0.0,
hepg2,jurkat,raw,COPZ1,0.0008853428670222548,0.08910868214135009,0.0,
hepg2,jurkat,raw,SPRTN,-0.01392505137957867,0.05942215432203791,0.0,
hepg2,jurkat,raw,TUBG1,0.2117552989823559,0.6394724687038245,0.07713589089312461,
hepg2,jurkat,raw,POU3F1,0.34993542212364287,0.8079431944078883,0.8794422925119744,0.4151392715996285
hepg2,jurkat,raw,EIF2B4,0.5955438990795615,0.9342548649217537,0.8087206083528073,0.6851439716078273
hepg2,jurkat,raw,ABT1,0.32880972977507633,0.8444902256829495,0.8311492293649789,0.39247124526137117
hepg2,jurkat,raw,TRAIP,0.11489348248515115,0.10192406680313715,0.093347098158408,
hepg2,jurkat,raw,MON1A,0.16218223003492155,0.3625898283035393,0.22047175787000078,0.5736129889465698
hepg2,jurkat,raw,SRSF7,0.12749525514660376,0.8512073527933379,0.12445226082375047,
hepg2,jurkat,raw,FOLR3,-0.011654518480556243,0.6355984994687417,0.2873938146922301,-0.027268684977352655
hepg2,jurkat,raw,RRM2,0.12224866186107873,0.8273841015298534,0.15027109390438056,
hepg2,jurkat,raw,NAA35,0.15816405338214648,0.3019042494424158,0.6994743600777155,0.3441813023831144
hepg2,jurkat,raw,PSMC2,0.3285207806701365,0.9282893974334925,0.10941567384623216,
hepg2,jurkat,raw,ARPC4,0.4044771445461943,0.47147582498153456,0.7780084752108608,0.6678395085191066
hepg2,jurkat,raw,DPH3,-0.04379435346068166,0.0,0.4202326352495384,
hepg2,jurkat,raw,RPL36,0.2163470377835168,0.9835575956722501,0.8665704274173747,0.2343414553886832
hepg2,jurkat,raw,INO80D,0.08282944360675162,0.09223694574149288,0.2007569335210037,
hepg2,jurkat,raw,RAE1,0.408220261314349,0.7653485289775251,0.2627793903744017,0.910268009399116
hepg2,jurkat,raw,OR1E2,0.05518160477557014,0.0,0.09262345102798908,
hepg2,jurkat,raw,NSUN4,0.06886064319438304,0.0,0.16224499641277873,
hepg2,jurkat,raw,TPX2,-0.007901853059862766,0.8724263301162208,0.08247637683461126,
hepg2,jurkat,raw,MRPL23,0.27574517785964475,0.4555587153995347,0.24762593260821947,0.8209896544373956
hepg2,jurkat,raw,THOC3,0.3324855213542072,0.4243533849110642,0.770241672391097,0.5815611635871255
hepg2,jurkat,raw,LTBP3,-0.03759420632845544,0.0,0.34876006498394735,
hepg2,jurkat,raw,HNRNPH1,0.407606934868951,0.3547181096192062,0.7259789701508367,0.8032261951920592
hepg2,jurkat,raw,DHX8,0.5628234491400329,0.8059304285125518,0.7974263964584417,0.7020662612487348
hepg2,jurkat,raw,SF3B3,0.5557327146929679,0.9827556869978714,0.6827910187855141,0.6784209967927084
hepg2,jurkat,raw,CNOT10,0.26594536587918466,0.6696444673690992,0.6415761935981306,0.4057384486111997
hepg2,jurkat,raw,RPL17,0.2507251233860989,0.9793827995742429,0.8092839021723304,0.28162497528498365
hepg2,jurkat,raw,COA5,0.13928959213354833,0.45587486427070784,0.6213901938409967,0.26170597944768387
hepg2,jurkat,raw,SLU7,0.5490987699369153,0.9571280465176979,0.7721160715661666,0.6387400580280805
hepg2,jurkat,raw,LSM4,0.5176794641254318,0.8375487290902727,0.8118692775764076,0.6277877565636831
hepg2,jurkat,raw,METTL23,-0.01859993603091008,0.2881954188608303,0.007727875885361043,
hepg2,jurkat,raw,CAST,0.2669076665740092,0.3514648121780999,0.6775281109477177,0.5469611292222935
hepg2,jurkat,raw,VPS29,0.3213829608568589,0.3816720860483044,0.6431873146816578,0.6486477456280724
hepg2,jurkat,raw,ZNF687,0.11740931135328983,0.11965971465626087,0.2751470676043231,
hepg2,jurkat,raw,LRRC37A3,-0.00890917654035577,0.0,0.06382653794842855,
hepg2,jurkat,raw,DTYMK,0.1664930282490475,0.1919192234554051,0.5205258612307121,
hepg2,jurkat,raw,ZNF131,0.010930819512807865,0.26308563515044114,0.08572239095594393,
hepg2,jurkat,raw,SS18L2,0.23447137453722192,0.26573822556569243,0.40736589737330514,0.7126404661240523
hepg2,jurkat,raw,GARS,0.44643177390412886,0.7454925209775398,0.7694510646059467,0.5894445400454055
hepg2,jurkat,raw,MRPL38,0.41269683467942203,0.6428525778513209,0.7417212267821044,0.5976612365884896
hepg2,jurkat,raw,LRP5,0.17865758340222812,0.24339111797126958,0.7389915092098219,0.42125917046088074
hepg2,jurkat,raw,PLK4,0.10534183136699247,0.788154050675857,0.5156471313900133,0.16524145305437485
hepg2,jurkat,raw,MRPL16,0.34496574864671004,0.727773710680584,0.6668892880820356,0.4951661222256005
hepg2,jurkat,raw,GTF2E2,0.6675973478665427,0.934323570744605,0.9678796397846609,0.7020293561457492
hepg2,jurkat,raw,MED22,0.18933281402064225,0.9413165911454865,0.7074610010415946,0.2320100410683399
hepg2,jurkat,raw,NXF1,0.0241293507077747,0.18000769042337605,0.06869337836090057,
hepg2,jurkat,raw,ZNF335,0.08944161396389584,0.7183813697956087,0.4240358409177417,0.16205439500461408
hepg2,jurkat,raw,MCL1,-0.06128470387303677,0.0,0.06862729192862885,
hepg2,jurkat,raw,CHCHD4,0.39154576444396527,0.8764929031604856,0.8187292915030985,0.4622087514703193
hepg2,jurkat,raw,NFYC,0.4162147382093821,0.9063726351770024,0.6276992615848266,0.5518083312112104
hepg2,jurkat,raw,SASS6,0.14068966853665557,0.2886543297158538,0.0,
hepg2,jurkat,raw,HIST2H2AC,0.026713368091363574,0.007972316174119897,0.0,
hepg2,jurkat,raw,SNRNP27,0.42563445979346376,0.7215119788731427,0.8141683888898122,0.5553386376495575
hepg2,jurkat,raw,NUP133,0.09658036313878283,0.7699243634112716,0.2228156845040507,0.23318033581339148
hepg2,jurkat,raw,PET117,0.2817905468800845,0.33842367248250466,0.7327878425247387,0.565857302835706
hepg2,jurkat,raw,MRPS17,0.18204520107936925,0.5370031519628754,0.44677912689601285,0.37165876546376714
hepg2,jurkat,raw,POLR1E,0.09327074764155174,0.933792305952396,0.8647894654450511,0.10379229551944315
hepg2,jurkat,raw,PSTK,-0.08089445875355508,0.0,0.33466878785985815,
hepg2,jurkat,raw,MRTO4,0.27174102535403166,0.3384113773894877,0.6211192654670498,0.5927140634135472
hepg2,jurkat,raw,PSMA3,0.16094473461029749,0.9391142631035853,0.0626573040418341,
hepg2,jurkat,raw,CCAR1,0.29987911850003524,0.31433992992928406,0.5988962324924775,0.6911473688362665
hepg2,jurkat,raw,NUDCD3,0.3332038728143792,0.866851206958892,0.5227484269724432,0.49498426581271043
hepg2,jurkat,raw,ANAPC11,0.23374873418535022,0.5130944505850685,0.4446488238338992,0.48937528803793445
hepg2,jurkat,raw,YARS2,0.2729403158299592,0.39627498901426766,0.49905329075991517,0.6137562061258577
hepg2,jurkat,raw,CHORDC1,0.07562221759273773,0.3935812583224012,0.41950362848209877,0.18610770044583283
hepg2,jurkat,raw,CHMP6,0.5566019252156648,0.9015202149128066,0.9107773649553732,0.614258047654535
hepg2,jurkat,raw,MBIP,0.29266303370589664,0.3623383175649627,0.6592217746500715,0.5988181654040803
hepg2,jurkat,raw,MRPL34,0.4292404563979003,0.9478013749551756,0.9658169827832808,0.4486364566885903
hepg2,jurkat,raw,GSDMA,0.018249084789384664,0.07802947101455383,0.2089786260488013,
hepg2,jurkat,raw,GLB1,0.27645069862006205,0.7964593210103164,0.7578659140981105,0.3558276602115484
hepg2,jurkat,raw,HIST1H2AB,-0.03390279900697848,0.0,0.29009157528372165,
hepg2,jurkat,raw,DHX15,0.3829892188347546,0.9478498423708407,0.6613317096130823,0.48373454656159137
hepg2,jurkat,raw,ZNF207,0.2694869509809403,0.7257538549364692,0.1659144974295887,
hepg2,jurkat,raw,RPP21,0.2845626361561432,0.21551619803727637,0.6896877302656886,0.738093986578733
hepg2,jurkat,raw,PREB,0.28896105081301815,0.3353616201282175,0.6768615314213253,0.6065026633402092
hepg2,jurkat,raw,PSMC5,0.392417659192913,0.9767675828686446,0.26715101040283495,0.768200372520041
hepg2,jurkat,raw,PTCD1,0.13052109551015756,0.3027851774806286,0.8146041198278853,0.2628089213498139
hepg2,jurkat,raw,CLOCK,0.7829670566990339,0.837834613192784,0.9545776114951434,0.8755051765415512
hepg2,jurkat,raw,INTS12,0.13643083452241803,0.22600764862042072,0.3563036176699258,0.480773864949269
hepg2,jurkat,raw,GTF3C1,0.027789454231541864,0.29872240640568176,0.8244006098975529,0.05599857373350756
hepg2,jurkat,raw,DNMT1,0.1292821763661645,0.8166835783699358,0.9399833845327094,0.14755422674363902
hepg2,jurkat,raw,POLR1C,0.086454120171275,0.1679369371910314,0.565803331373131,
hepg2,jurkat,raw,VPS37A,0.07256225048780292,0.0,0.5336517118458726,
hepg2,jurkat,raw,RPS23,0.6370548785297719,0.8532263072331473,0.8519131293331793,0.7472175633109202
hepg2,jurkat,raw,GIT2,0.18229868313223632,0.11981202970653264,0.3828012707332891,
hepg2,jurkat,raw,SRP9,0.5967076918089259,0.5565253510117127,0.7768468354189048,0.9075100840851313
hepg2,jurkat,raw,CPSF3,0.5583288858237602,0.9133301659311086,0.9597626345988725,0.5963404616499538
hepg2,jurkat,raw,RTRAF,0.7087427251333195,0.7391867763263466,0.8237340480058346,0.9082763602859819
hepg2,jurkat,raw,ISCA2,0.3482101456617439,0.5040036719757681,0.6635498068015194,0.6021265912248476
hepg2,jurkat,raw,DDX19A,0.024697784462285276,0.0,0.0,
hepg2,jurkat,raw,EXOSC3,0.3983636535814198,0.8682920249361321,0.8647789969524499,0.4597208850417702
hepg2,jurkat,raw,ATF4,0.3593327735241144,0.0901018157797066,0.6035365285178881,
hepg2,jurkat,raw,C7orf26,0.40462633300489925,0.7338659338646206,0.8460310350730134,0.5135144060882285
hepg2,jurkat,raw,RPL32,0.32423716451513673,0.9827468061535106,0.8366674825693664,0.35757366602953283
hepg2,jurkat,raw,PIAS4,0.09211575621770868,0.6823683693056094,0.2514434050997212,0.22238441778637386
hepg2,jurkat,raw,RNMT,0.5975664684609805,0.6388126321371936,0.8410235434122453,0.8152586120901999
hepg2,jurkat,raw,MCEE,0.3194017980457541,0.694599293007366,0.6554517220666717,0.4733690221479612
hepg2,jurkat,raw,POLR2D,0.2473845086290155,0.8524620680613052,0.05392107111180393,
hepg2,jurkat,raw,BRCA2,0.3133685285676097,0.5800523873064939,0.5312907123061237,0.564489225817868
hepg2,jurkat,raw,DHX33,0.0186844896695882,0.5568541317762241,0.6693140032783031,0.03060522393753223
hepg2,jurkat,raw,EFTUD2,0.27961625585565725,0.8475765697308172,0.34101682510846976,0.5200978295270285
hepg2,jurkat,raw,POLR3A,0.10722195595722273,0.1623699346820697,0.5452479577823015,
hepg2,jurkat,raw,PDHA1,-0.02475519299801306,0.3309049264753736,0.39569413566844985,-0.06841241052256362
hepg2,jurkat,raw,PDCD5,0.5395372175685597,0.7056581247027899,0.7757725640974855,0.7292174063171892
hepg2,jurkat,raw,GPS2,0.14858023304581164,0.29529850259665263,0.2980933419263263,0.5007884164949659
hepg2,jurkat,raw,IFITM3,-0.03170679451064039,0.13630356802814025,0.010045972729495175,
hepg2,jurkat,raw,UTP20,0.4202271551051096,0.8404470546223972,0.8594628555585554,0.4944420260578573
hepg2,jurkat,raw,SNRNP35,0.33720700377291885,0.7089307213899421,0.39716707594765616,0.6354890448037415
hepg2,jurkat,raw,MED4,0.5913923334609613,0.9435471034802765,0.9096472643404894,0.6383478330707243
hepg2,jurkat,raw,PPP1R2,0.2544149264377326,0.36740939139821527,0.4870428692469751,0.6014283091382844
hepg2,jurkat,raw,DNAJC19,0.0011920312506388726,0.0,0.04703117290963584,
hepg2,jurkat,raw,DDX47,0.5841403351116653,0.9703624065980849,0.9576024438496895,0.6059790237873158
hepg2,jurkat,raw,CCNL1,0.08718846972578416,0.10622581924609933,0.41432728350943177,
hepg2,jurkat,raw,PSMD12,0.23054011546113123,0.8100808173486485,0.11162817546937008,
hepg2,jurkat,raw,SRF,0.2390966170436154,0.3470118137565223,0.4909119945703884,0.5792945991219722
hepg2,jurkat,raw,HNRNPC,0.22234035623108514,0.8244811148407445,0.43758317072270214,0.3701669457037392
hepg2,jurkat,raw,LZTR1,0.16323714782695797,0.14834248860923846,0.589877710109312,
hepg2,jurkat,raw,NOMO3,0.3362543487090355,0.29736434468367384,0.5542744671471244,0.828249202533553
hepg2,jurkat,raw,ORC3,0.0028133131118349168,0.04239899196197172,0.05996424306952398,
hepg2,jurkat,raw,EIF1AX,0.35821753668743306,0.39558952396846514,0.47939830030611896,0.8225763276771925
hepg2,jurkat,raw,SLC25A10,0.4367343861334599,0.6818809446404963,0.7434108442682088,0.6134069103971468
hepg2,jurkat,raw,THAP11,0.28912631595441757,0.5682913447757085,0.659640167677558,0.47222454293562927
hepg2,jurkat,raw,ANAPC5,0.021313909357119673,0.633826821948815,0.0,
hepg2,jurkat,raw,MNAT1,0.5368169983121572,0.5742575483435918,0.833682917402988,0.7758405090625033
hepg2,jurkat,raw,ZRSR2,0.11929107057778689,0.5080471874326875,0.23728160225115286,0.34357683708288467
hepg2,jurkat,raw,MRPS6,0.29671331224431335,0.6075672294574588,0.7165379811907201,0.44969727219765804
hepg2,jurkat,raw,METTL3,0.5805163172360115,0.7191273686782967,0.8983338192121914,0.7222584771236402
hepg2,jurkat,raw,HMGN2,0.1893263368392776,0.192640933128594,0.15514188048439378,
hepg2,jurkat,raw,C1QTNF4,0.0043400192761594986,0.17961476017137612,0.0,
hepg2,jurkat,raw,POP7,0.29419930800397487,0.7932449114274327,0.8223628483569895,0.36425561773773757
hepg2,jurkat,raw,PSMC4,0.26146895103577944,0.9129376979936104,0.2555359296706524,0.5413442993456096
hepg2,jurkat,raw,IRF2BP2,0.0001747206911695759,0.0,0.21235409872221403,
hepg2,jurkat,raw,DSTYK,0.2681559376001941,0.35312261270552786,0.5834807895375542,0.5907603949557801
hepg2,jurkat,raw,KCMF1,0.21210277823495155,0.16651868943147513,0.5044481451704796,
hepg2,jurkat,raw,UBQLN4,0.4036564799818375,0.5800846038720432,0.4823079389638529,0.7631397121886614
hepg2,jurkat,raw,ZC3H13,0.5165949635366971,0.9028025686495407,0.8832397729866281,0.5785147895273166
hepg2,jurkat,raw,PSMD9,0.14928834479722233,0.2739093452089753,0.1328909101933035,
hepg2,jurkat,raw,RAC3,0.4838665778792517,0.6418398219714272,0.7748830425249414,0.6861107395229427
hepg2,jurkat,raw,SPATA5L1,0.1688305334271282,0.6111338541006506,0.43125866135295676,0.3288621609511583
hepg2,jurkat,raw,CENPA,-0.008865092432397989,0.0,0.021520572679192385,
hepg2,jurkat,raw,EIF4G2,0.49584405491392536,0.4351331919645373,0.839007001805808,0.820637222110592
hepg2,jurkat,raw,SMARCC1,0.3539647074021874,0.5914013129590742,0.6673698833177859,0.5634242275049473
hepg2,jurkat,raw,RPF1,0.0366471424507227,0.9246269399624674,0.7957937290453085,0.04272249312928993
hepg2,jurkat,raw,CCT7,0.29694277446480966,0.9321473089650326,0.5920369342727372,0.39972019114133167
hepg2,jurkat,raw,RPL24,0.2659476948691539,0.971504488989892,0.6259043600884746,0.34105139958547515
hepg2,jurkat,raw,RPL29,0.4597860712711832,0.6343156419145396,0.6894738461947749,0.6952551295825019
hepg2,jurkat,raw,PSMB2,0.3616258843554622,0.9603869419812954,0.34212379085967,0.6308770772455166
hepg2,jurkat,raw,WDR33,0.17396560378192838,0.8028512513906074,0.44498567956812524,0.2910535005470072
hepg2,jurkat,raw,RPL26,0.14124436164702345,0.9544191137958782,0.9039883750437282,0.15206180217111984
hepg2,jurkat,raw,RTEL1,0.12318481894039435,0.0,0.6732404060247272,
hepg2,jurkat,raw,PSMD13,0.4012253453243407,0.6300764679801285,0.841760983740305,0.5509311565765639
hepg2,jurkat,raw,CASC3,0.5932390556345949,0.6365955944447113,0.8310394662656573,0.8156185526434636
hepg2,jurkat,raw,TAF6L,0.23082081981299288,0.2858122417899626,0.4763957081966691,0.625533604950265
hepg2,jurkat,raw,PRC1,-0.03281953811770489,0.23005365088211577,0.0,
hepg2,jurkat,raw,STT3B,0.06804684860621726,0.09642271192140772,0.1653260973806098,
hepg2,jurkat,raw,PNPT1,0.377479481648639,0.7193464249453465,0.8814101243717463,0.47406215657483836
hepg2,jurkat,raw,YJEFN3,0.10955700271338746,0.13666318627283486,0.0004477308708528555,
hepg2,jurkat,raw,EIF1,0.4849538381700982,0.4136621353076692,0.794332783280332,0.8460115121085279
hepg2,jurkat,raw,DYNLRB1,0.20807288951864675,0.5115632307550656,0.3285371031328643,0.5075439155701639
hepg2,jurkat,raw,ZNF574,0.10246850980714362,0.6886509273196534,0.3480934137706085,0.2092873355311426
hepg2,jurkat,raw,GTF2F2,0.5305336911966236,0.8496789513420527,0.8413617982705363,0.6274717014583995
hepg2,jurkat,raw,IARS,0.5308125028165747,0.7620296398664036,0.8141196729297863,0.6739242547115321
hepg2,jurkat,raw,AP2M1,0.11729023516724049,0.37626638817092983,0.1278770806254661,
hepg2,jurkat,raw,TUBA3D,-0.012341358349940228,0.0,0.09646667897482955,
hepg2,jurkat,raw,SRP72,0.43075704575130264,0.862709282690188,0.8902783003726834,0.49151554792735336
hepg2,jurkat,raw,NAPG,0.06334584566548979,0.17806099615984958,0.5148275548001562,
hepg2,jurkat,raw,CDT1,0.24650151183529315,0.7951593477278462,0.342854858044222,0.47210364014485773
hepg2,jurkat,raw,PPP2CB,0.19376763654548204,0.0,0.7983148603134914,
hepg2,jurkat,raw,NOB1,0.33548298346965594,0.6633687929195086,0.8287110839755718,0.45247168228805335
hepg2,jurkat,raw,ACTR8,0.3551833482310776,0.6280069506245409,0.7674979989919917,0.5116014253377884
hepg2,jurkat,raw,TPI1,0.18622490221528473,0.35222990024481576,0.6438648194162212,0.3910455040034698
hepg2,jurkat,raw,GINS1,0.5327918252493709,0.8305797931041499,0.9295815556009973,0.6063496387565702
hepg2,jurkat,raw,TRAPPC1,-0.03985293569884307,0.44582472642628795,0.26194174442336593,-0.11662076471875342
hepg2,jurkat,raw,BUB1B,0.20246418089773158,0.2312115247149192,0.31507308479987584,0.7501322020388207
hepg2,jurkat,raw,MBTPS2,0.48116299318287004,0.5294243790564871,0.8046399965405062,0.737206985336695
hepg2,jurkat,raw,ANKLE2,0.0672052219816586,0.016632161106739665,0.04577710135752877,
hepg2,jurkat,raw,TAF2,0.40948863476600317,0.8367379181499165,0.7336449766306589,0.5226418149625838
hepg2,jurkat,raw,MRPS18B,0.19794640629387594,0.2397447352023808,0.4566288369003455,0.5982619950691197
hepg2,jurkat,raw,NUP88,0.2859046471813445,0.7742449936004736,0.0,
hepg2,jurkat,raw,PPP2R1A,0.053559018934352484,0.5755482675456858,0.6652475207877967,0.08655658338960139
hepg2,jurkat,raw,TGS1,0.27983497840990434,0.2646273762347048,0.7857355610187144,0.6136862728751245
hepg2,jurkat,raw,MCM7,0.1715321022930437,0.3684713715664261,0.4412832835995125,0.42538757131376853
hepg2,jurkat,raw,PABPN1,0.4622587995838787,0.7504955043225024,0.5416823520133526,0.72500131848966
hepg2,jurkat,raw,C9orf78,0.19049932198255565,0.4045215355237031,0.2858078051794224,0.5602547771123421
hepg2,jurkat,raw,RPRD1B,-0.0007591270263985195,0.0,0.6594089193862382,
hepg2,jurkat,raw,RPL7,0.2777472533728803,0.9821085227529637,0.8910876146169394,0.2968997482165532
hepg2,jurkat,raw,WDR26,-0.024980255450301476,0.4593803001443419,0.6745845835524564,-0.04487376256092256
hepg2,jurkat,raw,ARPC1B,0.21746796662897708,0.599679906650042,0.3910017358457405,0.44910325463611245
hepg2,jurkat,raw,POLR1A,0.06565515594711394,0.8738194842582363,0.7980165344180039,0.07862343794950538
hepg2,jurkat,raw,RPTOR,0.22477491090176652,0.07526740321546371,0.7377981898311544,
hepg2,jurkat,raw,MYO1H,0.1017131846705191,0.0,0.10561055095214249,
hepg2,jurkat,raw,EARS2,0.32387430747676194,0.5391501655126747,0.40456582707781846,0.6934689621488194
hepg2,jurkat,raw,FAM207A,0.06960998396179154,0.0551542439328073,0.26246219063443493,
hepg2,jurkat,raw,ZFP69B,0.07080136841730827,0.0,0.15881620218953438,
hepg2,jurkat,raw,UTP23,0.42025248618797817,0.8691270865792495,0.8851580812778903,0.479135367391454
hepg2,jurkat,raw,PTPMT1,-0.00024115674375230897,0.0,0.25591226015707397,
hepg2,jurkat,raw,TMX2,0.3063974419382743,0.6662209908870549,0.8528239300256822,0.40648665297793024
hepg2,jurkat,raw,TWSG1,0.23378695144735828,0.6545854464215844,0.5735346733466286,0.381555093914834
hepg2,jurkat,raw,EIF4G1,0.5548532705240516,0.7720728246887818,0.8499695541091442,0.6849318034026076
hepg2,jurkat,raw,IPO7,-0.020679103808618576,0.708866687692986,0.8574187049744182,-0.02652485098328573
hepg2,jurkat,raw,NCAPG2,0.03661389886225369,0.4721752904749131,0.0,
hepg2,jurkat,raw,ZNRD1,0.10832142386100437,0.7901435145223925,0.8103653203258198,0.13536953798102275
hepg2,jurkat,raw,EXOSC7,0.3860195929467422,0.6670009694711069,0.8394869029597147,0.5158686705727774
hepg2,jurkat,raw,COX5B,0.41346584872895054,0.3647820668923384,0.6046980160547305,0.8803464797482808
hepg2,jurkat,raw,TSR2,0.5192911643646078,0.9645594296195739,0.9440391864241505,0.5441910898476392
hepg2,jurkat,raw,LSG1,0.11957751607494796,0.9669769588586842,0.8648070388760117,0.1307620910813313
hepg2,jurkat,raw,NUP85,0.2825951106342538,0.7161658580496729,0.2560817634362349,0.6598853871027714
hepg2,jurkat,raw,LAMTOR1,0.4497121101642136,0.6401474158751249,0.798689434194337,0.6289347842682678
hepg2,jurkat,raw,MED7,0.43332446094266813,0.8807421858540918,0.6726667450199599,0.5629746339235537
hepg2,jurkat,raw,GPS1,0.14842562695997027,0.9374414087122409,0.8810846275402706,0.16331572884477671
hepg2,jurkat,raw,RPS8,0.6133897322259653,0.9304190078835065,0.8881051440738044,0.6747843816659564
hepg2,jurkat,raw,FAM136A,0.6723117730347368,0.8199653621934991,0.8574410235760314,0.8018088285507852
hepg2,jurkat,raw,TTK,0.15230798005675378,0.8445504265740607,0.017830211183313002,
hepg2,jurkat,raw,VPS35,0.4611172573041796,0.488355082653636,0.8206824623084821,0.7283765303010157
hepg2,jurkat,raw,NDUFA4,0.25889149932043376,0.3760485194999669,0.5985149395681997,0.5457055257016182
hepg2,jurkat,raw,FASTKD5,0.38509044499876627,0.2783779368657264,0.7669812141452529,0.8333989972326508
hepg2,jurkat,raw,PSMA1,0.16386665592845037,0.9119427993594423,0.0,
hepg2,jurkat,raw,ZNF84,0.37890306890773934,0.8851410427371114,0.35434838666312546,0.6765605233548634
hepg2,jurkat,raw,SNTB2,0.0812106937625271,0.23874450073941023,0.7519481593555701,0.19166931108830057
hepg2,jurkat,raw,POLR2I,0.5344914104203768,0.9567525564515142,0.7062801574603669,0.6502081547244015
hepg2,jurkat,raw,DLD,0.3111670643372443,0.9009388828336833,0.4570932664072569,0.4848903548375412
hepg2,jurkat,raw,CEP97,-0.012233757215801945,0.0,0.0,
hepg2,jurkat,raw,NKAPD1,0.26638915494091064,0.32327436264365267,0.6427562514639639,0.5843966980574308
hepg2,jurkat,raw,CPSF4,0.5349926288571859,0.8215652902792583,0.8811159784247976,0.6287966488492387
hepg2,jurkat,raw,PARN,0.17464289290257268,0.2630690588130843,0.3310726824796151,0.5917719249600879
hepg2,jurkat,raw,ATP5F1B,0.26024008345447164,0.6565906114310889,0.6127682819354334,0.41027845996311363
hepg2,jurkat,raw,C12orf60,0.14025569508214905,0.0,0.2736617277246181,
hepg2,jurkat,raw,FARSA,0.5566746363045151,0.8773207655560605,0.8949305929736621,0.628242846663296
hepg2,jurkat,raw,SMU1,-0.07285185397835207,0.8081854059563813,0.022704208676718844,
hepg2,jurkat,raw,PSMD14,0.4382681924038384,0.9395937744922057,0.3182849487401458,0.8014230632425
hepg2,jurkat,raw,NIP7,0.03910174407938087,0.5961977239268328,0.7619057413447546,0.05801634285869744
hepg2,jurkat,raw,RPS14,0.5366817172477312,0.8779468116016848,0.8616495996194652,0.6170457316649274
hepg2,jurkat,raw,E2F6,-0.019369964110774456,0.20871043772163542,0.1296347041210428,
hepg2,jurkat,raw,TBPL1,0.14780426394394933,0.2061284870716326,0.7123308425610904,0.3857243721034248
hepg2,jurkat,raw,PRIM2,0.11214754850381789,0.783171494034383,0.019027819815205373,
hepg2,jurkat,raw,RPP14,0.31451921621476825,0.8966603597898016,0.8740690473933999,0.3552714666121655
hepg2,jurkat,raw,DHFR,-0.01420271147443823,0.0,0.13162172864617555,
hepg2,jurkat,raw,EIF2B5,0.6372219817621085,0.9709811322009014,0.9166868664593782,0.6754214500718404
hepg2,jurkat,raw,WDR7,0.30261509440126805,0.5461833498349371,0.5041133833297491,0.5767096849010204
hepg2,jurkat,raw,SLC35B1,0.45919105623459244,0.5069596314383774,0.6959176144680878,0.7730860147235423
hepg2,jurkat,raw,UBA52,0.2765925218510373,0.8978343413716727,0.6133234519940514,0.37273274008863405
hepg2,jurkat,raw,NAA15,0.14545195017029106,0.49481368069829657,0.4891176617066686,0.29565962832612086
hepg2,jurkat,raw,LARS2,0.25354526368177305,0.2226310416706142,0.4070729678193861,0.8422218636072445
hepg2,jurkat,raw,TARDBP,0.5131901627221546,0.8222501720361605,0.9667257286770055,0.5756051855095115
hepg2,jurkat,raw,ATP6V1A,0.35088991245957646,0.8354428352047744,0.618786128264196,0.48802517858067457
hepg2,jurkat,raw,SKA1,-0.0316718173763038,0.3255153741853008,0.17297293323955393,
hepg2,jurkat,raw,MRPL42,0.3360795039166548,0.4495368323121366,0.7188202893448894,0.5912201448502113
hepg2,jurkat,raw,ZW10,0.16016908562387536,0.35310877850103195,0.36491039025977806,0.44620180657022257
hepg2,jurkat,raw,EEF2,0.34562904333286903,0.6644338196089696,0.7940101595619328,0.47585138164666074
hepg2,jurkat,raw,POLR2F,0.3492693370471126,0.84431503533262,0.497368227561058,0.5389756922418262
hepg2,jurkat,raw,FOXO1,0.01647464281242407,0.01806067117624075,0.6785817353000154,
hepg2,jurkat,raw,MRPL11,0.33334935699577567,0.5457646721698778,0.2877106215623777,0.8412381586886611
hepg2,jurkat,raw,POLR3B,0.5146257729883963,0.6749521697624231,0.7979089640793653,0.7012588599853128
hepg2,jurkat,raw,SNX15,0.05589964110367016,0.21229537584620717,0.3878449617018616,0.19480929523994747
hepg2,jurkat,raw,MRPS34,0.38676912678312875,0.7277765934438885,0.7583798776488576,0.5206062258167219
hepg2,jurkat,raw,RABGGTA,0.505355124234766,0.9608519540408034,0.7453771300487958,0.5971458290579778
hepg2,jurkat,raw,RPL36A,0.30244244879154536,0.8112589636553587,0.8327511319156535,0.3679640376766452
hepg2,jurkat,raw,ZC3H4,0.2403154375534753,0.5713457820003638,0.4946078185798341,0.4520658167668869
hepg2,jurkat,raw,SDE2,0.11469234397799076,0.011959042870274763,0.3590243683959313,
hepg2,jurkat,raw,NDUFA6,0.30079272055108297,0.6626065947325712,0.5278178431976702,0.5086246580590154
hepg2,jurkat,raw,ARL2,0.3170062617616295,0.47340708277862914,0.3166269455104953,0.8187975406685285
hepg2,jurkat,raw,FBXO5,0.12726557418203677,0.34250685730031927,0.09204624666092065,
hepg2,jurkat,raw,TRPM7,0.006016726265131905,0.0,0.14913685692218503,
hepg2,jurkat,raw,TTC27,0.23236785496808549,0.5225955661652517,0.28640627011057174,0.600622957095685
hepg2,jurkat,raw,PIAS1,0.10300304341278922,0.20697193365926164,0.40035435912875944,0.3578261268220955
hepg2,jurkat,raw,CUL3,0.2134097905689441,0.2663309423244197,0.5735271604563233,0.5460426076509312
hepg2,jurkat,raw,RBM33,0.09633771236934215,0.4622038636677241,0.735586099244137,0.1652200642930378
hepg2,jurkat,raw,LSM5,0.47950079580040833,0.8946943924346832,0.6004200363210246,0.6542208581494042
hepg2,jurkat,raw,CHMP5,0.09156236656461463,0.04917481248095793,0.2154392670069182,
hepg2,jurkat,raw,NUP214,-0.029798616028362836,0.5199531366344998,0.0,
hepg2,jurkat,raw,SLC7A5,0.22997174671449558,0.0,0.48236774671395005,
hepg2,jurkat,raw,CHTF18,0.14651084396409775,0.053122653823474225,0.7988966638717979,
hepg2,jurkat,raw,TXNL4B,0.13801523907413224,0.0,0.6536845158963385,
hepg2,jurkat,raw,DDX27,-0.034088911647280305,0.9227112043878318,0.8693319656015815,-0.038061632716867334
hepg2,jurkat,raw,NPM3,0.02204483604830908,0.2320404020383416,0.1909265782894103,
hepg2,jurkat,raw,PSME2,0.4493366778236648,0.2936727662329545,0.49489243577955355,1.178649360942751
hepg2,jurkat,raw,MED10,0.5217900690746644,0.667619800449753,0.7201942836215232,0.7524997671696733
hepg2,jurkat,raw,NDUFB3,0.43609320676563446,0.3987036859134001,0.6959576111588028,0.8278712518800645
hepg2,jurkat,raw,RPL7L1,0.13342484375055272,0.9523638847801519,0.8004228482067055,0.1528183496960852
hepg2,jurkat,raw,H2AFZ,0.52132613432872,0.7261188357792673,0.7746769317207963,0.6950968712047619
hepg2,jurkat,raw,SRP54,0.3965821668325677,0.9140616472414914,0.7994888665983528,0.4639158681344278
hepg2,jurkat,raw,RAMAC,0.45399207156078797,0.5490826340219368,0.8415526860414667,0.6678651146108926
hepg2,jurkat,raw,SMG6,0.3986599133400243,0.0,0.7296788711445521,
hepg2,jurkat,raw,MRPL51,0.36518576452433565,0.6574939484501872,0.6478865365323315,0.559523694007781
hepg2,jurkat,raw,SERF2,0.3469910876659434,0.541252525016862,0.7726135960775957,0.5365833337128503
hepg2,jurkat,raw,DESI1,0.30290489117444386,0.2337133802813918,0.7542164564579725,0.7214670407001966
hepg2,jurkat,raw,ERCC2,0.4609105036078802,0.442992607040598,0.8640618485956904,0.744982294186015
hepg2,jurkat,raw,CDC42,0.22450550434760222,0.7778525532554393,0.39925292508384136,0.40286013992066266
hepg2,jurkat,raw,MOK,-0.05827237360244439,0.20406832297297442,0.26813535263240007,-0.24911384894083627
hepg2,jurkat,raw,WDTC1,0.16525242675136578,0.3139903285119623,0.7128271251891146,0.34929920846729484
hepg2,jurkat,raw,NOL8,0.16166037352178425,0.9664324583043258,0.9073476019473723,0.17263584554545258
hepg2,jurkat,raw,CNOT3,0.30394384220415915,0.6044181541609644,0.9547689561839015,0.4001063593621909
hepg2,jurkat,raw,OR2T5,0.0990573301107139,0.3521659907817629,0.025268372319430223,
hepg2,jurkat,raw,WDR82,0.25242626560966874,0.4237035729029165,0.6636510351683288,0.47602919748920286
hepg2,jurkat,raw,VPS51,0.007995352707504264,0.150805853237303,0.1159784218579328,
hepg2,jurkat,raw,LDB1,0.16905209093609386,0.0,0.5336551749674813,
hepg2,jurkat,raw,RSRC2,0.07231372895813958,0.18894035505577483,0.27250683897384487,
hepg2,jurkat,raw,YARS,0.612851007398208,0.8048206146065909,0.8114563848819579,0.7583553719133799
hepg2,jurkat,raw,LTB4R2,0.09264571343227572,0.05854568347274495,0.0,
hepg2,jurkat,raw,NIFK,0.15944002385487102,0.9624175536173508,0.9043531167180929,0.17090177095098488
hepg2,jurkat,raw,GMPS,-0.02742924532139389,0.6383114623776313,0.452874044845852,-0.05101628399178953
hepg2,jurkat,raw,TVP23C,0.05295148496058734,0.07645430389143303,0.06134608620696261,
hepg2,jurkat,raw,ARRB2,0.14273621945581105,0.5283483863959072,0.14835109364056032,
hepg2,jurkat,raw,NAA25,0.18915684681376022,0.4088776277747083,0.8153326584202994,0.3276106206317897
hepg2,jurkat,raw,SERPINB1,0.31776848884333947,0.5135008645096268,0.8146974306386494,0.49129468499807316
hepg2,jurkat,raw,MCM6,0.483712125798123,0.9133048856430457,0.9209947444155347,0.5274126086665601
hepg2,jurkat,raw,MED6,0.4509370695834383,0.7004966366676946,0.7089022389998916,0.6399112376764723
hepg2,jurkat,raw,NDUFA2,0.15873696447256952,0.748435500639421,0.02579197581394211,
hepg2,jurkat,raw,NCKAP1,-0.00030649248159765125,0.17255952079724815,0.47687785739984695,
hepg2,jurkat,raw,GPN3,0.509355626188385,0.9297487140410264,0.9104681256088669,0.5536125686010243
hepg2,jurkat,raw,EIF4H,0.35975358707649663,0.4060292877430715,0.6692175081141636,0.6901489078697721
hepg2,jurkat,raw,SNIP1,0.4740823954773697,0.7675541816327733,0.7693349420904143,0.6169380814740076
hepg2,jurkat,raw,SURF6,-0.014826453508052872,0.9314718852587771,0.8266330630994948,-0.016896471441280477
hepg2,jurkat,raw,MYBL2,0.4493924619249379,0.844856025444432,0.26103527750647754,0.9569402645817848
hepg2,jurkat,raw,ABCB10,0.2722042583082367,0.8247795177326765,0.7538803469028729,0.3452031662115705
hepg2,jurkat,raw,POGLUT3,0.1628152704497802,0.23506011201191565,0.6831776861471154,0.40629252203617855
hepg2,jurkat,raw,RBM17,0.3755587761250418,0.7245810589514751,0.5509991748118538,0.5943728349600619
hepg2,jurkat,raw,POLR3F,0.3119396431766135,0.48468070543493375,0.7456117656387327,0.5189031763326379
hepg2,jurkat,raw,BOD1L1,0.350022925825691,0.4797254693389217,0.5293338516029131,0.6946007825009084
hepg2,jurkat,raw,AHCY,0.2793085748348595,0.2545114863061161,0.5838398856929519,0.7245755827027439
hepg2,jurkat,raw,POLRMT,0.7249451038644642,0.7884126786870119,0.9352232407676347,0.8442492351662853
hepg2,jurkat,raw,C9orf16,0.6038731855540819,0.510156052118464,0.6780129707792136,1.0267748510017813
hepg2,jurkat,raw,RNF103,0.02988427884080376,0.0,0.31258828779148434,
hepg2,jurkat,raw,GNL3,0.16227460843605274,0.9643834207166398,0.8669451945764142,0.17747201499163817
hepg2,jurkat,raw,TRAPPC3,0.017471891204683638,0.3572045534408187,0.031002084465399118,
hepg2,jurkat,raw,ELP3,0.6345814780540079,0.792010090122292,0.8566370761256406,0.7704129974935731
hepg2,jurkat,raw,FBRSL1,0.442118981569183,0.8260172766664235,0.7431812918715124,0.5642833177655121
hepg2,jurkat,raw,RPS29,0.5560345574298753,0.9052975344921924,0.7871387212182267,0.6586890995344052
hepg2,jurkat,raw,MAD2L2,0.3909935412583554,0.5864547497185272,0.5229617329871371,0.7060206015548354
hepg2,jurkat,raw,ESF1,0.2951321621883518,0.47492667149720047,0.8664379903771862,0.46008123081420815
hepg2,jurkat,raw,GRB2,0.024325367164762707,0.0,0.2004191962021778,
hepg2,jurkat,raw,IMPDH2,0.3629288754532459,0.587502588245705,0.7583184618071199,0.5437394158073735
hepg2,jurkat,raw,RBM12,0.14731652711060217,0.5132476514881931,0.5473081240673736,0.2779534310550808
hepg2,jurkat,raw,TNPO3,0.49259504226203304,0.8690514978845111,0.877256175990406,0.5641623025536285
hepg2,jurkat,raw,ACTB,0.3717173709117265,0.6631024632313627,0.8144890675277869,0.5058012595853372
hepg2,jurkat,raw,KTI12,0.24609558811380342,0.5010498273012111,0.5560754498580718,0.466226020923204
hepg2,jurkat,raw,RPS4X,0.38591428031280106,0.7530554601963197,0.8247522886036045,0.4896836502378296
hepg2,jurkat,raw,PRDM4,0.09332736301367564,0.159030707326055,0.4572779211578857,
hepg2,jurkat,raw,SRRT,0.33561085516956163,0.7158903981472099,0.8841872915341547,0.42183304355707213
hepg2,jurkat,raw,MEN1,0.03020960938195942,0.28404043206396334,0.4544813866676061,0.08408082741318076
hepg2,jurkat,raw,UQCC2,0.23343510732734477,0.5323718553716095,0.35704330861320605,0.5354244250692933
hepg2,jurkat,raw,RPL18A,0.2170223615246822,0.9471772845868137,0.44955859168896245,0.33257966906790504
hepg2,jurkat,raw,SUPT20H,0.23639888212969815,0.6815136290333763,0.6607672578293665,0.35227667492861775
hepg2,jurkat,raw,PELO,-0.05244814302371162,0.12641849013777798,0.26971753814841987,
hepg2,jurkat,raw,RPL23,0.2551463315299854,0.9850499940252465,0.8836946793996838,0.27346961046842605
hepg2,jurkat,raw,WDR18,0.25845507625576164,0.9013282236795206,0.7436784569360787,0.315682844172169
hepg2,jurkat,raw,ORC6,0.45929571640639816,0.5769451561647986,0.7264068562891685,0.7094718393166017
hepg2,jurkat,raw,PWP2,0.49173619994134726,0.9109777858765247,0.8301237885451976,0.5654664694325244
hepg2,jurkat,raw,HIPK1,0.2439465845446388,0.3958743847031385,0.6905898755959018,0.4665583192494678
hepg2,jurkat,raw,POLR2E,0.1676305923152811,0.9232617216884057,0.0,
hepg2,jurkat,raw,ROMO1,0.3575897209447587,0.406428838847522,0.3636333141178933,0.9301670177685042
hepg2,jurkat,raw,INTS14,0.3137410989866283,0.7835523963429647,0.8818104917161673,0.3774415969528688
hepg2,jurkat,raw,MKRN1,0.05375260024523684,0.14792898644843513,0.282827238689266,
hepg2,jurkat,raw,PPA2,-0.007875292189895676,0.19382104159084285,0.0,
hepg2,jurkat,raw,INF2,0.16686362537381388,0.19154010392103765,0.4613169872848092,
hepg2,jurkat,raw,ARHGAP6,0.3369218604804161,0.7001421294811709,0.830792709560659,0.44176341464222607
hepg2,jurkat,raw,SLC39A7,0.5232284764404382,0.7534176695350717,0.826351204990042,0.6631184923254598
hepg2,jurkat,raw,PSMB4,0.16458106524366287,0.6603391429920081,0.3103182532428273,0.3635738901632054
hepg2,jurkat,raw,ACIN1,0.051885106714326286,0.4516866625498916,0.5364211151577117,0.10540741152234517
hepg2,jurkat,raw,NAGLU,-0.09743837346764403,0.0,0.15934628491766445,
hepg2,jurkat,raw,CBFA2T3,-0.09966476999031236,0.0,0.1660620785256573,
hepg2,jurkat,raw,WDR5,0.389136743918738,0.8002204304228346,0.8759211419299325,0.4647987148649183
hepg2,jurkat,raw,POLL,0.5018578600977596,0.8232023699261292,0.7121484642927394,0.6554539022549242
hepg2,jurkat,raw,FAM229A,-0.0005707681932902113,0.007062980908155862,0.0,
hepg2,jurkat,raw,TRRAP,0.3724078212971739,0.5582486794343187,0.809412180343312,0.5540131503277883
hepg2,jurkat,raw,MTOR,0.30218553927458,0.394828469544622,0.8668149092385269,0.516542739332068
hepg2,jurkat,raw,PAM16,0.40282074197388806,0.9294757390549488,0.9043243649022239,0.4393702829613517
hepg2,jurkat,raw,EMC1,0.13951845127962598,0.436034609238814,0.6101162580603079,0.2704985035598657
hepg2,jurkat,raw,RPS9,0.6878118807444723,0.9568423343875329,0.9062555002061627,0.7386252578000417
hepg2,jurkat,raw,RPL10,0.22955944782742543,0.9520022609493651,0.7821762926319686,0.266025860865992
hepg2,jurkat,raw,TPR,0.3036780405530537,0.7642566250894473,0.41172180571544276,0.5413670859945712
hepg2,jurkat,raw,FBXL14,0.19708171191149063,0.778914870019964,0.9064809385906639,0.23454273787660773
hepg2,jurkat,raw,CDK1,0.5596465749808641,0.8748684578777483,0.925172898250494,0.6220582004582552
hepg2,jurkat,raw,BORA,0.07363267630576531,0.1787139689100501,0.06089184831568836,
hepg2,jurkat,raw,TADA2A,0.3684030578205841,0.24637660768099454,0.722850540062984,0.8729698321935854
hepg2,jurkat,raw,EIF1AD,0.2551409298225016,0.18428632078345997,0.4613731730148125,
hepg2,jurkat,raw,PTCD3,-0.04818063594439652,0.27850916575097207,0.6374065894920194,-0.11435219553788524
hepg2,jurkat,raw,NBAS,0.33465891640349577,0.5826623333975688,0.6573554625552012,0.5407465913886094
hepg2,jurkat,raw,SPTSSA,-0.03582490540642966,0.0,0.005083742033670771,
hepg2,jurkat,raw,ZC3H3,0.407597144384483,0.26986804560016725,0.7665930980433037,0.8961339860758698
hepg2,jurkat,raw,CCDC130,0.36026378525355984,0.25720264536405474,0.7748953308471891,0.8069773964489803
hepg2,jurkat,raw,NELFB,0.3581792734470851,0.7749144684209389,0.8778761150664941,0.43426712126869654
hepg2,jurkat,raw,DERL2,0.4751347084494565,0.8597014636464234,0.6386600023400496,0.6412214834055717
hepg2,jurkat,raw,NFS1,0.26326089391267354,0.8130009291636389,0.0,
hepg2,jurkat,raw,INTS4,0.5595485486412204,0.8451378641997199,0.806452235334347,0.6777736315237717
hepg2,jurkat,raw,LSM7,0.5395799528979492,0.8560263216833238,0.8599793777359669,0.6288806439206546
hepg2,jurkat,raw,RRP7A,0.41531001279937024,0.8921296753931339,0.8097352569574944,0.4886376020536284
hepg2,jurkat,raw,ATP6V0C,0.07387842537611648,0.8302870375209622,0.2205866351109583,0.17262905916269664
hepg2,jurkat,raw,IARS2,0.25022863976368326,0.8738711784546763,0.7150397198156473,0.3165543046105279
hepg2,jurkat,raw,ZNF284,0.057854067273040696,0.0,0.0,
hepg2,jurkat,raw,HIST1H2BC,-0.022670035863024723,0.0,0.10882819322710802,
hepg2,jurkat,raw,RELL2,0.08653887643006668,0.21396504755620954,0.6765882884414945,0.22744562999897128
hepg2,jurkat,raw,RFC5,0.1551781466425123,0.29721782780611267,0.5589246681480765,0.38072946964825083
hepg2,jurkat,raw,SETX,0.10738288503627608,0.0,0.5711205506736275,
hepg2,jurkat,raw,RPL23A,0.26307477299670884,0.9759583443250692,0.8413407475292448,0.29032043239446376
hepg2,jurkat,raw,MLLT6,0.33036252677847133,0.7738842356711435,0.919770962344476,0.39157317444632056
hepg2,jurkat,raw,TBCA,0.55076045675964,0.4651602262221742,0.7116850605866647,0.9572327310682619
hepg2,jurkat,raw,PGAM1,0.4301817834407257,0.5579654672171167,0.8397422529068687,0.6284566878658029
hepg2,jurkat,raw,H2AFX,0.017203060542869738,0.0,0.0,
hepg2,jurkat,raw,TP53I13,0.42476342469848777,0.5530601065354559,0.49068292998763474,0.8153807839988478
hepg2,jurkat,raw,CD3EAP,0.08056859120148514,0.8802529849309947,0.8398792880151928,0.09370301841383309
hepg2,jurkat,raw,RBMX2,0.5927652820252199,0.9408969959794565,0.9376341380964335,0.6310953972799227
hepg2,jurkat,raw,DDX11,-0.003557810890580675,0.11202419345180538,0.14565733962088404,
hepg2,jurkat,raw,DDX10,0.40529982929916053,0.9387007298027753,0.8953351338048587,0.4420995059661629
hepg2,jurkat,raw,MRPL27,0.4857123615739711,0.8274128838722771,0.8129396135139456,0.5922279142092282
hepg2,jurkat,raw,HAUS6,-0.0060291933426347855,0.14307814481227124,0.0,
hepg2,jurkat,raw,INTS11,-0.023253446198164076,0.8774794633569639,0.6807760620158132,-0.030086156238382285
hepg2,jurkat,raw,ANKRD11,0.5278369827309918,0.6070797293113066,0.7523612585636595,0.781022845705431
hepg2,jurkat,raw,ILF2,0.30386237172641556,0.7478348884601593,0.677594273576099,0.4268636746053651
hepg2,jurkat,raw,RBM42,0.33878177617370253,0.7436907290532137,0.617957297246804,0.49974058899124096
hepg2,jurkat,raw,ABHD11,0.09693136425878794,0.29391121919715685,0.15168241316336556,
hepg2,jurkat,raw,PNISR,0.2166928500701329,0.32406733976978364,0.6714046733863774,0.4645524659336632
hepg2,jurkat,raw,ABHD17A,0.03958296700854581,0.09132327142344064,0.12181674888726349,
hepg2,jurkat,raw,TCOF1,0.15348347084783864,0.7110117684820391,0.37690342865289084,0.29648871855357145
hepg2,jurkat,raw,DDX23,0.5118012570266134,0.9274394800649751,0.6285303160090076,0.6703404761980609
hepg2,jurkat,raw,WDR12,0.07869743727242343,0.9523622540812147,0.8873111232757626,0.08560941710427164
hepg2,jurkat,raw,C18orf21,0.27497944861221285,0.747114093334346,0.7379893179971797,0.3703238940340159
hepg2,jurkat,raw,WDR1,0.2235477864042314,0.7059649506841525,0.09590250299540307,
hepg2,jurkat,raw,SHOC2,0.2172656540033128,0.4988945425020509,0.5911835475380621,0.40006036881209783
hepg2,jurkat,raw,EMC7,0.23231012495656106,0.27495598785990527,0.6451557957944861,0.5515745836731747
hepg2,jurkat,raw,FAM133B,0.0036384881448822907,0.0,0.4274403012809374,
hepg2,jurkat,raw,TPP2,0.12465228225141395,0.7964480046286286,0.7229495653482179,0.164273503535059
hepg2,jurkat,raw,E4F1,0.31058519870324386,0.7984448647216424,0.8085746942133271,0.38654335916639765
hepg2,jurkat,raw,TAMM41,0.2982648321440258,0.3793754456163887,0.462905828963572,0.7117395763657948
hepg2,jurkat,raw,UBL5,0.39444057749416284,0.8641090056119092,0.3688015672212698,0.6987164070689944
hepg2,jurkat,raw,LAS1L,0.04951614534154811,0.873114266677709,0.8794331754315623,0.05650799060932866
hepg2,jurkat,raw,CNOT9,0.19263345623830794,0.2328529584246006,0.5549221195591761,0.5358889704648199
hepg2,jurkat,raw,ATP6AP2,0.39894278506040426,0.9127270214461829,0.5443953439990634,0.5659563799909268
hepg2,jurkat,raw,IPO13,0.4136363130922899,0.7862610185779652,0.7519051792492571,0.5379646612757566
hepg2,jurkat,raw,ELL,0.48076846873765744,0.7912263040359158,0.8795965597232901,0.5762936804928648
hepg2,jurkat,raw,JAZF1,0.13329011629482657,0.0,0.8282024693150103,
hepg2,jurkat,raw,INTS2,0.19741085283307933,0.9473133777337256,0.1509078697684846,
hepg2,jurkat,raw,SNAPC3,0.07231370269504228,0.1964442674293433,0.762308981683012,
hepg2,jurkat,raw,SYMPK,0.5775951427374415,0.9153643517484843,0.8903544571749804,0.6398012235125244
hepg2,jurkat,raw,COQ4,0.23354999061387577,0.1285728357100815,0.5887081000333702,
hepg2,jurkat,raw,SON,0.17119692303378992,0.6912898772158027,0.004026132840630072,
hepg2,jurkat,raw,DCTN4,0.0443490277873654,0.36397453881077274,0.46463678162508354,0.10784296216234932
hepg2,jurkat,raw,SLC35A4,0.15789293126528517,0.6384419398669604,0.35238679336608947,0.33288342509547914
hepg2,jurkat,raw,OR2A1,-0.09502742953816068,0.0,0.2171807184634644,
hepg2,jurkat,raw,HUS1,0.06968028665577031,0.15439962439216945,0.49120728122266444,
hepg2,jurkat,raw,CHMP7,0.12445389862409208,0.20045995117597548,0.4177163382980859,0.4300846717256995
hepg2,jurkat,raw,ARGFX,-0.013454426314970909,0.20869881311209326,0.07531397768982871,
hepg2,jurkat,raw,ZNF763,0.009920421327757277,0.0,0.0,
hepg2,jurkat,raw,PEF1,0.13079980753410003,0.0,0.0,
hepg2,jurkat,raw,ZBTB4,0.14741447548146913,0.553217161116987,0.5587782213427902,0.26513836521340733
hepg2,jurkat,raw,ATP6V1B2,0.4554964928559196,0.8307117551005303,0.5506295052985806,0.6734883997746638
hepg2,jurkat,raw,ALG13,0.1305175370597485,0.4406913477981174,0.22426559947300947,0.4151645635170347
hepg2,jurkat,raw,RAD21,0.24313339282991078,0.5338011230518988,0.42352319671169336,0.511347654194715
hepg2,jurkat,raw,ANAPC15,-0.01847267047749747,0.16393306698671573,0.07296016658175707,
hepg2,jurkat,raw,ANKRD49,0.030375169786814774,0.13675123659545296,0.016635990616986972,
hepg2,jurkat,raw,CINP,0.13650040573859634,0.665370868164616,0.6695405077443201,0.20450956383638802
hepg2,jurkat,raw,DNM1,-0.02136147031132897,0.04570239811113471,0.03726677733312796,
hepg2,jurkat,raw,SNRNP200,0.4176526749636991,0.9236328605608709,0.15120555871058663,
hepg2,jurkat,raw,TSPYL5,0.14372969558593296,0.44023385821708805,0.41854764783109627,0.3348361444457679
hepg2,jurkat,raw,ETF1,0.46534605063929046,0.9488824268380938,0.4235118264404042,0.7340692964396786
hepg2,jurkat,raw,USF2,0.13091470261449475,0.07927815352583155,0.6294742186737556,
hepg2,jurkat,raw,AQP7,0.04796610724244654,0.0,0.0,
hepg2,jurkat,raw,CHCHD3,0.15960653251080895,0.18383382405438042,0.5908901090683025,
hepg2,jurkat,raw,THOC5,0.33936237713698825,0.6904346571285714,0.33299698862535176,0.7077538633311198
hepg2,jurkat,raw,STXBP4,0.03577318711193105,0.16228641321029652,0.15122946981553906,
hepg2,jurkat,raw,GEMIN4,0.5297926518051534,0.5806539948115955,0.7083033826078696,0.8261093989329594
hepg2,jurkat,raw,ATP6AP1,0.116486945663464,0.8815634084605501,0.133007793397075,
hepg2,jurkat,raw,SUMO2,0.17387436178660098,0.32623419779040386,0.3788532860543202,0.4945785505361837
hepg2,jurkat,raw,NOC4L,0.29455631395399823,0.8517577538943103,0.831840409057216,0.3499373363546652
hepg2,jurkat,raw,DDX56,0.10730745458299511,0.894343836987366,0.8627334207619526,0.12216289691176004
hepg2,jurkat,raw,STIL,0.25451322983393876,0.6224410392935924,0.49263946614613097,0.4596176016795272
hepg2,jurkat,raw,CDC26,0.007759493860179218,0.39154990900129716,0.022764596711728546,
hepg2,jurkat,raw,INTS13,0.4286058838267806,0.6730008500038237,0.856829301438823,0.5644210045464485
hepg2,jurkat,raw,DYNLL2,0.1884787811229198,0.10569634297731695,0.5576048681240983,
hepg2,jurkat,raw,GSPT1,0.6571756286405538,0.9175670908515166,0.9090847264517452,0.71954896722298
hepg2,jurkat,raw,OR4K1,-0.03139908140535955,0.10239554872742299,0.0,
hepg2,jurkat,raw,THOC2,0.34478137881473775,0.8485854981110341,0.3254258904984628,0.656099864913749
hepg2,jurkat,raw,RPAP2,0.45128399387706386,0.8895259810036957,0.6564362271535834,0.5905740244358548
hepg2,jurkat,raw,SEH1L,0.30735933903740115,0.4822088159903847,0.820262034725993,0.4887114734326365
hepg2,jurkat,raw,DYNC1I2,0.18584214672451943,0.5134977253120663,0.1794086415791847,
hepg2,jurkat,raw,KCTD10,-0.1014667693059273,0.0,0.07753704162943365,
hepg2,jurkat,raw,SF3B5,0.36758606477479977,0.9608428797553314,0.0,
hepg2,jurkat,raw,ESYT1,0.37446000288001063,0.5616958769904196,0.7923060485236599,0.5613171772905529
hepg2,jurkat,raw,MED8,0.5120860157529598,0.8657717454564641,0.8181596289493456,0.6084462081112055
hepg2,jurkat,raw,PRPF8,0.31332465840457613,0.8863788087074181,0.31491283366633116,0.5930478184630277
hepg2,jurkat,raw,C12orf45,0.20741035689544632,0.9425238146989984,0.8498351574868639,0.2317484967472607
hepg2,jurkat,raw,TRAPPC5,0.4865979085969509,0.7673832962624845,0.7261549911996984,0.6518526025128014
hepg2,jurkat,raw,FAU,0.6640758405054709,0.9496283850689963,0.902144469612342,0.7174684221935793
hepg2,jurkat,raw,ATP5MF,0.3942456509969637,0.8117401053748503,0.8326408138363456,0.4795452150895459
hepg2,jurkat,raw,SART1,0.510315042960584,0.9743859081759382,0.48690950928023485,0.7408814909421689
hepg2,jurkat,raw,NKAP,0.591385349513738,0.889220606913418,0.8225259960126673,0.6914980915160849
hepg2,jurkat,raw,RPP38,0.04352036222049202,0.4761554314872409,0.6570222497721431,0.07780868784676169
hepg2,jurkat,raw,SMC5,0.0906910066153545,0.031903107271980716,0.3937545505950549,
hepg2,jurkat,raw,BUB1,0.0783701216349856,0.0,0.015419066442564234,
hepg2,jurkat,raw,ARPC2,0.20646253794613506,0.1762131433954157,0.3118229712392251,
hepg2,jurkat,raw,C6orf15,0.07184292655998992,0.04185622271233103,0.1149822729162051,
hepg2,jurkat,raw,ILF3,0.2716321991832026,0.42666153248683386,0.6042806208755843,0.5349585978978444
hepg2,jurkat,raw,ACTR2,0.3917151955447326,0.0703192247363718,0.6649826678534757,
hepg2,jurkat,raw,ACTR5,0.42247446393770066,0.7520411453071647,0.721252733803166,0.5736353759853313
hepg2,jurkat,raw,POLR2M,0.030609381138182137,0.4037790025522889,0.7393825757939383,0.05602064150937189
hepg2,jurkat,raw,ZNF407,0.02118009941880496,0.2197522786300829,0.0,
hepg2,jurkat,raw,SLC25A26,-0.05602662342851006,0.0,0.0,
hepg2,jurkat,raw,NFRKB,0.15317176284911996,0.6359484545923172,0.7344285491406383,0.22412638028564144
hepg2,jurkat,raw,MIS12,0.029875131746111422,0.48197259257056974,0.4127128696950265,0.06698455119708385
hepg2,jurkat,raw,RCL1,0.3925259961464834,0.951663705671564,0.9173378856254734,0.4201090198902919
hepg2,jurkat,raw,TOX4,0.24635312025801742,0.306001309843164,0.58042014655181,0.5845547385010263
hepg2,jurkat,raw,LPIN1,0.16323401453856343,0.14400746428257669,0.2150361965987523,
hepg2,jurkat,raw,OSTC,0.3415828328812882,0.3485246478158566,0.6458084371882122,0.7199916009243893
hepg2,jurkat,raw,NPEPPS,0.02570003768260525,0.22166266205681445,0.14080562125103602,
hepg2,jurkat,raw,ANKS6,0.04077990330213195,0.0,0.0,
hepg2,jurkat,raw,CLTC,0.17073223219361142,0.44046348133184876,0.3176241087626187,0.4564611658813345
hepg2,jurkat,raw,SMC3,0.3713790032977645,0.4969514200874451,0.3056768731160339,0.9528599805666267
hepg2,jurkat,raw,TACC3,-0.041615377248919144,0.47096933691413073,0.23022029194062565,-0.12638214422128052
hepg2,jurkat,raw,NACA,0.5744542403374855,0.8619082757623792,0.8205271039096674,0.6830908193308812
hepg2,jurkat,raw,GLRX5,0.4613955131681257,0.4553578210102609,0.7527482810802422,0.7880832200835644
hepg2,jurkat,raw,MED9,0.40485400702932767,0.8867183417415612,0.810766061009391,0.4774828921488755
hepg2,jurkat,raw,CDIPT,0.0014380461834873311,0.27505665418332864,0.19082718431671902,
hepg2,jurkat,raw,UBA2,0.2640062383476372,0.8298736948786587,0.6906219008290837,0.34872896160417965
hepg2,jurkat,raw,TUBD1,0.021662125901777466,0.37751506644882576,0.0,
hepg2,jurkat,raw,SUPT6H,0.21378248043431855,0.7990902843543319,0.5017666115253904,0.33761622294540894
hepg2,jurkat,raw,CPNE1,0.22238504679596022,0.6017143448424803,0.4703088789224441,0.4180409349418665
hepg2,jurkat,raw,NCAPH,0.15680390752562032,0.5319796081820577,0.3588508115480745,0.3588826160652743
hepg2,jurkat,raw,EEFSEC,0.3151305159224979,0.3194406435151801,0.4846579596133909,0.8008989045136916
hepg2,jurkat,raw,WDR3,0.2960998695422168,0.8637944523587929,0.836134008868403,0.34841357409957535
hepg2,jurkat,raw,ZNHIT2,0.3589908408749403,0.8154213056567757,0.6195631170051097,0.5050676622049116
hepg2,jurkat,raw,POLR2C,0.367403585518786,0.8925390011187985,0.26235827534618084,0.7592458126331861
hepg2,jurkat,raw,TRMT112,0.6330804761804246,0.858737649941018,0.9153828012488398,0.7140478141613622
hepg2,jurkat,raw,ATP6V1H,0.32892332829116905,0.7939893323317083,0.5487923520734421,0.4982913144057034
hepg2,jurkat,raw,SIGLEC14,0.3127893012817539,0.2894712129369598,0.7186274607208708,0.6857997067919681
hepg2,jurkat,raw,SCD,-0.09929758026376678,0.7849438982365223,0.3100650298964211,-0.20127644937359154
hepg2,jurkat,raw,DDX18,0.549365812319647,0.9303564815184433,0.903329167671103,0.5992581079840458
hepg2,jurkat,raw,TOMM20,0.321694338580503,0.17915403589177026,0.7241964681052152,
hepg2,jurkat,raw,TNNT2,0.031898690814650896,0.0,0.14766520102827518,
hepg2,jurkat,raw,COPS5,0.1445266564008674,0.49507640022998206,0.6582465748827309,0.2531730882547944
hepg2,jurkat,raw,XRCC1,0.11113111656978736,0.0,0.06821514296522552,
hepg2,jurkat,raw,PRKCA,0.0762271503162725,0.0,0.6137055209652207,
hepg2,jurkat,raw,METTL17,0.0709220225508951,0.3583225278758386,0.19629557449330082,
hepg2,jurkat,raw,TUT1,0.34282677554580804,0.6541282703221072,0.46982920417357815,0.6184053955582935
hepg2,jurkat,raw,EIF2B3,0.6262509456367322,0.9722106484195046,0.8702655771420003,0.6808356764304238
hepg2,jurkat,raw,MOB4,0.40839358626730377,0.5834951987185631,0.6595414582534509,0.6583232896380449
hepg2,jurkat,raw,TBCE,0.022407103468890698,0.0,0.514531591720543,
hepg2,jurkat,raw,TUBB2A,0.2531733067712076,0.4065021940192903,0.36415714056407483,0.6580244820395633
hepg2,jurkat,raw,C1orf109,-0.09073078882008218,0.32358109527490353,0.08555662111068092,
hepg2,jurkat,raw,GMIP,0.3054294173389966,0.42183815400472907,0.5832461266082105,0.6157607508417037
hepg2,jurkat,raw,TAF6,0.5344849263354434,0.6281412340973007,0.8283350763871139,0.7409753896694139
hepg2,jurkat,raw,GAK,0.11359201329103906,0.2693312808141385,0.15878714047479192,
hepg2,jurkat,raw,ALG2,0.5156900400378702,0.45281164707493754,0.6968822434952908,0.9180159980141317
hepg2,jurkat,raw,TUFM,0.41289028952210266,0.5519463890468129,0.7836789928821318,0.6277939386098866
hepg2,jurkat,raw,NDUFB10,0.2882315702030236,0.6132551798019155,0.32596613738266933,0.6446658902604226
hepg2,jurkat,raw,GTPBP4,0.04728637737030224,0.902775739040766,0.8592439207726338,0.05368931586448214
hepg2,jurkat,raw,GOLGA6L1,-0.11308736153559161,0.0,0.07363917030916968,
hepg2,jurkat,raw,GYG1,0.2812963583154211,0.19153966228599517,0.6469554518388473,
hepg2,jurkat,raw,INO80B,0.23108997187120778,0.4899263722833962,0.813776992715207,0.3659847481591356
hepg2,jurkat,raw,RSL24D1,-0.0005688835233567674,0.8146310543832072,0.7119860381905644,-0.0007469768385532657
hepg2,jurkat,raw,ALG11,0.4739130252879049,0.372693402086934,0.7332530189857906,0.9065585604104031
hepg2,jurkat,raw,NPM1,0.3917214979804041,0.4885189547536393,0.5583772538905807,0.750019988497684
hepg2,jurkat,raw,OTOP1,0.03853141880714507,0.16119439578861045,0.15921712603741775,
hepg2,jurkat,raw,TBCB,0.43887297298343925,0.7452486218298496,0.6293113964547309,0.6408486112324284
hepg2,jurkat,raw,RPA3,0.2347095860768349,0.9037794591116827,0.45869983404427045,0.36453170153367137
hepg2,jurkat,raw,CEP85,-0.07498543971574832,0.16042029097429406,0.31370740954933174,
hepg2,jurkat,raw,UTP6,0.3512978528103362,0.6984996086029656,0.7542151776410443,0.48399934941916634
hepg2,jurkat,raw,COG8,0.03263736130459135,0.4485686962374692,0.6712756722125967,0.05947714367710802
hepg2,jurkat,raw,ANKRD39,0.1836827398499775,0.24323298476243999,0.4630068354203702,0.5473478454785714
hepg2,jurkat,raw,CCDC144NL,-0.10649814235537337,0.12289433830270008,0.19612334065370854,
hepg2,jurkat,raw,MRPL1,0.05713252754410323,0.2729995882203117,0.3657111390617169,0.18081453857054508
hepg2,jurkat,raw,SPG7,0.1520427655265042,0.30717841961103326,0.4015149496713464,0.4329318622935628
hepg2,jurkat,raw,RPS6,0.6058672833595219,0.9489191279854374,0.9049468444267382,0.6538097094808372
hepg2,jurkat,raw,SYF2,0.32083453310641086,0.5709241581290733,0.5483857716999171,0.5733882755127491
hepg2,jurkat,raw,TIMM10,0.2957966938725331,0.22895841023946578,0.6862450974492019,0.7462346102316683
hepg2,jurkat,raw,AQR,0.06793355555210788,0.6914532836225781,0.003138040316608245,
hepg2,jurkat,raw,MYC,0.3053584487789218,0.821693935682863,0.8524878682596971,0.36484701398169234
hepg2,jurkat,raw,GUCD1,0.5737243392777717,0.8540454446674105,0.6237203211545935,0.7860819737882989
hepg2,jurkat,raw,MRPL49,0.46891612765090457,0.7990371675184493,0.6608695235568163,0.6452883389830198
hepg2,jurkat,raw,MRPS26,0.38082008819562185,0.7135175428665651,0.6593105943174646,0.5552294511311027
hepg2,jurkat,raw,PPP1R8,0.2644169411956748,0.69356601836057,0.7269386805637162,0.3723886918703824
hepg2,jurkat,raw,TTC1,0.3245540910212305,0.17697947456074556,0.7774663926000183,
hepg2,jurkat,raw,NDUFAF3,0.41999109067582246,0.3865447206107316,0.5462135514919516,0.9140268832476505
hepg2,jurkat,raw,SNRPD3,0.5015824160351547,0.9328710015466685,0.47242607125441277,0.7555523804137657
hepg2,jurkat,raw,RHOQ,-0.09794628437576379,0.0,0.24607701838255425,
hepg2,jurkat,raw,ATP5ME,0.261504642836454,0.7726294709086431,0.7618196873368234,0.3408534335361778
hepg2,jurkat,raw,CDC37,0.11005150336636049,0.05575158133015043,0.44701951900481013,
hepg2,jurkat,raw,TIMM44,0.3032492655802814,0.917337678148695,0.897046392278199,0.3342933134439347
hepg2,jurkat,raw,RPS26,0.629036955524282,0.9623117635511752,0.7990119556834337,0.7173673797374699
hepg2,jurkat,raw,TFB1M,0.021295213703491744,0.08257070337750104,0.1629454015228857,
hepg2,jurkat,raw,DDX3X,0.3081617762072047,0.4230453218082801,0.6033208028866035,0.6099737842575278
hepg2,jurkat,raw,NISCH,0.07223204877828598,0.0,0.19355917651087548,
hepg2,jurkat,raw,RPP30,0.33299155153186694,0.8580463628267149,0.8558615945097938,0.3885760850242702
hepg2,jurkat,raw,ENY2,0.41086626094818723,0.7797317740788673,0.7522260013435887,0.536480194111899
hepg2,jurkat,raw,CDC73,0.3823808292923438,0.7093215471491665,0.5080396686896347,0.6369798912332039
hepg2,jurkat,raw,BANP,0.16986506194941267,0.16324433495763072,0.5120752827938039,
hepg2,jurkat,raw,SMUG1,0.10665990168419674,0.4052716002956701,0.28338269341669486,0.31473238407147247
hepg2,jurkat,raw,MRPL54,0.12508156981458973,0.6115806191739409,0.517450564951193,0.2223473886596077
hepg2,jurkat,raw,PTEN,0.06893036274117814,0.4476083183535882,0.26216803108711256,0.20122022175351412
hepg2,jurkat,raw,EIF3J,0.6109369438228923,0.7535595852011948,0.7546573628115885,0.8101448620652045
hepg2,jurkat,raw,ETV4,0.1640062594524994,0.3575347351658042,0.5337753924919763,0.3754239968518479
hepg2,jurkat,raw,ELP2,0.25792815024302396,0.6877809854332056,0.6603245344099254,0.38273214918686116
hepg2,jurkat,raw,NUTF2,0.18230518911886798,0.8891987000864566,0.131507908010916,
hepg2,jurkat,raw,CCT6A,0.3148023537070976,0.913355728073685,0.28330528091073653,0.6188574983794795
hepg2,jurkat,raw,RPS2,0.6442741614772474,0.9324167812184916,0.8599656087742175,0.7194906127336262
hepg2,jurkat,raw,RRP1,0.15591684984765244,0.8789360861568398,0.7900754518651504,0.18710272807511283
hepg2,jurkat,raw,NSMCE1,0.002429188651310998,0.0,0.026746308511147607,
hepg2,jurkat,raw,PSMD11,-0.0815889998707537,0.8951914044842016,0.01294335475555185,
hepg2,jurkat,raw,MMS19,0.18526735700593977,0.40595552341247865,0.5870756219587877,0.3795007645395701
hepg2,jurkat,raw,PSMD1,0.03093725808882932,0.8023202975662701,0.0,
hepg2,jurkat,raw,LMO2,-0.0016201763837954083,0.12951272071107645,0.0,
hepg2,jurkat,raw,RCOR1,-0.03272407113702543,0.0,0.08084658806033383,
hepg2,jurkat,raw,ZCCHC9,0.2861602126885397,0.931519104011754,0.8376988667842855,0.3239435990517724
hepg2,jurkat,raw,TAF8,0.42381478631482145,0.903706950092868,0.909587248104461,0.46745532548568497
hepg2,jurkat,raw,MRPL10,0.3982463847448597,0.7014514757645175,0.6488482166076533,0.5903118042250168
hepg2,jurkat,raw,COPS2,0.15134951973647845,0.8591810099480026,0.749174195675777,0.18864587244974534
hepg2,jurkat,raw,KDM1A,0.3614391237831924,0.6473378621852349,0.8356173589024317,0.4914348254687437
hepg2,jurkat,raw,ZNHIT3,0.12506244698836508,0.6073526979689922,0.5615414612490797,0.21414874099672662
hepg2,jurkat,raw,BMP2K,0.21400387598801163,0.41941823496455877,0.5400843060236796,0.44964234731214087
hepg2,jurkat,raw,RRP12,0.3908708234643248,0.9164809868846724,0.8522002820976218,0.44228344848632556
hepg2,jurkat,raw,ATP6V1E1,0.2953232142049557,0.19713089813954582,0.5796476536918744,
hepg2,jurkat,raw,ABCB7,0.31718816197336647,0.6138880432391561,0.657905696632841,0.49910343581161926
hepg2,jurkat,raw,HSCB,-0.01299447419335328,0.0,0.7869540235720316,
hepg2,jurkat,raw,NBEAL1,0.1036018811696348,0.0,0.0,
hepg2,jurkat,raw,ORC1,0.20361540769341882,0.7292482340119941,0.22280367285033517,0.5051400144077678
hepg2,jurkat,raw,MCM3,0.5636426043825297,0.8612784809587396,0.9267236780214165,0.6308947086206901
hepg2,jurkat,raw,ZNF253,0.004072261773964673,0.0,0.1983429435317807,
hepg2,jurkat,raw,RTCB,0.21740710624917362,0.20769993658205388,0.20641987682903631,1.0499770251277347
hepg2,jurkat,raw,TAZ,0.1632345254189546,0.15145813818143175,0.5297275387823214,
hepg2,jurkat,raw,CENPI,0.16917720842652437,0.5489337506407863,0.21988370626074963,0.4869511134804422
hepg2,jurkat,raw,RSL1D1,0.11417323024261342,0.8750748827727517,0.8208982107143198,0.13470912795513934
hepg2,jurkat,raw,CALR,0.4271417571461269,0.5297377672939314,0.6733166878228277,0.7152071908833243
hepg2,jurkat,raw,GLE1,0.35515126902677463,0.8954164725702743,0.27409773277024574,0.7168827154964004
hepg2,jurkat,raw,CCNQ,0.078370668356186,0.574669235156594,0.018772530052073494,
hepg2,jurkat,raw,CHAF1B,0.1709132810166329,0.784017799195586,0.8269379169148567,0.21226402605875774
hepg2,jurkat,raw,FAM102B,0.35255877615493286,0.2188050383275558,0.8003269029553719,0.8424985516074665
hepg2,jurkat,raw,CARF,-0.06500089214950117,0.6618790931630719,0.7460282744095565,-0.09250225970618937
hepg2,jurkat,raw,ORC4,0.05818849485934629,0.1551322338400333,0.38624933742388634,
hepg2,jurkat,raw,CDK11A,6.285814502784698e-05,0.15305198699452124,0.27547292510117916,
hepg2,jurkat,raw,RAB4A,0.004424941189564884,0.1481337009027711,0.6729775370200869,
hepg2,jurkat,raw,HAUS4,0.1114154173927893,0.12430511837258108,0.3330391269773992,
hepg2,jurkat,raw,TAF12,0.4524635662265991,0.8757202343705922,0.8513261666793721,0.5240261150707988
hepg2,jurkat,raw,CSTF3,0.6337360488889692,0.864745640168045,0.8554356444268895,0.7368355143712708
hepg2,jurkat,raw,RPS7,0.5797807836436919,0.9386185196955413,0.8425235449054912,0.651970933563704
hepg2,jurkat,raw,SPDYE2,-0.014130147491218428,0.09804862081818234,0.2100562832606524,
hepg2,jurkat,raw,UBE2D3,0.09898747387367232,0.14951843746851193,0.5617211648368797,
hepg2,jurkat,raw,CCDC144A,-0.07934957299393998,0.0,0.1783138759591811,
hepg2,jurkat,raw,CNIH4,0.0346236398141601,0.02405843324737073,0.39304768069409496,
hepg2,jurkat,raw,CFL1,0.20132576720293713,0.2943777739883943,0.6836428844967085,0.4487786681002105
hepg2,jurkat,raw,GTF3C3,-0.14583998034096737,0.27792721177577784,0.615352031700382,-0.352654347711948
hepg2,jurkat,raw,PLK1,0.13715990459788419,0.5543728466090436,0.025997417907184732,
hepg2,jurkat,raw,CDC20,0.036326010959615254,0.37562581452038785,0.09225332194269707,
hepg2,jurkat,raw,SRBD1,0.11110760336837779,0.4827401860734981,0.48427362436901983,0.22979556623468383
hepg2,jurkat,raw,DNAAF3,0.005675886572987319,0.0,0.21872100647716344,
hepg2,jurkat,raw,CEBPG,0.13779946187642572,0.7604325150848333,0.20390131642301132,0.3499509425296976
hepg2,jurkat,raw,MRPL9,0.2827401930071385,0.49697389974742456,0.5882808155112363,0.5229117693831503
hepg2,jurkat,raw,NDUFAF5,0.0848761633791109,0.2653714996403793,0.5764998201228978,0.21699963967212962
hepg2,jurkat,raw,GTF3C5,-0.04164924594792209,0.08408324397822886,0.5531079055547444,
hepg2,jurkat,raw,CS,-0.02229628256115168,0.09152126230139812,0.2287124201165757,
hepg2,jurkat,raw,NUBP2,0.06102483883623003,0.4297708740366246,0.6736560597566699,0.11341461972589448
hepg2,jurkat,raw,MIS18BP1,-0.0342557219318294,0.7479947655615053,0.3878523626055414,-0.06359904943155355
hepg2,jurkat,raw,GTF2A1,0.5195540929676421,0.9437728995094155,0.9047636983953066,0.5622499632088778
hepg2,jurkat,raw,MRPS7,0.33278058840467667,0.43116509985984003,0.6279815426130554,0.6395326856258282
hepg2,jurkat,raw,METTL16,0.28435902643570854,0.25333124941882507,0.3159339185987704,1.0051352618616647
hepg2,jurkat,raw,HLA-C,-0.062024801900917255,0.25383895291599007,0.29177266922135686,-0.22791029739351135
hepg2,jurkat,raw,RAN,0.21364690628066155,0.8254657856097652,0.2926568044567279,0.4346780966794225
hepg2,jurkat,raw,TBC1D1,0.1733900785912185,0.0940640370424234,0.6202927669403902,
hepg2,jurkat,raw,GCLC,0.026898539817825654,0.0,0.26446134964108803,
hepg2,jurkat,raw,LCE1C,-0.1834031857950883,0.3441384211144682,0.28627188454041536,-0.5843202614779859
hepg2,jurkat,raw,CSDE1,0.4032366681476204,0.6046222983041982,0.6433983736967095,0.646514036493553
hepg2,jurkat,raw,CLP1,0.4279980496223672,0.6021252898183796,0.46498707996397537,0.8088684812962631
hepg2,jurkat,raw,HJURP,0.3242572639867098,0.49887032208882653,0.5025207630559175,0.647617945277874
hepg2,jurkat,raw,POLR2K,0.27553169160137875,0.8963722520985512,0.15119002981982715,
hepg2,jurkat,raw,RRM1,0.044984242094627244,0.6707443716535273,0.0,
hepg2,jurkat,raw,TRA2B,0.3470374924669367,0.4764444224272388,0.7107733914802041,0.5963547633263006
hepg2,jurkat,raw,KRR1,0.36267816662062125,0.6852813771947781,0.7938673055660378,0.49171446974119754
hepg2,jurkat,raw,C14orf178,0.5011451314952674,0.9534559037320837,0.7730928206567268,0.583710343834447
hepg2,jurkat,raw,SRFBP1,0.18954865048321312,0.7052679435990526,0.7867235777455567,0.25446762799414896
hepg2,jurkat,raw,HNRNPU,0.3478836085169736,0.5060927512849993,0.6912493001258847,0.5881682207162607
hepg2,jurkat,raw,RBBP5,0.39283041447463923,0.8075085094016162,0.8768112055889582,0.4668512282166271
hepg2,jurkat,raw,LPA,0.08055718274045114,0.0,0.011495758711278356,
hepg2,jurkat,raw,CEP192,0.012388263881732621,0.13149460407099778,0.12930814685476102,
hepg2,jurkat,raw,FNTB,0.40687153780900576,0.3000366923994192,0.42512958176978805,1.1392248850376303
hepg2,jurkat,raw,DAP3,0.2823417521555859,0.4897655573033687,0.5711136047784764,0.5338505967611403
hepg2,jurkat,raw,HIST1H2BB,-0.010824491707401445,0.15589594874883278,0.0,
hepg2,jurkat,raw,NCL,0.08053752029989052,0.7856558679374218,0.7313265713847207,0.10624937842990605
hepg2,jurkat,raw,DDX55,0.13718594765208125,0.9376045596636764,0.9350884300792844,0.14651207884027728
hepg2,jurkat,raw,EIF2S1,0.5353363583182349,0.9674092220183886,0.7512687840082988,0.6279483979934544
hepg2,jurkat,raw,ICE1,0.5623416053959456,0.8419109832215927,0.7134414865976265,0.7255844200123294
hepg2,jurkat,raw,MVK,0.1183233066188374,0.13056309256925633,0.8421399744174044,
hepg2,jurkat,raw,DARS,0.5171938724124829,0.8452959255137843,0.4204636492022221,0.8675305061372143
hepg2,jurkat,raw,TIGD1,0.020132267546974808,0.0376023735227602,0.16781881182725794,
hepg2,jurkat,raw,COQ5,0.07127627058538862,0.02501130396010072,0.27909746884518877,
hepg2,jurkat,raw,STX5,-0.02631275855058057,0.45393511265266456,0.0,
hepg2,jurkat,raw,EEF1A1,0.04646592995412911,0.28466247779433695,0.1336298838042906,
hepg2,jurkat,raw,USP36,0.2692583918185355,0.5600525544646031,0.19030389911788165,
hepg2,jurkat,raw,ATR,0.17318286552339224,0.7762443101294927,0.6958583927600688,0.2356379694043899
hepg2,jurkat,raw,TUBA1B,0.10847617105426821,0.659037505334251,0.0,
hepg2,jurkat,raw,RPS27A,0.6510724749982718,0.9588892007643506,0.9461877806970562,0.6835282271110179
hepg2,jurkat,raw,TRMT6,0.1580893288362255,0.32673214172956455,0.500630923573359,0.3908839063470004
hepg2,jurkat,raw,ENO1,0.30819747587454027,0.4311664147703722,0.7256509286546,0.5509887575564065
hepg2,jurkat,raw,PTMA,0.39204745413815606,0.5977739506985134,0.8126383048242791,0.5624986705391075
hepg2,jurkat,raw,CDK2,0.26298393535940434,0.4109995652242248,0.5319358718349309,0.5624434965644587
hepg2,jurkat,raw,SOD2,0.029889100896471975,0.0,0.12222451638528747,
hepg2,jurkat,raw,ATP11B,0.3940373379753256,0.8701653107704881,0.8625231334460084,0.45483211019222003
hepg2,jurkat,raw,RNF123,-0.009445000504123283,0.0,0.056845778262717125,
hepg2,jurkat,raw,MTCP1,0.057477156736704886,0.19700072561599874,0.3584957786815557,
hepg2,jurkat,raw,PCID2,0.1433414213573253,0.24403248611157377,0.5388318390175517,0.3952949439239238
hepg2,jurkat,raw,CYP4F11,0.009343455456376458,0.0,0.06056959192911019,
hepg2,jurkat,raw,DDB1,0.2704349496390086,0.6887522739790295,0.6222665979232217,0.4130884472085543
hepg2,jurkat,raw,KRT17,0.04215460708339074,0.08413739338484713,0.15492182287589243,
hepg2,jurkat,raw,SNRNP40,0.2696171387711327,0.5353734338840473,0.31098033803074104,0.6607735059957751
hepg2,jurkat,raw,RGPD6,0.05337761086021514,0.10743283633890327,0.23759771200405577,
hepg2,jurkat,raw,TAF10,0.44169571381317135,0.8296818146675586,0.8840704104017966,0.5157318724226703
hepg2,jurkat,raw,MRPL24,0.43969200872865205,0.6890911221392318,0.6812082779459817,0.641756515730486
hepg2,jurkat,raw,PCNA,0.24502630210297596,0.9256060204676009,0.6093158324289918,0.32627093605436963
hepg2,jurkat,raw,FOXL2,-0.05234796848550249,0.06209605328916541,0.2569581521544715,
hepg2,jurkat,raw,MBTPS1,0.5764434666138286,0.693665465807106,0.816905153555668,0.765765623970788
hepg2,jurkat,raw,POU5F1B,-0.0008919885457950186,0.006667369419711954,0.08111301132177191,
hepg2,jurkat,raw,DPM2,0.034398686676076644,0.0560634143372988,0.28959533532668097,
hepg2,jurkat,raw,QARS,0.6187593171504843,0.9282674708173161,0.8752857931120758,0.6864521125560141
hepg2,jurkat,raw,URB1,0.14047665260640643,0.8753977831149586,0.8431371148949156,0.1635130144439864
hepg2,jurkat,raw,CBX1,0.4631178174433062,0.3039424945730062,0.5965179202887666,1.087637143323419
hepg2,jurkat,raw,LST1,-0.009663671051174542,0.3159801277775015,0.08155212865112366,
hepg2,jurkat,raw,TPRKB,0.0392180526641626,0.7768685655276232,0.08556128784692434,
hepg2,jurkat,raw,PDRG1,0.3842117448744472,0.6890241930219138,0.3354644476997757,0.7991533984412389
hepg2,jurkat,raw,GLRX3,0.29652056812485195,0.16296595271901396,0.5294675139615107,
hepg2,jurkat,raw,TSFM,0.10062033084049986,0.19780297362273083,0.3308771847225753,
hepg2,jurkat,raw,HSPE1,0.4360569448126594,0.9120024324825844,0.9096314091884193,0.47875407692693317
hepg2,jurkat,raw,NOS1AP,0.05790525054581727,0.0,0.0,
hepg2,jurkat,raw,HOXA3,0.1843097697192854,0.22466794334135062,0.42205804708953115,0.5985379738076279
hepg2,jurkat,raw,CNOT2,0.4132353916250755,0.6738773859932112,0.9671807487263916,0.5118624212149803
hepg2,jurkat,raw,RCC1,0.25402021213728415,0.6194084950245786,0.5744782255267801,0.4258365254353114
hepg2,jurkat,raw,DPY19L2,0.16606298382822865,0.0,0.30976164901575104,
hepg2,jurkat,raw,NDUFS3,0.3134320177881764,0.35479659797500424,0.6505950255597509,0.6523764361824498
hepg2,jurkat,raw,MMS22L,0.2424705125817769,0.5326357454175955,0.34712555773782766,0.5638979047417523
hepg2,jurkat,raw,NRDE2,0.3041745857971016,0.38037840652029814,0.6195309756119962,0.6265900371857641
hepg2,jurkat,raw,CADM4,0.1687727394225229,0.06326482990541535,0.0812976506856081,
hepg2,jurkat,raw,DOLK,0.10172271386687413,0.2984180582723316,0.22231672724940169,0.39492926582138227
hepg2,jurkat,raw,VMP1,0.2387968761465231,0.38951622194158764,0.6562801450120694,0.47230357613477947
hepg2,jurkat,raw,TBL3,0.11688506568468539,0.3349644872421313,0.6424138787992141,0.25197194297152964
hepg2,jurkat,raw,RPL38,0.26563967531859595,0.9329837128186069,0.6365244194307766,0.34470562854878545
hepg2,jurkat,raw,SAP30BP,-0.028920129853943086,0.0,0.23141238334633665,
hepg2,jurkat,raw,MCM2,0.4812218510867223,0.7465140029893362,0.8500229757635922,0.604103049062786
hepg2,jurkat,raw,FYN,0.17420129101940982,0.5019917722376491,0.6859916221221904,0.2968545185344746
hepg2,jurkat,raw,C17orf58,0.1469544598773363,0.0,0.6056429426474141,
hepg2,jurkat,raw,ADNP2,0.14914782350435543,0.08282095846670419,0.5160537470131056,
hepg2,jurkat,raw,UHRF1,0.03504136900491055,0.6297419902294807,0.8566001266895911,0.04771013787745442
hepg2,jurkat,raw,NOM1,0.2703478155502545,0.8924999805995684,0.9334040194510559,0.2961992290007822
hepg2,jurkat,raw,RAD17,0.02102834786410671,0.24458188157317867,0.1307820824984988,
hepg2,jurkat,raw,CDAN1,0.09202775136786351,0.2694525836730983,0.5614637311263085,0.23660111158718622
hepg2,jurkat,raw,ZNF468,0.13823888995120134,0.10955602922875715,0.23629394197487946,
hepg2,jurkat,raw,SERBP1,0.4057665601053561,0.50372969431623,0.7825984864690365,0.6462610397839574
hepg2,jurkat,raw,TANGO6,0.4316972679192689,0.9072376320401309,0.6672993350543497,0.554828071309336
hepg2,jurkat,raw,CUL1,0.2664051016032114,0.5389939812593806,0.6227820827458056,0.45981435416191696
hepg2,jurkat,raw,DDX21,0.25381265775525247,0.8909483080421078,0.9042533919705823,0.2827756112212192
hepg2,jurkat,raw,TUBGCP4,0.21722394492796412,0.31009617157260155,0.5261596703622097,0.5377751324031602
hepg2,jurkat,raw,USP14,0.5012909890803411,0.6400038130664206,0.8015199810330501,0.6999087785653137
hepg2,jurkat,raw,HMGA1,0.4560963572400036,0.6026909182578798,0.6903872154771687,0.7070708117321206
hepg2,jurkat,raw,USP10,0.29834915666155576,0.21332237775910987,0.5068894045461199,0.9072980970640342
hepg2,jurkat,raw,ATP6V0D1,0.02426743357302187,0.016086170703655468,0.5358582203539817,
hepg2,jurkat,raw,ADAM10,0.25380807110735437,0.7512437361452178,0.5842395208182168,0.38310650914851485
hepg2,jurkat,raw,DTL,0.03442702097589121,0.7215445434350378,0.1708442121335867,
hepg2,jurkat,raw,PSMD7,0.19174085034316596,0.817828859844401,0.06234395444079179,
hepg2,jurkat,raw,SMC6,0.14548956855010156,0.0,0.5182287665900798,
hepg2,jurkat,raw,MZT1,0.17172159896523337,0.1843138801452552,0.32409382454880353,
hepg2,jurkat,raw,FOXD4,0.006419756962833086,0.0,0.0,
hepg2,jurkat,raw,PRELID1,0.5357242339268738,0.9188224583793412,0.6692190989627044,0.6831897282009733
hepg2,jurkat,raw,RPS20,0.6427879870975456,0.9227265429008006,0.8491728109711847,0.7261614753015729
hepg2,jurkat,raw,ABCG1,0.2713331120193798,0.2949481610490493,0.7361881474987538,0.5822849147677771
hepg2,jurkat,raw,OPA1,0.36136672362030736,0.6713956176450259,0.43908019468976656,0.6655596474271016
hepg2,jurkat,raw,CLASRP,0.3614994583608801,0.67692579823684,0.7480968018372297,0.5079935744606621
hepg2,jurkat,raw,EXOC1,0.2046706713581056,0.3723218384021979,0.3935394468379376,0.5346901991083208
hepg2,jurkat,raw,KRI1,0.27743113704380795,0.8898097542702427,0.8673747037484653,0.3157935421469916
hepg2,jurkat,raw,NUP205,0.15785848584500423,0.8074857731796391,0.06273464103463867,
hepg2,jurkat,raw,SRRM1,0.4306947990721866,0.5215746830594343,0.7700247820213351,0.6796088485068519
hepg2,jurkat,raw,NDUFAF7,0.14027411002421403,0.42688200794562153,0.38506522427547085,0.34598434409285933
hepg2,jurkat,raw,TLCD1,0.006345037415191274,0.227749114552914,0.19690842624718843,
hepg2,jurkat,raw,MTRNR2L1,0.01364000076105558,0.21280312966112216,0.0,
hepg2,jurkat,raw,SMC4,0.2039593118737641,0.5034636602358437,0.7025875059208357,0.3429329870999463
hepg2,jurkat,raw,CAMLG,0.18399456064185077,0.35321952673973495,0.3768685745900977,0.5042984921723606
hepg2,jurkat,raw,DDX6,0.40947524158510057,0.5964016022721554,0.8418844212252052,0.5778724772147471
hepg2,jurkat,raw,GNL3L,0.06162840792342878,0.8850675505065753,0.7613511768634813,0.07507584476648484
hepg2,jurkat,raw,DNAJC17,0.5761754805988722,0.9071609829000911,0.913088324942757,0.6330765054459137
hepg2,jurkat,raw,UBE2I,0.2587513763747966,0.7081760841389335,0.5337407725493272,0.4208689152787089
hepg2,jurkat,raw,NOP14,0.30213341346264266,0.9265546286245314,0.8771994881210874,0.3351305795451724
hepg2,jurkat,raw,HIRA,0.2238791604257898,0.1952246472193977,0.7076569194268117,
hepg2,jurkat,raw,RPL10A,0.18096451688286866,0.9842819273771508,0.8173165642077324,0.20176160400879997
hepg2,jurkat,raw,SAP18,0.2632226962083196,0.3063783386967787,0.7220117864508417,0.5596572849157243
hepg2,jurkat,raw,METAP1,0.17740033449860151,0.2458088937042936,0.291079604212011,0.6632079910355231
hepg2,jurkat,raw,POLR3D,0.5146684036820878,0.8159603730344257,0.7395244789953701,0.6625470064087211
hepg2,jurkat,raw,TBP,0.4770252791045064,0.5803466278135916,0.8287750659194053,0.6878271642698931
hepg2,jurkat,raw,GNPAT,0.15522510807527048,0.5213448024562175,0.6026915697912211,0.27691844766923945
hepg2,jurkat,raw,EXOSC6,0.1627350365259756,0.0,0.07247977110379325,
hepg2,jurkat,raw,BDP1,0.2566212067045893,0.8377927924278037,0.434669949890919,0.4252500999774709
hepg2,jurkat,raw,RNGTT,0.10445444730302576,0.2543064274651804,0.5689276434192013,0.2746121503946309
hepg2,jurkat,raw,DCUN1D5,0.37123147475569,0.9122462700934549,0.5431279921702726,0.527396992978345
hepg2,jurkat,raw,COG6,0.23912870626380228,0.38947518224646355,0.5280691532678884,0.5272862179195791
hepg2,jurkat,raw,TRNP1,-0.05121188663722049,0.07187113461297909,0.0,
hepg2,jurkat,raw,TOPBP1,0.16940604549302635,0.5835513571546723,0.757283981433217,0.25483552947783294
hepg2,jurkat,raw,SMAGP,-0.03552687015395526,0.04762414166825678,0.16291991606145528,
hepg2,jurkat,raw,ARL4D,-0.04970514707145226,0.0,0.11445858266167123,
hepg2,jurkat,raw,ZNHIT6,0.3375738608795,0.8016571210373938,0.6871667723115852,0.45482403619221046
hepg2,jurkat,raw,EIF2B2,0.693877391229338,0.9719139431232985,0.9529092287401046,0.7210129485299618
hepg2,jurkat,raw,DPAGT1,0.04502903868700833,0.07215728615796883,0.33329710467360185,
hepg2,jurkat,raw,CSH2,-0.0477153252474482,0.08003064653181448,0.05393618476303908,
hepg2,jurkat,raw,CTU2,0.4998791174813399,0.448499070554203,0.7562624903775272,0.858317446953763
hepg2,jurkat,raw,REV3L,-0.03845500632478192,0.0,0.22699917707433603,
hepg2,jurkat,raw,NAA38,0.4468778086056819,0.9296344990761926,0.504237438320719,0.6527022784022682
hepg2,jurkat,raw,POLR3H,0.09583639853848687,0.22450513322770868,0.4865092503125096,0.2899825042610552
hepg2,jurkat,raw,DHX29,-0.15145986602215075,0.36456192751476924,0.38970163152297116,-0.40183318568989684
hepg2,jurkat,raw,SRP68,0.4978611231563558,0.9224767527830552,0.879774077291613,0.5526433121095684
hepg2,jurkat,raw,THG1L,0.4722222262952742,0.7085718171048067,0.7202631978756173,0.6610112859647403
hepg2,jurkat,raw,DHX16,0.6046729264666713,0.9293575368020054,0.8801479728986358,0.6685767423930176
hepg2,jurkat,raw,TRAPPC4,0.20942133955980594,0.0,0.6443080536675745,
hepg2,jurkat,raw,HMBOX1,0.10336490046027941,0.0,0.7833056386305157,
hepg2,jurkat,raw,NUMA1,0.3071468419932764,0.7371908981281763,0.6040792283878289,0.46026623980034104
hepg2,jurkat,raw,ZNF236,0.46817364737997746,0.9469468094389719,0.957210535079124,0.49174554824545486
hepg2,jurkat,raw,GFOD2,0.19422759508262163,0.23789157482498144,0.7975821443924518,0.44589611734136836
hepg2,jurkat,raw,RBBP8,0.27726035490272555,0.6956353713568637,0.45475696151103817,0.49295499143227056
hepg2,jurkat,raw,SNRNP25,0.4697012678433907,0.6902493137810157,0.6017399602044111,0.728809985288635
hepg2,jurkat,raw,SRPRB,0.15006051634811193,0.6175569103973529,0.5186367505498601,0.2651528501855237
hepg2,jurkat,raw,AIFM1,0.09720463972655106,0.40342920978596525,0.13523631485977183,
hepg2,jurkat,raw,MAT2A,0.15504535165958602,0.0035703375958307305,0.60051279186235,
hepg2,jurkat,raw,CENPW,0.3489019190652507,0.5599368216064816,0.3830176259632153,0.7533980022668642
hepg2,jurkat,raw,SMC1A,0.39361524933808584,0.7610186560798807,0.7398233739529755,0.5245782011690998
hepg2,jurkat,raw,DCLRE1B,-0.0014322131936638153,0.736589377479208,0.13550646188704984,
hepg2,jurkat,raw,POLA1,0.045069065508025904,0.8866739737403085,0.11089970314929942,
hepg2,jurkat,raw,VARS2,0.13293723169260507,0.07358310773686613,0.5466060391581988,
hepg2,jurkat,raw,GRPEL1,0.4242936901805206,0.8714897514694344,0.9184947893109883,0.4742387996350639
hepg2,jurkat,raw,PPAN,0.07301499768265472,0.9518291072598932,0.868727536313554,0.08029542315117193
hepg2,jurkat,raw,DCTN1,0.12403873146575616,0.45582415895310824,0.36283859126638096,0.30500145446369986
hepg2,jurkat,raw,PGS1,0.028876113195956583,0.37635285521694206,0.0744951302216375,
hepg2,jurkat,raw,MED17,0.48320906798610735,0.70443575339138,0.5356335271035318,0.7866481107974105
hepg2,jurkat,raw,PC,0.006799955589668034,0.0282131321917641,0.0,
hepg2,jurkat,raw,PRPF19,0.375147195177589,0.8617537805379033,0.6781211233392141,0.49074566132170744
hepg2,jurkat,raw,MYB,0.08732577911974665,0.08395103511615606,0.20755984004162217,
hepg2,jurkat,raw,RPL13A,0.042468648674466015,0.8736601751342723,0.5300765773231527,0.06240621822350526
hepg2,jurkat,raw,SEC61G,0.5964793961847332,0.9470570166224787,0.8653488062883608,0.6588882824663432
hepg2,jurkat,raw,NHLRC2,-0.01860111049435437,0.0,0.15891418705704413,
hepg2,jurkat,raw,DENR,0.5117555212072227,0.721526640166383,0.6835161308211675,0.7287221449031689
hepg2,jurkat,raw,CDC27,-0.022432655251932856,0.1925328562410615,0.050784922390008196,
hepg2,jurkat,raw,HSP90B1,0.49036695720850787,0.5312743394012093,0.7792241236042113,0.7621326783907955
hepg2,jurkat,raw,NAA20,0.3777127141986982,0.3785810339603117,0.7472195928846928,0.7101630169196287
hepg2,jurkat,raw,FAF2,0.24079048105223097,0.27087213661476045,0.23596524707714267,0.9524301287245962
hepg2,jurkat,raw,RFFL,0.009876995869950632,0.019745355273930305,0.0,
hepg2,jurkat,raw,CCND1,-0.0021512171234449574,0.48304934625271034,0.0,
hepg2,jurkat,raw,FGFR1OP,0.086799409325657,0.12028582342067258,0.30919687153413233,
hepg2,jurkat,raw,RPS15A,0.6016937223773322,0.8724008586490647,0.8554717784924362,0.6964895339637744
hepg2,jurkat,raw,HMX3,0.33825212676278654,0.7345441511228409,0.8010801303218754,0.44095432183355127
hepg2,jurkat,raw,RARS,0.5907424354891418,0.795724480935928,0.8292795013058586,0.7272208872363353
hepg2,jurkat,raw,NDUFB8,0.3835195097701702,0.7036972626299748,0.5645334023530437,0.608484765052629
hepg2,jurkat,raw,MRM1,0.47471021035929617,0.6787515374095053,0.7218382855555006,0.6781928445201623
hepg2,jurkat,raw,MIER1,0.09230238986383038,0.28672000915047696,0.5128167071121037,0.24071483822631473
hepg2,jurkat,raw,NMT1,0.1906458066736067,0.0,0.4890654441168204,
hepg2,jurkat,raw,ZNF24,0.06725103996953408,0.162260617320706,0.09820563213000008,
hepg2,jurkat,raw,TBCC,-0.03149846955780168,0.0,0.05206284615086871,
hepg2,jurkat,raw,NOP58,0.35929408920630407,0.9086604959175066,0.8493027943208694,0.4089949751857347
hepg2,jurkat,raw,INTS9,0.5605027483667306,0.8397706282320512,0.8338088085071262,0.6698293400526197
hepg2,jurkat,raw,RPSA,0.5073809177825404,0.9240453573825689,0.8613799210968849,0.5687090154823858
hepg2,jurkat,raw,UBE2H,0.07471750970051572,0.12425567810845743,0.22043862718951815,
hepg2,jurkat,raw,RPAP1,0.5177665624211848,0.9347469363738885,0.9005008169053228,0.5643453088557836
hepg2,jurkat,raw,HIST1H2BN,-0.022849467271788652,0.051591911422944864,0.10523782089292313,
hepg2,jurkat,raw,FKBP9,0.36517798030291343,0.5281230659849773,0.6082919691684463,0.6442893802419086
hepg2,jurkat,raw,RPL9,0.10783970181772708,0.9572944799975456,0.6692600293507248,0.13472818430339115
hepg2,jurkat,raw,HS6ST1,0.028546922831627193,0.0,0.0,
hepg2,jurkat,raw,EMC3,0.097201295441639,0.11548448262178425,0.5846181434924674,
hepg2,jurkat,raw,DNAJC8,0.5745670954898475,0.6063964931149646,0.7602936393204536,0.8461974883483475
hepg2,jurkat,raw,RHPN1,-0.007931807251242944,0.0,0.005246201896631747,
hepg2,jurkat,raw,CHTOP,0.08512433434302835,0.0,0.18802945540666163,
hepg2,jurkat,raw,MRGBP,0.21018647556596332,0.843855953784768,0.8321529706559556,0.2508239625228883
hepg2,jurkat,raw,ATF5,0.0248051421450273,0.8873945329796763,0.0,
hepg2,jurkat,raw,MED29,0.3692402452575033,0.5318291737993766,0.6113723041410019,0.6475451751451615
hepg2,jurkat,raw,RFC4,0.16191448286602111,0.09836672118065758,0.562472778883694,
hepg2,jurkat,raw,GINS2,0.5160441535184568,0.6664384397773782,0.819531262260841,0.6982711196831138
hepg2,jurkat,raw,LSM3,0.37034184709833273,0.637826543969795,0.8348380332733151,0.5075167505278559
hepg2,jurkat,raw,DDN,0.04275921726552893,0.0,0.03679610792656817,
hepg2,jurkat,raw,FARS2,-0.033394026580045096,0.04040355309826239,0.08415447291386745,
hepg2,jurkat,raw,SEPSECS,0.020604460998962223,0.034054815836436894,0.01562988234086017,
hepg2,jurkat,raw,AFG3L2,0.33621659218956607,0.5866623334302916,0.7616712412175939,0.5029690482948618
hepg2,jurkat,raw,MRPL39,0.38891894826302625,0.6695053056901162,0.7942458925361465,0.5333405474166223
hepg2,jurkat,raw,OSGEP,0.3490199023230497,0.2749981834126776,0.7365620739226939,0.7754978599236776
hepg2,jurkat,raw,UBR5,-0.04432824677085853,0.36330493365775884,0.61222084905898,-0.0939919910352751
hepg2,jurkat,raw,UQCRB,0.3049648418611049,0.5861754872416438,0.5995296461043246,0.5144351273154566
hepg2,jurkat,raw,ACTR3,0.12311159031830422,0.1684602249931116,0.23433710935930044,
hepg2,jurkat,raw,POLA2,0.044912321320283825,0.7179375348310905,0.34804839598047294,0.08984674632717561
hepg2,jurkat,raw,VARS,0.5719365336635959,0.9297812653132728,0.8849980702232076,0.6305017285093304
hepg2,jurkat,raw,HMGB3,0.41968683010559926,0.5902906776696587,0.7096208404603422,0.6484540366207423
hepg2,jurkat,raw,PSMB5,0.4310998575954348,0.9718948368300282,0.9289988259595928,0.45369151733731305
hepg2,jurkat,raw,RPS24,0.5885391500254932,0.9107060139953728,0.8375355983286933,0.6738831819328538
hepg2,jurkat,raw,HSPA14,0.06127487656661117,0.15081789871649073,0.39899479470134996,
hepg2,jurkat,raw,MRPL46,0.25382898348901256,0.44544459151954885,0.6080573168171844,0.4877217305074872
hepg2,jurkat,raw,NFYB,0.2879875572823941,0.6436663378272165,0.5983748443402287,0.4640413288600831
hepg2,jurkat,raw,SSBP3,0.056158243633647284,0.25942880027350834,0.22084433758307298,0.2346179786253337
hepg2,jurkat,raw,PXN,0.3562133112512882,0.503921283415677,0.6026342500495142,0.6464008047070048
hepg2,jurkat,raw,MRPL41,0.4962482964952283,0.7566100415283854,0.8287928353004667,0.6266715582292844
hepg2,jurkat,raw,MCM5,0.3561376490390748,0.5196376520224552,0.817514314445054,0.5464115850622233
hepg2,jurkat,raw,INTS10,0.2579888304881497,0.3811580833747801,0.5518348151217672,0.5625275386548771
hepg2,jurkat,raw,PRSS50,-0.019672374408291633,0.0,0.26101433147027114,
hepg2,jurkat,raw,ORC5,0.12573802458248295,0.0,0.5112556022951057,
hepg2,jurkat,raw,CBLN1,0.14513160479804565,0.3317753917044037,0.7535599765365212,0.2902558625073513
hepg2,jurkat,raw,IMPA2,0.22504885818203463,0.7425566456110031,0.3566419292505576,0.43731645504434996
hepg2,jurkat,raw,HECTD1,0.31979818281593286,0.20057674148606325,0.6213184140917528,0.9058965241469505
hepg2,jurkat,raw,U2AF1,0.3145935645363564,0.7833556789427824,0.6063886668220362,0.4564516677537062
hepg2,jurkat,raw,VBP1,0.09485580884516655,0.0,0.05512332007852399,
hepg2,jurkat,raw,RPN2,0.1433533720617574,0.21089982207447236,0.48661576092294995,0.4474831854224783
hepg2,jurkat,raw,DDX49,0.18047871340630608,0.2534516461602727,0.43970916270089067,0.5406244343145749
hepg2,jurkat,raw,SUGT1,0.22735069269409247,0.5732380609967976,0.39900408571763396,0.47537911872719835
hepg2,jurkat,raw,ITGB1BP1,0.3313024666537256,0.3208852193680624,0.6936520040742921,0.7022293711787914
hepg2,jurkat,raw,TSEN34,-0.007070503452894945,0.038835071629970457,0.053752675596365256,
hepg2,jurkat,raw,PEX19,0.06497671260291192,0.06578385437892811,0.220153147442671,
hepg2,jurkat,raw,NPLOC4,0.6320523070103872,0.8924748153159399,0.8564190701195582,0.7229560083223979
hepg2,jurkat,raw,PRPF3,0.37899752588785796,0.9362401831630889,0.4096228242032538,0.611998929684058
hepg2,jurkat,raw,CCNH,0.4916312500166303,0.6346933224945952,0.880986293606861,0.6574654570330845
hepg2,jurkat,raw,COPS4,0.16685845381732953,0.8055629983855225,0.7178686242604245,0.21941988039087995
hepg2,jurkat,raw,MED19,0.48281836969354747,0.8717815776939642,0.900863238564587,0.5448168225829533
hepg2,jurkat,raw,AATF,0.3386453195948022,0.8592899883461386,0.8194319822450514,0.4035698807846855
hepg2,jurkat,raw,TAF13,0.6433976628248932,0.8765356737730542,0.879750216667017,0.7326811016689971
hepg2,jurkat,raw,VPS13D,0.3166756435601411,0.28543638674558486,0.7131435546062812,0.7018939734893905
hepg2,jurkat,raw,ANAPC1,0.032134224661927516,0.40687270834074496,0.04728184693346245,
hepg2,jurkat,raw,COX10,0.20420208012240215,0.25791022495124144,0.719841059343928,0.4739227688272893
hepg2,jurkat,raw,SF1,0.23277738180120192,0.3598799943805816,0.43025914576708735,0.591557372459533
hepg2,jurkat,raw,MRPS10,0.12024326536919946,0.5797008022797194,0.35880680033425455,0.26365042646138426
hepg2,jurkat,raw,HIST2H3D,0.10784308942512352,0.11760670431244814,0.14599430687791265,
hepg2,jurkat,raw,PRMT5,0.3478978325627201,0.5877628870624657,0.7640914198274111,0.5191322167909265
hepg2,jurkat,raw,EIF5A,0.35020394532506144,0.8513981139749073,0.42748445667777035,0.5804897135875461
hepg2,jurkat,raw,KAT8,0.3711721431608159,0.18911674655775135,0.7688838019204737,
hepg2,jurkat,raw,ING3,0.17559980894901592,0.4829878780299787,0.6909259189233458,0.3039766196460025
hepg2,jurkat,raw,RPA2,0.28890839691870274,0.8874297180302791,0.41863970355052804,0.473994140863294
hepg2,jurkat,raw,TARS,0.5795789548916138,0.6833228210031769,0.8177830641082162,0.7753192887699584
hepg2,jurkat,raw,NDUFB7,0.2414526718430023,0.3691092288571838,0.5698208599708817,0.5264842597016114
hepg2,jurkat,raw,PDAP1,0.3589009760627245,0.42708532329583543,0.6586572695903434,0.6766865915335685
hepg2,jurkat,raw,CCDC59,0.11509796190270499,0.5834394186559815,0.8410060985522482,0.1643123386442116
hepg2,jurkat,raw,ADSL,0.07599006056385188,0.15982328853887762,0.4853450161547317,
hepg2,jurkat,raw,INTS3,0.5939259414611876,0.8076003286216846,0.8574506284019161,0.713722667227607
hepg2,jurkat,raw,TRAPPC8,-0.051091999282161925,0.24092038536332017,0.2727078396898461,-0.19932754199624
hepg2,jurkat,raw,OR1D2,0.056001548717270276,0.0,0.0,
hepg2,jurkat,raw,COTL1,0.39185243842450307,0.6117692561982726,0.8288563573096971,0.5502867972385371
hepg2,jurkat,raw,STX18,0.4195835255170542,0.0862582765274186,0.6949200723688959,
hepg2,jurkat,raw,DRAP1,0.3312393217779165,0.3243851838244576,0.7355331867098428,0.6781257652040723
hepg2,jurkat,raw,BET1,0.2226463437965148,0.5104897706993836,0.6034587480150275,0.4011421076512925
hepg2,jurkat,raw,INO80,0.3065185899620417,0.5541194498162171,0.671901233566129,0.5023453686750401
hepg2,jurkat,raw,UXS1,0.19042131534271833,0.22927472704911842,0.6120630308930948,0.5083225708222278
hepg2,jurkat,raw,RBMXL1,0.1642879937915878,0.08806070732412921,0.23695981215325743,
hepg2,jurkat,raw,BMS1,0.4727884740657164,0.9425309311360216,0.9071101035233027,0.5113156349039512
hepg2,jurkat,raw,MSL1,0.270857834883314,0.3208975802895834,0.5108389017649851,0.668984722774736
hepg2,jurkat,raw,UBC,0.0480308754424809,0.17660523319194094,0.2727100095083386,
hepg2,jurkat,raw,TNRC6A,0.2910683736872621,0.6238937686397974,0.7304993608533172,0.43115137472469856
hepg2,jurkat,raw,MRPL14,0.4386625448530841,0.38705543451709745,0.693908838547687,0.8464333360789527
hepg2,jurkat,raw,WDR77,0.19760041530625982,0.3211290786313306,0.7526393089297705,0.40193385449304264
hepg2,jurkat,raw,MRPS21,0.5478135158827262,0.7854668527659658,0.7979396629645641,0.6919644541351686
hepg2,jurkat,raw,CDCA5,0.26392607309056154,0.676635301022231,0.35815918254501944,0.5361260688007423
hepg2,jurkat,raw,MRPS16,0.47167945713773984,0.6482632433234995,0.6851397570631188,0.7077529341106518
hepg2,jurkat,raw,CRKL,0.05564429254499027,0.25122078035894363,0.2007702435351286,0.2477668344398429
hepg2,jurkat,raw,RAD9A,0.20521899502889754,0.24033809413071325,0.49004065130592317,0.5979848701173718
hepg2,jurkat,raw,BOP1,0.04192422893086861,0.925215750911192,0.8697737042056161,0.04673480535530432
hepg2,jurkat,raw,MST1,0.031138324006507595,0.0,0.0674509405737829,
hepg2,jurkat,raw,INTS1,0.19517140451366322,0.0,0.6930307920571391,
hepg2,jurkat,raw,EPB41L2,0.1686536503319598,0.2929579923976557,0.72950195456981,0.36482100899692627
hepg2,jurkat,raw,UFL1,0.3693722975822768,0.6996630197703918,0.5636622583858716,0.5881801754440623
hepg2,jurkat,raw,XRN2,0.3797679070894256,0.24297123703124474,0.6323307446359018,0.9688770742611671
hepg2,jurkat,raw,NOL9,0.02060677847694607,0.47495336562699686,0.6825809375039575,0.036191579716132447
hepg2,jurkat,raw,PPIA,0.5600081438271257,0.40888443234553784,0.7658077055113212,1.0007697944884906
hepg2,jurkat,raw,MSTO1,-0.1440813661908825,0.17555305834448695,0.0,
hepg2,jurkat,raw,COX7B,0.4211116128325416,0.4490868343359652,0.5227424947460562,0.8691368290875426
hepg2,jurkat,raw,PSMD4,0.5975849726423335,0.8242030391408335,0.7664465269143236,0.7518680525790808
hepg2,jurkat,raw,NBPF3,-0.03238129826630464,0.0,0.22163594777030649,
hepg2,jurkat,raw,PDPK1,0.0464239578352907,0.07072126001136836,0.2965788665050916,
hepg2,jurkat,raw,FASN,0.11895044764149748,0.4055251753014532,0.029039587839901994,
hepg2,jurkat,raw,WDR74,-0.031721421889622736,0.8167466028068334,0.5984079018881585,-0.045374339667213784
hepg2,jurkat,raw,DHX36,0.3488221135748219,0.32035465529076396,0.8349810773194019,0.6744506426277598
hepg2,jurkat,raw,RPL3,0.2231756198305317,0.9061971912125404,0.7157705229351538,0.2771076332966949
hepg2,jurkat,raw,GAPDH,0.01230417461821548,0.0754113259729733,0.1685759699032036,
hepg2,jurkat,raw,XAB2,0.39832634783652127,0.6231360615465086,0.5674519390510001,0.6698584645530886
hepg2,jurkat,raw,XRN1,0.41254916401285485,0.16533169127353667,0.7564783398192482,
hepg2,jurkat,raw,CTNNBL1,0.4168626874481828,0.5026421435151888,0.7603708531088815,0.6742964048970737
hepg2,jurkat,raw,PRPF18,0.4509760909416206,0.87231368369776,0.37356008031709703,0.7900179248654171
hepg2,jurkat,raw,METAP2,0.3514012938264607,0.38801378972531636,0.5190758870920704,0.7830046633316973
hepg2,jurkat,raw,LTV1,0.41207613925041964,0.9365529018928016,0.8886899774997593,0.45168552166719006
hepg2,jurkat,raw,BRIP1,0.022602205216249775,0.10029305950955762,0.38685531854814154,
hepg2,jurkat,raw,PRORP,0.14720564965244579,0.229068772923403,0.5876544667144481,0.40121809614280307
hepg2,jurkat,raw,DDX17,0.4903173648550478,0.6173495473140728,0.5259369496849379,0.8604880940057542
hepg2,jurkat,raw,HNRNPA1,0.5647066294329941,0.607921232880727,0.7318912068426795,0.8465955188405582
hepg2,jurkat,raw,RMI1,-0.10471673002356663,0.2472305885056143,0.33420381580553216,-0.3643000817298896
hepg2,jurkat,raw,XRCC5,0.5566973553231027,0.7510300928281487,0.8686274986877154,0.6892451227849902
hepg2,jurkat,raw,BNIP1,0.3374927718841977,0.48364188837449557,0.759509801035807,0.5568469311604254
hepg2,jurkat,raw,ECD,0.10206870652793293,0.4633953178259801,0.08719416923972309,
hepg2,jurkat,raw,PNN,0.5316850198971038,0.8948730821436824,0.7874429267862154,0.6333797275089429
hepg2,jurkat,raw,CTDP1,0.27385988290937824,0.22615601149327788,0.8109777023464025,0.6394695852887897
hepg2,jurkat,raw,ZNF706,0.1807142449589359,0.1305792515781119,0.392489532371558,
hepg2,jurkat,raw,C19orf25,0.12224012006069211,0.365231115692089,0.579871635254148,0.26562194352259516
hepg2,jurkat,raw,ATP6V1G1,0.5476807579579648,0.7501565006073219,0.6986089001246085,0.7565445154648351
hepg2,jurkat,raw,YBX1,0.2356685068156249,0.34974713759241877,0.5785186594079466,0.5239209684139706
hepg2,jurkat,raw,MRPS30,0.35027068054064525,0.6951102016639701,0.5434073276299204,0.5699204093894095
hepg2,jurkat,raw,TFRC,0.16946725100929144,0.6268610760151097,0.35479538200354177,0.35934462530804284
hepg2,jurkat,raw,POLD2,0.2987488708020964,0.8432282362316473,0.7303704583714061,0.38068178990262597
hepg2,jurkat,raw,TEAD3,0.17888157573844923,0.223091981220793,0.08719088897013125,
hepg2,jurkat,raw,SIN3A,0.3342714546157838,0.3516419359572794,0.559428232840361,0.7536622627868614
hepg2,jurkat,raw,PNKP,-0.015014987301986991,0.0,0.2049660806904496,
hepg2,jurkat,raw,RPL36AL,0.3169665986537506,0.4861367455843827,0.35332466083742553,0.7647989789620833
hepg2,jurkat,raw,RTTN,-0.023703713433992666,0.0,0.0193489480170062,
hepg2,jurkat,raw,NAT10,0.3614351387582129,0.6818243986917905,0.5143540316463874,0.6103276271289655
hepg2,jurkat,raw,MAU2,0.1255399885605705,0.1300229429617314,0.8196994896445204,
hepg2,jurkat,raw,EEF1B2,0.14135848397412235,0.25433062888695035,0.5661435186263902,0.3725283050142846
hepg2,jurkat,raw,BUD13,0.5264604892667709,0.7300115637181273,0.848251283715476,0.6690193060161057
hepg2,jurkat,raw,NDUFS5,-0.007856062429252538,0.1858895178658119,0.15791487756659284,
hepg2,jurkat,raw,RPL12,0.3949083904980021,0.9218628491098405,0.5168601510759211,0.5721062330435442
hepg2,jurkat,raw,FRG2,-0.12864395565331102,0.0,0.0,
hepg2,jurkat,raw,RUVBL2,0.1898021005269376,0.8543504941145726,0.20365860002286906,0.4550211669842345
hepg2,jurkat,raw,CDC5L,0.3813051017850376,0.7655602953270504,0.5726703609487289,0.5758780988336326
hepg2,jurkat,raw,EHMT2,-0.042265242385470574,0.26456076417801405,0.8197245104122732,-0.0907583695390171
hepg2,jurkat,raw,NCAPH2,0.09064804309830525,0.6257746476235553,0.7680249770565322,0.13075604587786044
hepg2,jurkat,raw,TMSB10,0.263370113869223,0.6887690948097402,0.563413528896849,0.4227815531825627
hepg2,jurkat,raw,EIF3A,0.6513670807031703,0.9354721486755323,0.8960598497720836,0.7114458756004162
hepg2,jurkat,raw,CDK7,0.2312221416208496,0.1614830786305144,0.4766581425231904,
hepg2,jurkat,raw,SPC25,0.23221853069589182,0.7792033487478872,0.11582871824653562,
hepg2,jurkat,raw,RPS10,0.3432874515352669,0.6517023549386769,0.6339715279228111,0.5340702744930367
hepg2,jurkat,raw,ACOT12,3.98208847465622e-05,0.11079403663543552,0.13777743378650636,
hepg2,jurkat,raw,SPAG7,0.17859079245125165,0.31597982674811304,0.47508942289811645,0.4609371425459971
hepg2,jurkat,raw,CRNKL1,0.18191670183187347,0.6088373109668498,0.13924402535326308,
hepg2,jurkat,raw,SYS1,0.12306316255531255,0.6585613692818252,0.23793079130600736,0.3108884741293069
hepg2,jurkat,raw,ADAT2,-0.06364309553189666,0.1321871314039816,0.058341356412765354,
hepg2,jurkat,raw,RANGAP1,0.14374479715539606,0.6363070034251084,0.35165557335433517,0.303878539388228
hepg2,jurkat,raw,YBX3,0.19655525558984555,0.4387086306836219,0.19580120781651192,
hepg2,jurkat,raw,MMP17,0.3451808109099443,0.6352974065986955,0.6657775967409508,0.5307542920427138
hepg2,jurkat,raw,ZNF317,0.061168341578064035,0.1835931504878195,0.4785587848728836,
hepg2,jurkat,raw,EXOC8,0.03305681302548328,0.22481403328229446,0.18064365898812684,
hepg2,jurkat,raw,SARS2,0.15927448053675564,0.169318128461508,0.45773275561666704,
hepg2,jurkat,raw,PYROXD1,0.37495488465668186,0.2872940982327691,0.5532336460567295,0.9405055679938042
hepg2,jurkat,raw,TADA3,0.28138901791947935,0.37585620953274307,0.608852138344531,0.5882207778119966
hepg2,jurkat,raw,MAX,0.3779208125538828,0.6064614968909219,0.7576763643987808,0.5575159839236661
hepg2,jurkat,raw,CNOT1,0.40598583311086234,0.893019372340361,0.7095355306478592,0.5100272318995751
hepg2,jurkat,raw,VPS33A,0.08342388003648661,0.016433309486355917,0.32182341462053876,
hepg2,jurkat,raw,RIOK2,0.4703615887589794,0.8508772226204854,0.7917885888353127,0.5730516671951178
hepg2,jurkat,raw,COG4,0.1123697052248383,0.11734615689403237,0.5829938485100468,
hepg2,jurkat,raw,ZNF100,0.03482821063604226,0.2422134546243868,0.0,
hepg2,jurkat,raw,KIF18B,0.1597651027008228,0.8259366304520657,0.6676589987583866,0.21514497435656046
hepg2,jurkat,raw,MDN1,0.07654573880631019,0.96149765923032,0.8104547032008116,0.08671266423331352
hepg2,jurkat,raw,UBA5,0.4173075398951102,0.7859057961383924,0.5906387959371399,0.6125055111109078
hepg2,jurkat,raw,TM7SF2,-0.0012930631097585108,0.011025086889527561,0.09580438331386983,
hepg2,jurkat,raw,PSMD8,0.07606552651650936,0.7311765867334011,0.08903781686094497,
hepg2,jurkat,raw,DDX52,0.40155137215382,0.8927719473700063,0.9071300628397335,0.44620667889614
hepg2,jurkat,raw,YY1,0.32073401705947896,0.3584231762744863,0.6421883504065877,0.6685221020702758
hepg2,jurkat,raw,TFIP11,0.24835425286678134,0.6650064833468722,0.3040353197910337,0.5523274687045029
hepg2,jurkat,raw,NVL,0.07498005318874497,0.9495467829345114,0.8623218493238557,0.08286151427198682
hepg2,jurkat,raw,U2SURP,0.5253736205854788,0.8712939631273235,0.5400116284513902,0.7659216651233897
hepg2,jurkat,raw,SUDS3,0.40817474992227815,0.6742003130013106,0.7896736914427168,0.5594069088354673
hepg2,jurkat,raw,RPS3A,0.6076325622401254,0.9299635668688295,0.8550471465894744,0.6814171202648917
hepg2,jurkat,raw,GPKOW,0.5755166602430768,0.8501068054944199,0.7109989722518578,0.7402640642887889
hepg2,jurkat,raw,DDX19B,0.015110031579008943,0.0,0.21653801231761602,
hepg2,jurkat,raw,EIF4B,0.6949353158712522,0.8209525644295461,0.9130917823235978,0.8026535551006992
hepg2,jurkat,raw,GART,0.22946229190549736,0.32978544737261767,0.20331871163313997,0.8861493206190412
hepg2,jurkat,raw,OLFML3,0.03677420986064338,0.06754379689220409,0.1501747823029563,
hepg2,jurkat,raw,SRP14,0.5329004582699864,0.7261712444370154,0.7625466483197263,0.716132463993429
hepg2,jurkat,raw,PRPF38B,0.23047901516135985,0.21947741848918625,0.511576649886862,0.6878299956211296
hepg2,jurkat,raw,POP5,0.1203793619588163,0.7072591606420877,0.8334565398898653,0.15679104949876568
hepg2,jurkat,raw,PRELID3B,0.388801918900848,0.9119508355203214,0.6185767260208741,0.5176615389266128
hepg2,jurkat,raw,OSBP,0.03767886629280898,0.3504223141875113,0.1941663419060323,
hepg2,jurkat,raw,MED16,0.16510989585215508,0.05168240583571113,0.5196170553979792,
hepg2,jurkat,raw,HIST1H2BE,0.008526364358539675,0.0,0.1070426803424637,
hepg2,jurkat,raw,PABPC4,0.3918281235126257,0.516046080298821,0.7923217341104646,0.6127743499154914
hepg2,jurkat,raw,THRAP3,0.3541012506659798,0.5190326796412779,0.6872298332167345,0.59289680086743
hepg2,jurkat,raw,COQ2,0.12708826821954175,0.0,0.5249464464784632,
hepg2,jurkat,raw,DDX1,0.3632505516840579,0.3036501613041715,0.6142086185320882,0.84112699504144
hepg2,jurkat,raw,RRS1,0.02169457385186082,0.9729421390713002,0.925578017131906,0.022861309393544867
hepg2,jurkat,raw,KRTAP4-7,-0.09272503862429034,0.0,0.0,
hepg2,jurkat,raw,EIF3E,0.4625856411097978,0.8414617887611454,0.6998900627781455,0.6027816662263896
hepg2,jurkat,raw,PRODH,-0.02424518418348842,0.0,0.0,
hepg2,jurkat,raw,CMPK1,0.003614785852323855,0.0,0.08722369257728761,
hepg2,jurkat,raw,CCNB1,0.39247204859831714,0.3915100568095793,0.4484584185994611,0.93664750474822
hepg2,jurkat,raw,PHB,0.35289919600351727,0.9594087613059414,0.8030676854953599,0.40204323004844017
hepg2,jurkat,raw,SMARCB1,0.0177780795109053,0.5356540200809369,0.535067929131535,0.03320765430717406
hepg2,jurkat,raw,SLC35G6,-0.015941781228015938,0.0,0.008755100752117825,
hepg2,jurkat,raw,COPS6,0.21336252774692654,0.3630779318399804,0.4980473272629275,0.5017448395838455
hepg2,jurkat,raw,MRPL15,0.27280639487626324,0.5899298214124228,0.4807610455991073,0.5122591630398531
hepg2,jurkat,raw,SCNM1,-0.09307504983925174,0.08679548136279902,0.0,
hepg2,jurkat,raw,CYCS,0.3074677187898601,0.44197774604745677,0.5668899341859523,0.614256769612585
hepg2,jurkat,raw,RBMX,0.16557906858942897,0.4195678478725458,0.21646967703721282,0.5494216902097017
hepg2,jurkat,raw,HEATR1,0.14976730665610669,0.8755777840490349,0.8115539685313199,0.1776687103588945
hepg2,jurkat,raw,CCDC137,0.052176094143037255,0.3449467082560189,0.3819229098417784,0.14374995166777
hepg2,jurkat,raw,PMF1,0.3729923079923201,0.7334394890039622,0.7379514957290273,0.5069951706463474
hepg2,jurkat,raw,UPF2,0.5673987260890727,0.7210925737556061,0.8730941892747967,0.7150926199791593
hepg2,jurkat,raw,DICER1,-0.004436902017059636,0.12471127139516944,0.6611290241214801,
hepg2,jurkat,raw,VPS41,0.06307139307660348,0.44657386609596583,0.11273626394224204,
hepg2,jurkat,raw,WEE1,0.04102680671346954,0.5888890591960324,0.0,
hepg2,jurkat,raw,ACSS2,0.18868062672000507,0.3379020087895949,0.6905531752701042,0.390601008294363
hepg2,jurkat,raw,ELOVL1,0.07930559914846347,0.23245175929621464,0.23787916778892637,0.3372556441684378
hepg2,jurkat,raw,ERCC3,0.10287369005359993,0.0,0.7936738867687286,
hepg2,jurkat,raw,NSMCE2,-0.02652182340918458,0.23978833083031534,0.23922751223574049,-0.1107347156465059
hepg2,jurkat,raw,AURKA,0.1286443763169728,0.32341375814973367,0.0,
hepg2,jurkat,raw,RBX1,0.21880765143032632,0.7161568015634542,0.8301248064101777,0.28378324353741785
hepg2,jurkat,raw,NOC2L,-0.05564954233161968,0.7764105687030748,0.7395873981785245,-0.07343804829543406
hepg2,jurkat,raw,PPRC1,0.7705740846586633,0.723143021911787,0.8615414845926865,0.9762570925438155
hepg2,jurkat,raw,COMTD1,0.4301196649408679,0.5099514417683867,0.729603685973451,0.7051497838684488
hepg2,jurkat,raw,RRP9,0.28493474252377027,0.41287818475791344,0.8519983990327893,0.48041332969942996
hepg2,jurkat,raw,OR2T29,-0.10133628831980912,0.13310592905395305,0.0,
hepg2,jurkat,raw,CTBP2,-0.0008335040790725464,0.0,0.39958949404167354,
hepg2,jurkat,raw,DMAP1,0.29142048311608343,0.5938237299704052,0.6867112309006235,0.45635648295321835
hepg2,jurkat,raw,CTCF,0.15009791375981957,0.6750943298282405,0.5187186936648872,0.25364509951110914
hepg2,jurkat,raw,SLC4A5,-0.03363497109534834,0.1947255688976609,0.21316692860661912,
hepg2,jurkat,raw,GINS3,0.29469329472150596,0.4143109553552369,0.6591496706014688,0.5639167907279863
hepg2,jurkat,raw,SRCAP,0.16128481967111047,0.0,0.6093037593258707,
hepg2,jurkat,raw,RBM28,0.002827366646558067,0.9449867221138796,0.8626756938668424,0.00313145010594283
hepg2,jurkat,raw,TBCD,0.10475853681689919,0.45604708296873775,0.26940551219755665,0.29886932597127336
hepg2,jurkat,raw,NSF,0.1234889338913095,0.1313562138278507,0.2385713069173175,
hepg2,jurkat,raw,POLR2B,0.33138327909382687,0.927791874922122,0.3414462564917188,0.5887679092578518
hepg2,jurkat,raw,BCR,0.34533930790788725,0.31950817936716025,0.3144593971672714,1.0894887128216015
hepg2,jurkat,raw,UQCRC2,0.2939495928169051,0.3305452787324472,0.6371588870640139,0.6405212038595698
hepg2,jurkat,raw,FNBP4,0.2662292913058937,0.43831257088890896,0.7823597825918638,0.4546326419175687
hepg2,jurkat,raw,CFDP1,0.12282153063221689,0.531836894903758,0.5536226460111409,0.22634888053969748
hepg2,jurkat,raw,GNPNAT1,0.17871412569738998,0.0,0.2412515448237919,
hepg2,jurkat,raw,AASDHPPT,0.06663392197011098,0.0,0.05043220435415254,
hepg2,jurkat,raw,PALB2,0.07908214771857326,0.11739018579434901,0.23636114313616796,
hepg2,jurkat,raw,SNAPC2,0.5755502978746035,0.7926783861463063,0.7944917971453686,0.7252538884578036
hepg2,jurkat,raw,DHPS,0.16992932026308014,0.26678622762870974,0.20962064817646187,0.7185708367382925
hepg2,jurkat,raw,ALG1L,0.028559424019986505,0.0,0.4978480571038604,
hepg2,jurkat,raw,SKP1,0.19957258271133327,0.7111593691837107,0.16055756205877814,
hepg2,jurkat,raw,TXN,0.2508279486086208,0.3125089245098016,0.6727236805797614,0.547049161095265
hepg2,jurkat,raw,CDC6,0.22884879989122134,0.8372670871500277,0.3520381790732633,0.4215234562772242
hepg2,jurkat,raw,HSPA9,0.325521719589948,0.9755567635041887,0.7388778396374276,0.3834134804758954
hepg2,jurkat,raw,SPCS3,0.49402655234591597,0.4027677169487481,0.8055843902035501,0.8672962002840422
hepg2,jurkat,raw,PRPF38A,0.3067751105064615,0.329252658335206,0.5073796424933703,0.7505661205888052
hepg2,jurkat,raw,RPL30,0.12871994400927184,0.9666206736905038,0.7358447935786497,0.15262465377624873
hepg2,jurkat,raw,RNF8,-0.05681015973352694,0.0,0.10876805077911471,
hepg2,jurkat,raw,MEIS3,0.4297593917013395,0.6228554990005155,0.9068086174029963,0.5718391765708749
hepg2,jurkat,raw,FAM72D,0.02145398016507599,0.0,0.07338462847516007,
hepg2,jurkat,raw,ISG20L2,0.04501859148033563,0.9343422582489893,0.8130986955706043,0.051649637164562334
hepg2,jurkat,raw,CACNB3,0.16586519868759136,0.2919264674962181,0.20784327769217842,0.6733650107947686
hepg2,jurkat,raw,LAMTOR3,0.3373210213545694,0.41371375943293254,0.585211434936395,0.685546664782973
hepg2,jurkat,raw,USPL1,0.14257051823551325,0.7427878060511584,0.2556170261090057,0.32719183433190396
hepg2,jurkat,raw,CACTIN,0.4986123581660489,0.8954793581377037,0.47829507585641834,0.7618812643158344
hepg2,jurkat,raw,NUFIP1,0.11650331952939616,0.16049899987362262,0.45167474473314534,
hepg2,jurkat,raw,RINT1,0.319036130262986,0.2783092138757484,0.7209498092555682,0.7122354090326166
hepg2,jurkat,raw,NELFE,0.3178627063123489,0.7582189021044109,0.8334273832307316,0.39986039473543633
hepg2,jurkat,raw,USP19,-0.02770484161945889,0.11487336293860412,0.0,
hepg2,jurkat,raw,CNOT11,0.204190030217919,0.2512961708450504,0.647817543768195,0.5060754213136112
hepg2,jurkat,raw,MYSM1,0.1981362482847789,0.17045261145969992,0.6777182789883098,
hepg2,jurkat,raw,LYRM4,0.1921530338323783,0.33958371514550745,0.4301722904503511,0.5027506053203888
hepg2,jurkat,raw,NUDC,0.3437571419570342,0.761265695776355,0.8331900364113944,0.4316299440651758
hepg2,jurkat,raw,SETD5,0.12390098200007085,0.24504324286103565,0.18764293081662028,
hepg2,jurkat,raw,LRRC37B,0.17651921102953635,0.015584281350381224,0.41700857244476847,
hepg2,jurkat,raw,WDR55,-0.08404708832635896,0.36061301390897954,0.6464302265368269,-0.17407690119784577
hepg2,jurkat,raw,WDR24,-0.10882673785189519,0.8118732109648239,0.20051665128339108,-0.26972194568485475
hepg2,jurkat,raw,LIN54,-0.06834050931870075,0.2196851707249971,0.5782799397623859,-0.19173825765427027
hepg2,jurkat,raw,PTBP1,0.28597406002274967,0.2805543220218765,0.3358856185056758,0.9315849307521235
hepg2,jurkat,raw,ZNF506,-0.00020989614155672353,0.0,0.30099382366345623,
hepg2,jurkat,raw,USP9X,0.03756575950080583,0.09776499856275242,0.17209896535971336,
hepg2,jurkat,raw,MRPS23,0.32777665569769937,0.7129386577384015,0.5115028212127364,0.5427851046342782
hepg2,jurkat,raw,STAT5A,-0.014559114172403544,0.017439807117920255,0.0,
hepg2,jurkat,raw,NF1,0.20549915771839253,0.28997908226151803,0.5378526012741932,0.5203494189570073
hepg2,jurkat,raw,LURAP1,0.009886031797007266,0.0,0.154523048788065,
hepg2,jurkat,raw,FBXW7,0.2002569984509787,0.0,0.5792169812018271,
hepg2,jurkat,raw,RPS19,0.49574260687766275,0.9699927540153519,0.9363538516385291,0.5201780239549556
hepg2,jurkat,raw,NAA10,0.4145917173484281,0.6832196516085697,0.8399913560993634,0.5472717597239705
hepg2,jurkat,raw,YEATS4,0.29227613026165544,0.10850558720036257,0.7724547760937753,
hepg2,jurkat,raw,SRSF6,0.2975888210079071,0.5490465005556587,0.5830928740463903,0.5259484528500061
hepg2,jurkat,raw,RBM25,0.38376996070954306,0.7621139742224047,0.7481655552896426,0.5082321802398518
hepg2,jurkat,raw,CDC40,0.2708045345736036,0.09097113299184627,0.48296451288847236,
hepg2,jurkat,raw,PPY,-0.04647296494505308,0.0,0.048607151770777075,
hepg2,jurkat,raw,COASY,0.1458437246233674,0.21143347049824132,0.4872923576131272,0.4543662634478472
hepg2,jurkat,raw,ZNF559,0.45620699508030693,0.39532993952880785,0.6090110399900042,0.929757101806694
hepg2,jurkat,raw,USP37,0.21217579351226992,0.5491206420777125,0.19564673264689655,
hepg2,jurkat,raw,PPIL1,0.18978561656884263,0.3972489652195582,0.3364783904850144,0.5191027371487408
hepg2,jurkat,raw,GEMIN8,0.30986158909087935,0.25313949310889955,0.46328613362577475,0.9048219755780695
hepg2,jurkat,raw,GABPA,0.3446019439668357,0.716243622090292,0.8536764719455524,0.44069759773654066
hepg2,jurkat,raw,ZBTB11,0.27349598521610996,0.544407776437531,0.603770795179436,0.4770377460982429
hepg2,jurkat,raw,ADRM1,0.4057122290342638,0.32736336287181605,0.5888797717246416,0.9240378130582216
hepg2,jurkat,raw,MRPL33,0.17555884632899577,0.28321323043942637,0.5091378840499496,0.4623259201603351
hepg2,jurkat,raw,GTF2H3,0.055352082107776146,0.23781675127399587,0.6936970215539162,0.13627865098644226
hepg2,jurkat,raw,LSM12,0.4866057046670217,0.43145196866225866,0.653140975255381,0.9166583594918195
hepg2,jurkat,raw,ATP6V0B,0.37719618955856016,0.7575610020124793,0.47349152006115985,0.6297996126614916
hepg2,jurkat,raw,N6AMT1,0.07842995770903888,0.4633068223354794,0.14209397240792004,
hepg2,jurkat,raw,NEDD1,-0.05967050050747414,0.18360344811133314,0.11457774815286237,
hepg2,jurkat,raw,PFDN6,0.15194142583225562,0.23311432791634307,0.3706573869305545,0.5168986334310594
hepg2,jurkat,raw,EXOSC8,0.48412391355698026,0.8987318447410297,0.8252923706255171,0.5621310245273627
hepg2,jurkat,raw,NUP54,0.462102583548388,0.708446092277811,0.5373907937733559,0.7489276779245841
hepg2,jurkat,raw,CCDC115,0.0012756044458155562,0.2308404624862404,0.5988253454284862,0.003430915085579964
hepg2,jurkat,raw,TOMM40,0.4340740898229692,0.5121333931623432,0.6902796887922159,0.7300620418077215
hepg2,jurkat,raw,TTC4,0.2658332496674175,0.4965628091825889,0.5009504526115575,0.5329970667930913
hepg2,jurkat,raw,RPL35,0.227128964452673,0.9780893878127519,0.6630857779242778,0.2820320023813472
hepg2,jurkat,raw,MED21,0.5472222116362215,0.707670479698079,0.7183336817741087,0.7675118014618244
hepg2,jurkat,raw,ZMAT5,0.09273395003831221,0.16428664346318128,0.5936330779753244,
hepg2,jurkat,raw,ZBTB44,0.17712964338754225,0.2613743586106877,0.46605393371817516,0.5075065704504057
hepg2,jurkat,raw,POLR3E,0.19149316666505772,0.29779894493419884,0.5983069232303819,0.4536591654262019
hepg2,jurkat,raw,EXOSC4,0.49613336165500604,0.9252054328090535,0.9225705442400514,0.5370065118721119
hepg2,jurkat,raw,KEAP1,0.35805989015524203,0.866975591839142,0.644772075770115,0.4789047321688911
hepg2,jurkat,raw,MTHFD1,0.25707400249868806,0.2208171213869638,0.8058319744505213,0.6094239804911906
hepg2,jurkat,raw,PES1,0.041312179534869244,0.9138582486001126,0.8673563830533616,0.04640234197520201
hepg2,jurkat,raw,WBP1L,0.021000284027449675,0.0,0.023001761974021172,
hepg2,jurkat,raw,GTF2E1,0.2758824425125413,0.36006607890210757,0.730403796138902,0.5379618108959315
hepg2,jurkat,raw,RNF14,-0.0016769102926430858,0.09769047682614537,0.17450019666299582,
hepg2,jurkat,raw,HSPA8,0.16677739615798048,0.4762132067798044,0.629129296771945,0.3046958341701601
hepg2,jurkat,raw,KLHL11,0.013101666637843526,0.0,0.1564494177170507,
hepg2,jurkat,raw,RPL13,0.21475791506536251,0.952012772695849,0.8075022566521108,0.2449378600016747
hepg2,jurkat,raw,MPG,0.08795733113453329,0.44127489606010606,0.5466892307931093,0.17908003604820183
hepg2,jurkat,raw,PSMB3,0.07676543201380792,0.8991369045117952,0.07098503713261677,
hepg2,jurkat,raw,BRD8,0.18712598031577501,0.18819852556662708,0.6013629361889168,
hepg2,jurkat,raw,ELP6,0.2869482243246239,0.42149622396349884,0.35549076642923794,0.7412974993196201
hepg2,jurkat,raw,GAR1,0.06341926515187989,0.6652970972848125,0.6641480675360585,0.09540715257344673
hepg2,jurkat,raw,RABGGTB,0.2488753956606516,0.766862684822759,0.5501561755103094,0.38315999989980076
hepg2,jurkat,raw,TREX2,0.27889808907434027,0.8233319431463552,0.4021431502232134,0.4846940831570861
hepg2,jurkat,raw,PRRC2A,0.43654442683704653,0.5976741410080559,0.7260633584537557,0.6626877689985492
hepg2,jurkat,raw,RPS28,0.5965828987452995,0.8402077559925303,0.8201573268279208,0.7186689347376054
hepg2,jurkat,raw,MRPL20,0.3325934960781321,0.49051868419628836,0.5397236434065518,0.6463983709450992
hepg2,jurkat,raw,MRPL50,0.16411643458835456,0.27876060429376476,0.5954560747061943,0.40282044940962924
hepg2,jurkat,raw,CHCHD1,0.29437811233333794,0.412446386664779,0.43611159657594545,0.6941014424849468
hepg2,jurkat,raw,CARS,0.3532739101426064,0.5893124389757561,0.5214087135986165,0.6373083650215411
hepg2,jurkat,raw,RPS12,0.6104735789190592,0.928629559912699,0.7729878433236457,0.7205419800995989
hepg2,jurkat,raw,FDXR,0.08615608213322236,0.10865248133976184,0.4224223762304038,
hepg2,jurkat,raw,ARGLU1,0.3446189096190112,0.6116267928293739,0.7047861675299083,0.5248886322721643
hepg2,jurkat,raw,CCND3,-0.021304994913492845,0.0,0.07590375407523854,
hepg2,jurkat,raw,CASP8AP2,0.07423149599770731,0.39116655973852,0.0020911716772149527,
hepg2,jurkat,raw,NOL12,0.09724677192647355,0.8732786407816722,0.8084882847124409,0.11573425206751276
hepg2,jurkat,raw,CD2BP2,0.09760343799708121,0.15825808346390452,0.46720111419528854,
hepg2,jurkat,raw,UPF3A,-0.01527594620999297,0.2984412045042272,0.3308739456687439,-0.04861244258015911
hepg2,jurkat,raw,ATP5F1A,0.3697665790517174,0.8209451842600375,0.6282962147489426,0.5148590534687871
hepg2,jurkat,raw,TLN1,0.2820086292566809,0.3421153802325166,0.36657167943831487,0.7963365394746063
hepg2,jurkat,raw,MCM10,0.10744278954305428,0.6613912606575446,0.07053707208544782,
hepg2,jurkat,raw,PPA1,0.44733089807163956,0.5608312537339813,0.6816506867933481,0.723488870356225
hepg2,jurkat,raw,PRDM10,0.06523964582015421,0.0,0.5724265020548376,
hepg2,jurkat,raw,COX17,0.11267952190994447,0.15844691813889963,0.4884959575392038,
hepg2,jurkat,raw,WARS,0.3780835385159073,0.7192270788634164,0.6742938302879279,0.542912899881829
hepg2,jurkat,raw,PFDN2,0.591191638613383,0.8063214012750469,0.7680121349874643,0.7512597969211362
hepg2,jurkat,raw,HNRNPR,0.38798182705029305,0.2988136797625042,0.54190424044676,0.9641616901250506
hepg2,jurkat,raw,GSK3B,0.11775252792150899,0.26129499626374775,0.6158050493864751,0.29355066595503715
hepg2,jurkat,raw,AKIRIN2,0.0965299973562512,0.3625107101236515,0.4994862025364676,0.22685070079803762
hepg2,jurkat,raw,ATP5PO,0.33518942305125565,0.4457802213941808,0.6759251242957539,0.6106334815942575
hepg2,jurkat,raw,PEX1,0.031098329937791727,0.4015797565478222,0.5021642555910679,0.069251352990878
hepg2,jurkat,raw,PGK1,0.5438875445222148,0.4740742928562687,0.7197153575780161,0.9311197215344282
hepg2,jurkat,raw,OR7A17,-0.012703912326655901,0.10817268666778472,0.09702947197903693,
hepg2,jurkat,raw,AHCTF1,0.09826151385573673,0.635818588477716,0.18643879083742104,
hepg2,jurkat,raw,CWF19L2,0.3172777205967432,0.6597121364756685,0.7694392868974741,0.44532303610497864
hepg2,jurkat,raw,SF3B2,0.344572449652988,0.7902281223860549,0.30897224098111203,0.697340001629296
hepg2,jurkat,raw,POGZ,-0.10221869614873452,0.19659150328282968,0.10009359715709909,
hepg2,jurkat,raw,RPS11,0.6007546610462033,0.9320728355359164,0.7424929783900877,0.7221477260253071
hepg2,jurkat,raw,TIMM9,0.1923507685250803,0.2004844192811897,0.5817523368586874,0.5632283983955835
hepg2,jurkat,raw,WAC,0.10950536860158971,0.14282913584552837,0.6721709607416229,
hepg2,jurkat,raw,SLBP,0.39708306216137046,0.6690300997575136,0.8161901202160768,0.5373569459933921
hepg2,jurkat,raw,POLR3C,0.4283691863354297,0.42936439113491415,0.7307904284665572,0.7647311595341013
hepg2,jurkat,raw,POLR2L,0.10878297380850638,0.4203289742697128,0.0,
hepg2,jurkat,raw,AAMP,0.11439845935927662,0.42488675980130447,0.6216184318657376,0.22259819326451916
hepg2,jurkat,raw,SNRPG,0.2879904674027733,0.8542469902234856,0.24347211141217107,0.6314831592248024
hepg2,jurkat,raw,EIF3M,0.5270402436984746,0.9422198706428011,0.9185908866969482,0.566508698430768
hepg2,jurkat,raw,TIMM13,0.4394861459031457,0.700360329478768,0.7350776891145547,0.6125165099980956
hepg2,jurkat,raw,C7orf50,-0.07568955275538325,0.10693557705800082,0.0,
hepg2,jurkat,raw,SPATA5,0.15466678419083787,0.6802380015233677,0.4620776106350704,0.27587296833990993
hepg2,jurkat,raw,PTPN11,0.40679999281350054,0.3657295857013948,0.5802403067363712,0.883073683523851
hepg2,jurkat,raw,MRPS5,0.12767883668517718,0.7381429628690503,0.43978879353275746,0.22409212547566326
hepg2,jurkat,raw,BYSL,0.19924894475041324,0.9308977995012593,0.8352231779563261,0.2259663441124973
hepg2,jurkat,raw,HMGCS1,0.6173183898694629,0.7141305168741637,0.8362900299322754,0.7988071785954783
hepg2,jurkat,raw,ACTR1B,-0.09054415441791847,0.0,0.18852471936935813,
hepg2,jurkat,raw,TMED10,0.42026207124509074,0.6014672762203804,0.6336623260720845,0.6807462396802509
hepg2,jurkat,raw,STARD7,0.03468316757885941,0.14286654822622447,0.08324079094266658,
hepg2,jurkat,raw,SFSWAP,0.22841656012802436,0.6571790078631911,0.38957873135137944,0.45142761889996236
hepg2,jurkat,raw,MRPL19,0.3738489490023395,0.5317000177315832,0.628098129481239,0.6469177637713983
hepg2,jurkat,raw,WDR54,0.02089195432333648,0.21081599566787668,0.0,
hepg2,jurkat,raw,MPHOSPH10,0.41381783950216694,0.9234263575551332,0.8540943413590818,0.46596699204622816
hepg2,jurkat,raw,C1orf131,0.35349937104063206,0.8609219061832105,0.8198531964782773,0.42076413942791796
hepg2,jurkat,raw,EXOC5,0.307929495387259,0.38152150891283143,0.6782357953583974,0.6053428586695547
hepg2,jurkat,raw,ACTR6,0.1858068593884775,0.39700092805281534,0.7701722849765114,0.33602534725071637
hepg2,jurkat,raw,GPR61,-0.04738618175117622,0.021435344478839317,0.17999436793276724,
hepg2,jurkat,raw,TIPIN,0.11465964225041092,0.5009866076991358,0.29268463999205085,0.2994315500120278
hepg2,jurkat,raw,SF3A1,-0.0029901063627882068,0.033705841440435653,0.013866929635346945,
hepg2,jurkat,raw,RBM39,0.1796408856496747,0.585855644912689,0.0,
hepg2,jurkat,raw,CDC45,-0.051787603952758304,0.12345766556424906,0.21503179701783312,
hepg2,jurkat,raw,BRF1,0.29307011975420305,0.5329470086225254,0.7028981595446467,0.47883217415362744
hepg2,jurkat,raw,PLA2G10,0.11096673577896989,0.0,0.15552265014668684,
hepg2,jurkat,raw,OVCA2,-0.028651623240910286,0.0,0.0997715577984599,
hepg2,jurkat,raw,LSM2,0.2752719320763285,0.8671712432408677,0.26671706153151176,0.5723795362180973
hepg2,jurkat,raw,PMPCA,0.31820178467201127,0.676489657414627,0.7800953571556135,0.4380242794925763
hepg2,jurkat,raw,GUK1,0.36601881079576687,0.3991335923620312,0.35101408636730214,0.9778719587092535
hepg2,jurkat,raw,MTBP,0.4968278656985563,0.865328196316896,0.9506078208120082,0.5477909173014164
hepg2,jurkat,raw,TUBA1C,0.40944414381747496,0.22381751205183717,0.37996899402870316,1.4040208345945906
hepg2,jurkat,raw,MZF1,-0.00963621016095857,0.12835952348945986,0.14793670412585913,
hepg2,jurkat,raw,VEZT,-0.008894528602152122,0.03442633575832293,0.23080120057048545,
hepg2,jurkat,raw,PFDN1,-0.021662290992658862,0.0,0.3073190650065791,
hepg2,jurkat,raw,RPS13,0.7009681031198817,0.9795712891099632,0.9655034753936657,0.7207809697388988
hepg2,jurkat,raw,GABPB1,0.39752086388229024,0.7807517731407394,0.625654977959543,0.5687690891065426
hepg2,jurkat,raw,SLC7A6OS,0.3548866499610076,0.826241292313075,0.640577710660356,0.4878095554147093
hepg2,jurkat,raw,PRPF4B,0.38777374900236483,0.560578054648393,0.6490587871470792,0.6428628694171701
hepg2,jurkat,raw,ERAL1,0.10074140177180213,0.0,0.1844170241796444,
hepg2,jurkat,raw,CHEK1,0.004473756084547231,0.6940711063879469,0.0,
hepg2,jurkat,raw,NHP2,0.23587896962673882,0.623674971080561,0.8303133046587322,0.32778499253327253
hepg2,jurkat,raw,ZNF676,0.03769632623074465,0.0,0.056977128472376494,
hepg2,jurkat,raw,SP2,0.24018157100198595,0.08264773901880156,0.2241335558349079,
hepg2,jurkat,raw,ECT2,0.0469056774656778,0.028932424916674252,0.0019083873236997295,
hepg2,jurkat,raw,EIF3I,0.5960465062342623,0.9774524968008537,0.8423048898314337,0.6568975703633285
hepg2,jurkat,raw,SUPT5H,0.36530226203932825,0.8604848899607697,0.592447998970048,0.5116295485865994
hepg2,jurkat,raw,ATP6V1F,0.35714862539170833,0.7621142446194397,0.5785524549808247,0.5378579261723034
hepg2,jurkat,raw,ZC3H8,0.4888825114888623,0.6587276953956982,0.6540844576896299,0.7447913521874233
hepg2,jurkat,raw,CDC123,0.39037109913821033,0.5766931425318131,0.6482699054254776,0.6384506499750012
hepg2,jurkat,raw,HMGB1,0.22615153626274886,0.5068664908984858,0.13500449741127238,
hepg2,jurkat,raw,RPL37A,0.2687925634303893,0.9709048006719107,0.8814558775860348,0.2905551889955914
hepg2,jurkat,raw,LAMTOR2,0.0893247173568369,0.15789039152387235,0.2925058217932218,
hepg2,jurkat,raw,RPS15,0.6038416158808843,0.9391497349872728,0.8115157737290374,0.6916830569938267
hepg2,jurkat,raw,HNRNPDL,0.35302300282701465,0.6676328783530624,0.6374580597138008,0.5411383817406831
hepg2,jurkat,raw,SF3A3,0.4866778772712957,0.8691898255166397,0.6012232027898292,0.6732345905250091
hepg2,jurkat,raw,MRPS33,0.24612646364324436,0.6086836844726681,0.5077461335794771,0.44273022172454646
hepg2,jurkat,raw,BRD2,0.2598801556209971,0.37264140781737637,0.7783476866554986,0.482548247495257
hepg2,jurkat,raw,HTATSF1,0.3759416877598014,0.49416305741036554,0.3647254464861098,0.8855280385485255
hepg2,jurkat,raw,POLD1,0.27630859072802616,0.8730148942315622,0.6008123455647791,0.3815172132900125
hepg2,jurkat,raw,SLC39A9,0.03455360619149349,0.0,0.5598927678306717,
hepg2,jurkat,raw,TAF1A,-0.013918011405751126,0.31701200467262086,0.6522506011087762,-0.03060779823283581
hepg2,jurkat,raw,EPRS,0.5946799152584292,0.8723419017176628,0.8125160332999019,0.7063564808796456
hepg2,jurkat,raw,WDR75,0.3155502102766588,0.8869478478888788,0.9049081449246863,0.35222257127015444
hepg2,jurkat,raw,RPL28,0.3187896163558852,0.6186433388380999,0.6845193017092948,0.48988162210113106
hepg2,jurkat,raw,DSN1,0.25761336009654584,0.4501962548529815,0.4732759689298333,0.5580976793793679
hepg2,jurkat,raw,MRPS14,0.34939820798340554,0.7483392374121381,0.6744776793719638,0.49179898000516886
hepg2,jurkat,raw,SDR39U1,0.07859003532399081,0.5075020418183834,0.5887057724125279,0.14378031804285665
hepg2,jurkat,raw,NCAPG,0.013962817486838629,0.09942518449167854,0.25431073049170605,
hepg2,jurkat,raw,CUL2,0.12493419322539379,0.8098939396237124,0.7669603304368096,0.1585188055811823
hepg2,jurkat,raw,EIF4A1,0.3880465456115247,0.8146241076601574,0.7598169118967457,0.49323139760871165
hepg2,jurkat,raw,SARNP,0.07213214533957873,0.0,0.2688849337357558,
hepg2,jurkat,raw,SP1,0.20386525414472573,0.6045363765846524,0.6282672628813575,0.33079564120020555
hepg2,jurkat,raw,UNC50,0.021049057099049032,0.1830419601483595,0.2178147019944121,
hepg2,jurkat,raw,EXOSC1,0.03664698973746573,0.20465180311865563,0.47942705060044916,0.11699552527310325
hepg2,jurkat,raw,TSSK3,0.003086481120555368,0.0218797507889421,0.17284284301799746,
hepg2,jurkat,raw,REXO2,-0.030200908780276356,0.3116227676774606,0.1908201024755104,
hepg2,jurkat,raw,SMG8,0.29537935626696166,0.3479577293959774,0.588457365896252,0.6527688080468793
hepg2,jurkat,raw,PGPEP1,0.14138261727649923,0.3079336986254021,0.0,
hepg2,jurkat,raw,NELFCD,0.34961082819846623,0.6885003101179049,0.860369462569262,0.4542451629458369
hepg2,jurkat,raw,MED30,0.5039857900963571,0.854467580151244,0.8471847036662817,0.5923541616718604
hepg2,jurkat,raw,POTEI,0.1427916885619778,0.0,0.4438671720347143,
hepg2,jurkat,raw,TAF7,0.3732461460196865,0.7458739237805684,0.8235597082050853,0.47622816242279625
hepg2,jurkat,raw,CLPB,0.0340815823822904,0.013732505795211842,0.48747685447095934,
hepg2,jurkat,raw,POP1,0.12782245452894345,0.876713477923765,0.8532905619843753,0.14778482454289846
hepg2,jurkat,raw,PIK3C3,0.08395639055822499,0.09965807723694639,0.13083070850708917,
hepg2,jurkat,raw,DGCR8,0.3797091466708041,0.48375511616556555,0.6605578635154757,0.6717115868009105
hepg2,jurkat,raw,DOHH,0.3682255706884347,0.6620492079205373,0.599199917245575,0.5846324758867308
hepg2,jurkat,raw,C1D,0.08317910725181685,0.019331296741682606,0.23855107249639704,
hepg2,jurkat,raw,GTF2F1,0.18001963125914539,0.13795425883244336,0.30146653860301215,
hepg2,jurkat,raw,ZFC3H1,0.47094114929878056,0.47056849991020805,0.7203091832481177,0.8089016802758143
hepg2,jurkat,raw,MTPAP,0.46104117614306217,0.1855137579935853,0.7508817259916736,
hepg2,jurkat,raw,MOCS3,-0.05149777663264717,0.0014548058733382084,0.48713976448327373,
hepg2,jurkat,raw,NAA30,0.08334720586078034,0.09176094044031693,0.5311977611425258,
hepg2,jurkat,raw,TUBGCP3,0.09878024207909418,0.2962652225436547,0.0,
hepg2,jurkat,raw,RPUSD4,0.18996735348698063,0.09769032710754427,0.6135937012813798,
hepg2,jurkat,raw,PELP1,0.1726674357339955,0.9419431349609138,0.8286919291154434,0.19543463957227977
hepg2,jurkat,raw,CYFIP1,0.07119518060913982,0.0724468946099028,0.1450482787171556,
hepg2,jurkat,raw,RBM4,0.27476016326545105,0.36967636253105823,0.40245694267173343,0.7123332437079344
hepg2,jurkat,raw,RNF40,0.0733947055089682,0.5762732276124499,0.7460460619057419,0.11193546024308904
hepg2,jurkat,raw,AAR2,-0.03338204802218977,0.13897077323930307,0.5754193545660125,
hepg2,jurkat,raw,RBM48,0.32949504037857547,0.5020436488373752,0.845865384816948,0.5056238099985412
hepg2,jurkat,raw,GTF3C2,0.10132845584414105,0.3562479382311697,0.6926267180469554,0.20398847181505328
hepg2,jurkat,raw,FAM32A,0.42838977430005926,0.872616115999599,0.5386571128532481,0.6248435359513353
hepg2,jurkat,raw,SDC1,0.21998599827359325,0.6104014135375884,0.8339414907261041,0.3083326272339826
hepg2,jurkat,raw,NOP56,0.02637242789601751,0.6149869016542252,0.1675660613302504,
hepg2,jurkat,raw,USP7,-0.016072786040947692,0.2251957583519073,0.0,
hepg2,jurkat,raw,WDR46,0.3184299190959574,0.8530908261570497,0.8102669837259014,0.3830029854046155
hepg2,jurkat,raw,SPOUT1,0.11152731791773136,0.7560074476586622,0.7626720177863413,0.14687548540630907
hepg2,jurkat,raw,VPS28,0.21083593160461359,0.7115582903068077,0.2016422634500345,0.556606923217216
hepg2,jurkat,raw,MVD,0.27621550132879114,0.5499414821439578,0.7402975784175246,0.4328990606458611
hepg2,jurkat,raw,CENPP,0.07399604884255144,0.6954300495225859,0.6255484433264459,0.1121892720913733
hepg2,jurkat,raw,UTP15,0.3051739913167661,0.9010290370562372,0.8793026259373876,0.3428537778213199
hepg2,jurkat,raw,PRPF39,0.16459622280883732,0.5628140755559298,0.5804402801937959,0.2879775403470789
hepg2,jurkat,raw,RBM15,0.34253016640840184,0.5116629286516449,0.48744304407780964,0.6858749013546745
hepg2,jurkat,raw,DCTN5,-0.04564978761433575,0.043831722138538406,0.062100114957051034,
hepg2,jurkat,raw,CEP68,0.09132104019399119,0.02535065759448136,0.26327936040466476,
hepg2,jurkat,raw,EIF2S3,0.290370170129852,0.9434470477256922,0.36385992561692665,0.4955940925052841
hepg2,jurkat,raw,HDAC7,0.1157214161646901,0.5222796350468344,0.2625866822997931,0.3124826045173693
hepg2,jurkat,raw,HERC1,0.1250439814202912,0.15831370026206643,0.7134332109662747,
hepg2,jurkat,raw,HYOU1,0.5561598288114328,0.5151897468134802,0.7489714295382537,0.8953305128574613
hepg2,jurkat,raw,ZCRB1,0.31425800375464147,0.35717800614564454,0.7201351715528624,0.6196364853279557
hepg2,jurkat,raw,DHODH,0.08318447347497793,0.06084196378558255,0.6513783647779562,
hepg2,jurkat,raw,RNF113A,0.5540969982356782,0.839352149301739,0.8576347752821141,0.653074163436208
hepg2,jurkat,raw,ASCC3,0.20204458631592093,0.16703765448293556,0.8235420151907058,
hepg2,jurkat,raw,WNK1,0.08218033633563417,0.0,0.4129900885761488,
hepg2,jurkat,raw,MRPL44,0.07610814445346453,0.0,0.5905484403693406,
hepg2,jurkat,raw,BTAF1,0.3273192263178899,0.457045647231173,0.6798613936349985,0.5871939026525703
hepg2,jurkat,raw,SUPT16H,0.40501026857480277,0.683520500918362,0.8673505480715945,0.5260087072732024
hepg2,jurkat,raw,YTHDC1,-0.05241206993548537,0.8859814336478185,0.09261075550403779,
hepg2,jurkat,raw,TDGF1,0.0019538683063688492,0.009456963961947352,0.042224182369921856,
hepg2,jurkat,raw,EIF3H,0.24730912333416244,0.0,0.8412740068658038,
hepg2,jurkat,raw,EMC4,0.15362913414547189,0.19991653050213332,0.6967199164735544,
hepg2,jurkat,raw,BCLAF1,0.5131308632181805,0.5107682931873595,0.6272530318405448,0.9065563147439412
hepg2,jurkat,raw,PHF5A,0.5319571425418542,0.6903431227857185,0.781222958223849,0.7243636430984283
hepg2,jurkat,raw,COPG1,-0.009840967557324989,0.0,0.19299805031614187,
hepg2,jurkat,raw,RAD51,0.20180252234702303,0.6670526105653737,0.29121365783848807,0.45786840517714833
hepg2,jurkat,raw,TMEM161B,0.15080052735506383,0.24990549046049562,0.5771470181826693,0.39707425825073067
hepg2,jurkat,raw,POLG,0.1431526661230265,0.15523275947236298,0.3553939425848418,
hepg2,jurkat,raw,MRPL55,0.265022685721525,0.46338345047035795,0.5479153032236099,0.5259640683774359
hepg2,jurkat,raw,CLK2,0.01998443554777804,0.0,0.0,
hepg2,jurkat,raw,RPAP3,0.39744193517167326,0.7486132126756886,0.830378061191683,0.504088757409565
hepg2,jurkat,raw,HIST2H2AA3,0.06194011385399636,0.0,0.22092726726463233,
hepg2,jurkat,raw,C1QBP,0.2196184991687478,0.4829184408722843,0.29205708279108156,0.5847875970403937
hepg2,jurkat,raw,NDUFB4,0.45398870340820296,0.707645637251198,0.7516169612610862,0.6224992660210137
hepg2,jurkat,raw,PSMC6,0.16548484501141192,0.8025053764461798,0.01923063407671133,
hepg2,jurkat,raw,ARMC7,0.37350048379506945,0.5436140820014336,0.7651504116304516,0.5791251309418283
hepg2,jurkat,raw,SBNO1,0.33299842455841605,0.3664308038944586,0.4827507152458305,0.7917439039477234
hepg2,jurkat,raw,ANAPC10,0.13866829728131957,0.005017838267461697,0.6183854589380834,
hepg2,jurkat,raw,AARS,0.550643384740877,0.9230674043410022,0.7365357075521546,0.667815992716824
hepg2,jurkat,raw,SBDS,0.15466434210793986,0.25940901672781497,0.40778698357754484,0.47553335552880327
hepg2,jurkat,raw,LARS,0.4855243145990546,0.9058569536303286,0.7672092070454979,0.5824038934123922
hepg2,jurkat,raw,SLC16A5,0.19967294646941713,0.5184701115186765,0.80642646458888,0.30879835496297225
hepg2,jurkat,raw,BRF2,0.02622550538018509,0.022166986544732096,0.07289557374816931,
hepg2,jurkat,raw,TP53RK,0.42807114113099975,0.5629767833659723,0.7136139533548882,0.6753657635989221
hepg2,jurkat,raw,UQCRC1,0.18837638467635107,0.3835404897832061,0.41029852055142,0.4748657783833737
hepg2,jurkat,raw,PSMB7,0.2982285580075014,0.45519926354781426,0.45078727404339325,0.6583587767813213
hepg2,jurkat,raw,CTR9,0.2660757031225311,0.5982107973579986,0.4804726384174896,0.49629941614868944
hepg2,jurkat,raw,ZNF658,-0.06351223722102917,0.027415025087433494,0.04772777179893377,
hepg2,jurkat,raw,IPO9,0.1273404237043178,0.1609570426794437,0.6485339816752664,
hepg2,jurkat,raw,ELOF1,0.26368197640213964,0.5471858723601677,0.7997687746353412,0.39859402594814963
hepg2,jurkat,raw,KRT10,0.05621126944241938,0.22459281366911948,0.15424518248821492,
hepg2,jurkat,raw,TAF1C,0.07189309844471953,0.3481413631664559,0.5530796490345684,0.16383834381184484
hepg2,jurkat,raw,ATXN10,0.08910702175602507,0.2326950289800385,0.445258616301478,0.2768293987014716
hepg2,jurkat,raw,ATP5PD,0.44250849171691337,0.9219921839523926,0.8083914970205411,0.5125628444684477
hepg2,jurkat,raw,DNAJA3,0.49966084380960196,0.6468693847933303,0.8192631044417261,0.6863653014257761
hepg2,jurkat,raw,HAUS7,0.09567916272082239,0.19318315650828216,0.014838589078837864,
hepg2,jurkat,raw,ELAC2,0.23996561106624284,0.09149783846611037,0.661679563047155,
hepg2,jurkat,raw,OR4F4,0.014195903759681645,0.016909192252907074,0.029692600935490955,
hepg2,jurkat,raw,PYURF,0.1442205969458302,0.7595346695473983,0.7054383332177158,0.19702619033108087
hepg2,jurkat,raw,URM1,0.43544391922496806,0.39205463504685706,0.5835908083342797,0.9103422773838146
hepg2,jurkat,raw,NOMO1,0.23271967488041972,0.22289009461229362,0.48744813045351004,0.7060305813561994
hepg2,jurkat,raw,RAD51C,0.12713350168776114,0.1814908055777842,0.5887937321651524,
hepg2,jurkat,raw,TBC1D28,-0.024896826721095926,0.0,0.16164740442642048,
hepg2,jurkat,raw,MRPS35,0.33973040754599293,0.6523434031517118,0.6972141839613305,0.5037478154434806
hepg2,jurkat,raw,BARD1,-0.07052224479657755,0.16151526433238114,0.2633486576597701,
hepg2,jurkat,raw,DDX20,0.6158149335870158,0.8228401699724314,0.8276424814025045,0.7462272200654437
hepg2,jurkat,raw,UBA3,0.23851303314210565,0.6474095963497187,0.674339245888998,0.3609801583272137
hepg2,jurkat,raw,SFPQ,0.25718518258269024,0.9014600322841618,0.23604103928576653,0.557543743044575
hepg2,jurkat,raw,CENPC,0.11308761858216278,0.24964489817948268,0.2111830934237547,0.49252030255426266
hepg2,jurkat,raw,CA5A,-0.03137236024506442,0.16563456835880644,0.15332551822996032,
hepg2,jurkat,raw,RPL37,0.12246865604121997,0.8269175377796529,0.5213361414759775,0.1865240917352951
hepg2,jurkat,raw,URB2,0.16157055430255318,0.9243395813271317,0.811922650102588,0.18650441248383995
hepg2,jurkat,raw,PIGH,0.0001106530214608311,0.0,0.45204679006510945,
hepg2,jurkat,raw,TFAP4,0.2691884030263238,0.3882512844513575,0.2081452203208946,0.9469273799301745
hepg2,jurkat,raw,PSMD6,0.028144905405542476,0.8818754204519597,0.11359538494968661,
hepg2,jurkat,raw,CCT5,0.1497824514232563,0.8957577821061642,0.07923851677131044,
hepg2,jurkat,raw,CCNK,0.22975470198265538,0.3983737856516453,0.4153179938611269,0.5648441796490531
hepg2,jurkat,raw,DMRTA2,0.0549095655868661,0.09618806743365321,0.027232705276566512,
hepg2,jurkat,raw,HARS,0.6212663347840065,0.9257901285753741,0.9007453676158952,0.6803314208789262
hepg2,jurkat,raw,TIMM8A,-0.047836689333409156,0.0,0.21218854062153547,
hepg2,jurkat,raw,NOP9,-0.005365096889873023,0.1664043904286929,0.5257351881825262,
hepg2,jurkat,raw,ELP5,0.6260279860846076,0.7568278143649584,0.8122626725338181,0.7984485899990527
hepg2,jurkat,raw,TOMM22,0.6358125298126377,0.8355043211977426,0.8906898206269966,0.7370407287019561
hepg2,jurkat,raw,JMJD6,0.14022224487242635,0.227522391919653,0.4750175493262973,0.4265304254247295
hepg2,jurkat,raw,PPME1,0.10850228237248571,0.0521958529383158,0.36223162299699324,
hepg2,jurkat,raw,C19orf53,0.22532188316619803,0.3735616570990107,0.44824104576324775,0.5506382981823364
hepg2,jurkat,raw,VPS37C,-0.040362260532632185,0.1408248439617201,0.0321918363251274,
hepg2,jurkat,raw,EIF3L,0.6131494547510944,0.6715495702324701,0.8293799674049855,0.8215812853312008
hepg2,jurkat,raw,PRPF40A,0.3233113222311556,0.7767706381216135,0.5808338054380678,0.48133625064126895
hepg2,jurkat,raw,RPL5,0.30721475904599566,0.9443191883545758,0.8736707816846357,0.3382273810806853
hepg2,jurkat,raw,RPL34,0.2393302203386874,0.9399069007866747,0.7733350828187437,0.28071864906975735
hepg2,jurkat,raw,LSM10,0.18955393128184642,0.19079229624964597,0.6016057500235377,
hepg2,jurkat,raw,CD8B,-0.054256987011856675,0.03389415526432791,0.18246298728096977,
hepg2,jurkat,raw,MIS18A,-0.11662786166200916,0.2343623721235717,0.0,
hepg2,jurkat,raw,SEC62,-0.06680813648836184,0.11090215661967526,0.15285188065547473,
hepg2,jurkat,raw,CMTR1,0.5378202194381108,0.5273992096564618,0.852535490802015,0.8020679349055811
hepg2,jurkat,raw,MRPL43,0.2814026744597589,0.5546416906224386,0.5925854503955286,0.49084737536813616
hepg2,jurkat,raw,ATP1A1,0.054691790973057285,0.3244819754121679,0.1994493242665555,
hepg2,jurkat,raw,PRPF31,0.3627701527423791,0.9237390721143517,0.43974081862486397,0.5691916242381776
hepg2,jurkat,raw,CAD,0.1382273677930219,0.14711811951109766,0.4124141497476783,
hepg2,jurkat,raw,COPA,-0.021095588626590323,0.6452137557006702,0.0030384675684282537,
hepg2,jurkat,raw,PPP1R12A,0.022575652009051376,0.2797194139455007,0.11241652297358404,
hepg2,jurkat,raw,SPTLC1,0.055412634848941114,0.15378996006872375,0.1801949774983603,
hepg2,jurkat,raw,DR1,0.2648402586191751,0.1301655592087884,0.5868522980633093,
hepg2,jurkat,raw,SKP2,0.16026904932381217,0.32956800347697945,0.44994784466389015,0.4161942275113117
hepg2,jurkat,raw,DYNC1H1,-0.056198275166015284,0.0995625945351661,0.14474039504127578,
hepg2,jurkat,raw,PAF1,0.3472257506515326,0.8500204671635085,0.5522376573671055,0.5067972211846135
hepg2,jurkat,raw,MTG2,-0.03936489223894943,0.06464399158392871,0.5970936249303351,
hepg2,jurkat,raw,SNRNP70,0.3626125369039114,0.9021183717515955,0.19217200711068097,
hepg2,jurkat,raw,GCOM1,0.08501855624808893,0.23095772907972084,0.0,
hepg2,jurkat,raw,CHMP4B,0.07872198059087795,0.3221741300905775,0.41411115093614326,0.21552230209091872
hepg2,jurkat,raw,METTL1,0.12696773504663572,0.13423500648158943,0.35103872528342217,
hepg2,jurkat,raw,NOL11,0.17157941637253135,0.9000023244001559,0.8996470594953749,0.19068094180027706
hepg2,jurkat,raw,HNRNPK,0.4875115765860107,0.8209466796775873,0.5039668064596712,0.7579254517935684
hepg2,jurkat,raw,CSNK1A1,0.2711991678734646,0.2059272264664612,0.7021196598738221,0.7132239209606539
hepg2,jurkat,raw,RPL31,0.25017452452971367,0.9721551418239427,0.5884587686513117,0.33076326858140653
hepg2,jurkat,raw,RFC3,0.42774669212721744,0.6869076097461668,0.4694422744855066,0.7532625874585854
hepg2,jurkat,raw,HPS5,0.35189907865363024,0.4055577993376573,0.6458398268385824,0.6875896635168278
hepg2,jurkat,raw,BAG6,0.3586808948241284,0.5629298746775094,0.6489587595493209,0.5934341659935047
hepg2,jurkat,raw,UNC45A,0.03875163801834878,0.02711688111836816,0.1455232652816399,
hepg2,jurkat,raw,XRCC3,0.20479772698397014,0.18070713837350894,0.6207142704239617,
hepg2,jurkat,raw,TAF5,0.5808470597977659,0.8711318668560359,0.8482548946749227,0.6757042611493742
hepg2,jurkat,raw,SKA3,0.35009730058197763,0.516036799018054,0.5551997494719413,0.6540693450900164
hepg2,jurkat,raw,MIPEP,-0.1478845572079723,0.25544363843668405,0.07467667126940315,
hepg2,jurkat,raw,GNB1L,0.16670654760412268,0.35043607225214335,0.23718466385503628,0.5782357692805754
hepg2,jurkat,raw,POLG2,0.06852301420649648,0.13941935263505295,0.5084308954223862,
hepg2,jurkat,raw,TARS2,0.2309254190510874,0.7127768497825877,0.6580349983469735,0.33718671177133497
hepg2,jurkat,raw,ALG14,0.08279370122415176,0.0,0.210389924841437,
hepg2,jurkat,raw,TOE1,0.04233225490786009,0.36053231365223776,0.32080608572328323,0.12447381649571895
hepg2,jurkat,raw,DPH1,0.024064839032333064,0.041365777164770655,0.43597704173878166,
hepg2,jurkat,raw,TEN1,0.03554274324811028,0.1734692239845661,0.11163792147269044,
hepg2,jurkat,raw,UQCRFS1,0.09794763625725227,0.5888823017668539,0.7518453966739653,0.14720258482189016
hepg2,jurkat,raw,CDK12,0.20776004302962633,0.2723976065622215,0.46358080150881203,0.5846522991759425
hepg2,jurkat,raw,MARS2,0.05750472736731056,0.0,0.18690955614293456,
hepg2,jurkat,raw,RPS19BP1,0.24532387996732521,0.8524795085020598,0.8144645135039305,0.29441624350233775
hepg2,jurkat,raw,ARHGAP11B,-0.07739892762557744,0.13880359005843196,0.42990615320508413,
hepg2,jurkat,raw,USP8,0.14763387729098237,0.04685422164783911,0.6465133078380484,
hepg2,jurkat,raw,HAUS8,0.1114897531670136,0.09538172627325099,0.4850905205899007,
hepg2,jurkat,raw,PSAT1,0.44827167311921606,0.5165296564581724,0.43177268021173265,0.9492182632302519
hepg2,jurkat,raw,AARS2,0.11277983218512848,0.0,0.22866171851774278,
hepg2,jurkat,raw,CDC7,0.08334248435880648,0.30427699393600494,0.32757673539688265,0.2639826343366185
hepg2,jurkat,raw,CYS1,-0.002484684039335236,0.23953331910287173,0.4353286887410029,-0.007694485042242158
hepg2,jurkat,raw,MARS,0.6400745834010346,0.7923102260439636,0.8152142513683559,0.7964290083479715
hepg2,jurkat,raw,TMA16,0.21797193988424934,0.794126016560714,0.7201378705322008,0.2882358870783485
hepg2,jurkat,raw,COX5A,0.3129883729002898,0.8451920095327017,0.8467313724551624,0.3699795224498907
hepg2,jurkat,raw,TOR2A,0.031090517679329722,0.30260432696533973,0.07279130360483141,
hepg2,jurkat,raw,NRF1,0.5027432898452749,0.6166724462843309,0.8548096226187174,0.6924434468428521
hepg2,jurkat,raw,YAE1,0.4445394321354892,0.37721390729975984,0.7780572125412091,0.8205606298136568
hepg2,jurkat,raw,NASP,0.3041401871441479,0.1351182772965177,0.6725959679006329,
hepg2,jurkat,raw,EFR3A,0.11156102073586788,0.0,0.5256160422946953,
hepg2,jurkat,raw,CYC1,0.1435767750137446,0.4200665913301699,0.5231923877779685,0.30626291688064927
hepg2,jurkat,raw,UBAP1,0.2922803294853949,0.802787402247552,0.6871099357825643,0.39353756997756595
hepg2,jurkat,raw,MFN2,0.1680470544493437,0.29142469536969534,0.21324728120090447,0.6741025616531069
hepg2,jurkat,raw,PSMB1,0.036809657033661826,0.8902753689077681,0.01869290075689363,
hepg2,jurkat,raw,DPH2,0.41851681328997753,0.5783942991072799,0.751210256773074,0.6349216752129688
hepg2,jurkat,raw,UBE2M,0.1444794121866061,0.07830418119567345,0.5916236471146352,
hepg2,jurkat,raw,STRIP1,0.061422077646273436,0.24079749749623647,0.28125865697718333,0.23601824069649585
hepg2,jurkat,raw,RPIA,0.23509490580223977,0.3170933078786129,0.7096005605120129,0.49561301823584997
hepg2,jurkat,raw,PTPN23,0.22682413796901085,0.3051784431726359,0.7056234450017299,0.4887939719617701
hepg2,jurkat,raw,PPARGC1B,0.14874183549318176,0.32180926334979854,0.40074753106422767,0.4141888830471066
hepg2,jurkat,raw,FBL,0.5228557146362784,0.8685990554570376,0.7678646690229901,0.6402208888971562
hepg2,jurkat,raw,EXOSC10,0.03409038488001814,0.14938823361765508,0.6736981276516085,
hepg2,jurkat,raw,ZNHIT1,0.3138355467800968,0.6200582619105054,0.8218388804987818,0.4396352851236188
hepg2,jurkat,raw,DNTTIP2,0.610837010275939,0.9458171281376014,0.8160951877191122,0.6952665685202283
hepg2,jurkat,raw,MEMO1,0.2211496507529956,0.6904594848978903,0.7723911361581801,0.30282973552977693
hepg2,jurkat,raw,MEPCE,0.019378655107593318,0.0,0.21776731583917486,
hepg2,jurkat,raw,AP2S1,0.31633295741439377,0.5883941758458693,0.5321726371453493,0.5653065125072578
hepg2,jurkat,raw,THUMPD1,-0.12255072732573405,0.740394454645148,0.48162956062906126,-0.20522381053145486
hepg2,jurkat,raw,HUWE1,0.44909385342902536,0.5775721398086917,0.8191186897809642,0.6529209071745669
hepg2,jurkat,raw,INPPL1,-0.04680432940464091,0.01874098141569569,0.08565924336997746,
hepg2,jurkat,raw,KRT8,0.038753689855043426,0.11866555368611617,0.14731276862052373,
hepg2,jurkat,raw,UTP11,0.3078922377077268,0.8444221946495643,0.49912098720361386,0.47425946205888486
hepg2,jurkat,raw,TOP2A,-0.004839362843476415,0.5317915601786669,0.25595656853362597,-0.013116994177968345
hepg2,jurkat,raw,KAT5,0.20604665954346482,0.0,0.21188563366767646,
hepg2,jurkat,raw,MYBBP1A,0.2017799840037807,0.9217289989148061,0.7806485462216901,0.2378749335727622
hepg2,jurkat,raw,BRK1,0.3600340190207126,0.3429873793048925,0.42496358430126413,0.9430367345789749
hepg2,jurkat,raw,BUD31,0.25797783252439754,0.3432441833941128,0.2112253853889398,0.9580931624548993
hepg2,jurkat,raw,MRPS27,0.28390432127794357,0.4850944030590651,0.7158589780020416,0.4817759683285264
hepg2,jurkat,raw,HCFC1,0.07013446065707417,0.5288615370211563,0.07789622755118908,
hepg2,jurkat,raw,SCFD1,0.17128770394313156,0.674334220812086,0.21232825201420988,0.45267310873908856
hepg2,jurkat,raw,HIST2H2BF,-0.02022262802876433,0.07054591874589997,0.0,
hepg2,jurkat,raw,PPIL2,0.13765642456153507,0.8034466584025901,0.48962484929231276,0.21947559511517978
hepg2,jurkat,raw,MRPS11,0.3123500594280857,0.5446922072386094,0.6489812818869012,0.5253514393320606
hepg2,jurkat,raw,TBC1D3,-0.011537867506551645,0.0,0.24547929715899508,
hepg2,jurkat,raw,HDAC3,0.1055204623208695,0.33824378753196094,0.7959307755542845,0.20336870455696798
hepg2,jurkat,raw,LSM11,-0.007784914294137929,0.006124837314275754,0.06995847463188748,
hepg2,jurkat,raw,IMP3,0.23819082689168647,0.42394028545103724,0.18879574163043833,
hepg2,jurkat,raw,KIF4A,-0.03596340644341638,0.0,0.25554403730901715,
hepg2,jurkat,raw,NOP16,0.07206863647138374,0.9060325792021872,0.8747832374680165,0.08095136419644364
hepg2,jurkat,raw,PAXBP1,0.40848728045540966,0.8628293086770801,0.8759118846450805,0.46987883576131617
hepg2,jurkat,raw,DHDDS,0.5593276214540857,0.6855388604619018,0.8390757711064004,0.7374789646053747
hepg2,jurkat,raw,TEFM,0.5626471063664986,0.675745858815834,0.847314215682562,0.7435704920666517
hepg2,jurkat,raw,TAF1,0.2006798757520872,0.786427929632214,0.35393885019546073,0.38037348988185354
hepg2,jurkat,raw,RPE,-0.11992474722147359,0.0,0.0843784654167477,
hepg2,jurkat,raw,SNAPC1,0.3816982680385669,0.6233758238362819,0.46301232009050314,0.7104752249223037
hepg2,jurkat,raw,LAMTOR4,0.36399696836971585,0.26622114339333264,0.5349341147832533,0.9645535564413577
hepg2,jurkat,raw,SEC63,0.3723929215753285,0.4804267222913659,0.6226169501437658,0.6808906486196615
hepg2,jurkat,raw,GOSR2,0.2785309986857791,0.5923705243833332,0.16803031708949986,
hepg2,jurkat,raw,EXOC2,0.14938824391955594,0.27732003375883074,0.0,
hepg2,jurkat,raw,NDOR1,-0.08632118326089593,0.0,0.13997729067214168,
hepg2,jurkat,raw,GTF2H1,0.4542192922402944,0.729724137740439,0.7349898799337717,0.6202196771039121
hepg2,jurkat,raw,RGP1,-0.06624027557364433,0.09350415380390675,0.2609534253519994,
hepg2,jurkat,raw,AP2A1,0.306282898538453,0.7238304980496146,0.7633427191183558,0.4120448834977037
hepg2,jurkat,raw,MRPS25,0.23578008725462157,0.3999530897876425,0.48112451935777784,0.5374942849320274
hepg2,jurkat,raw,NFATC2IP,-0.028424152872748194,0.0004970916697705519,0.020904635077506343,
hepg2,jurkat,raw,GLI4,0.10154589971818097,0.0,0.0,
hepg2,jurkat,raw,MRPL3,0.5234472845767182,0.6273689051815943,0.8052182469375863,0.7364693079393091
hepg2,jurkat,raw,MT2A,0.29221688082591646,0.1776802263922365,0.4414683132958683,
hepg2,jurkat,raw,WDHD1,0.3547041405028337,0.48738139507935274,0.7312406441709594,0.5941575545346583
hepg2,jurkat,raw,COX6C,0.2353979090902262,0.5686868168594067,0.5998684978184045,0.403030573778499
hepg2,jurkat,raw,TUBGCP2,0.2789911740034514,0.3750626785265575,0.2125597734849404,0.9880934029092269
hepg2,jurkat,raw,RFT1,0.08867762871183472,0.39820345696079007,0.07412644390384075,
hepg2,jurkat,raw,DHX30,0.31700353816821897,0.4344767874639489,0.6725845608271381,0.5864181091850534
hepg2,jurkat,raw,CABIN1,0.05595741732559117,0.2629579913376327,0.5746568049087387,0.14394951235342002
hepg2,jurkat,raw,TMEM127,0.07985713834109594,0.03163217332112047,0.5231062606057068,
hepg2,jurkat,raw,CHCHD2,0.35934279036138705,0.353203627732027,0.4053260511839907,0.9497167534771521
hepg2,jurkat,raw,SNRPA,0.2530428462830193,0.35554373385742527,0.7129725343118654,0.5025868827068032
hepg2,jurkat,raw,TWISTNB,0.23572106658430333,0.9051750355943482,0.7954286073029768,0.2777995325011437
hepg2,jurkat,raw,SEC61B,0.5351683249768852,0.6576257228181689,0.7838405819760463,0.7453961281805654
hepg2,jurkat,raw,RBBP6,0.1117978571213099,0.09740112056385475,0.42833176366570963,
hepg2,jurkat,raw,CLNS1A,0.27663378896379964,0.37923782595466893,0.5950928040424058,0.5823137588341096
hepg2,jurkat,raw,DNM1L,0.06504814440899886,0.19685926293995104,0.27581281660412854,
hepg2,jurkat,raw,TRIM49C,-0.011698268652138726,0.008899578827231235,0.1361727052162839,
hepg2,jurkat,raw,MED27,0.42061845255089714,0.3887786985235705,0.6672449766350382,0.8258371851580583
hepg2,jurkat,raw,MANF,0.514744347754545,0.45219449814981666,0.61829521372513,0.973488907262864
hepg2,jurkat,raw,DRG1,0.09133678680586056,0.0,0.2174219055678016,
hepg2,jurkat,raw,MRPS22,0.15771837532193114,0.23646904905315178,0.3807944320294821,0.5255933327762269
hepg2,jurkat,raw,WDR83OS,0.4920300561076793,0.5001015259800884,0.4888925988911124,0.995074991621272
hepg2,jurkat,raw,MAK16,0.06397220294750851,0.9247295884982778,0.7127352553176859,0.07879883714940711
hepg2,jurkat,raw,RPS5,0.5198920542747013,0.7657243229741993,0.7040037606404765,0.7080916436147847
hepg2,jurkat,raw,NPB,0.0021891558025716193,0.0,0.04756021808216664,
hepg2,jurkat,raw,SEC13,0.009265965744574839,0.057741235837551266,0.009896943501366938,
hepg2,jurkat,raw,CCT3,0.2818012455231788,0.916785090148354,0.18608673494215364,
hepg2,jurkat,raw,NOL10,0.3194370157954559,0.7616045257891042,0.6398831971780806,0.45758326085365597
hepg2,jurkat,raw,KIN,0.06000271149212722,0.9060597194469551,0.7925821581121985,0.07080604207288446
hepg2,jurkat,raw,OXA1L,0.33039827436842234,0.7184430347052435,0.4682981782122047,0.5696136223234408
hepg2,jurkat,raw,KIF23,-0.14910706198045892,0.0,0.4029230750975675,
hepg2,jurkat,raw,CWC22,0.5259474537354004,0.8593188416335443,0.6074426238328592,0.7279684514175572
hepg2,jurkat,raw,XPO1,-0.04524340943254504,0.9218687001314728,0.0,
hepg2,jurkat,raw,PPP4R2,0.24682724494546132,0.17415724008381742,0.7490168407560329,
hepg2,jurkat,raw,NSRP1,0.4717872229233674,0.633319965877826,0.49634877353788665,0.8414747886106889
hepg2,jurkat,raw,NOP2,-0.019769624267328197,0.8910959396127388,0.6486617310196796,-0.02600321486985724
hepg2,jurkat,raw,GFER,0.18244704719702642,0.5387439495029728,0.7691571902534627,0.28342495341969287
hepg2,jurkat,raw,EEF1G,0.6089215406403062,0.7016808209087119,0.8607304494746333,0.7835341883082585
hepg2,jurkat,raw,MED18,0.2204120665355114,0.33108490147425823,0.5180854561377913,0.5321878779070901
hepg2,jurkat,raw,TUBGCP5,0.24823764425961206,0.5308046223895574,0.6411534118194709,0.4255193503772182
hepg2,jurkat,raw,EWSR1,0.14722987216495256,0.12330361057445556,0.22350351050416875,
hepg2,jurkat,raw,ZFR,0.34157445190388624,0.24583013209490626,0.7909888693763202,0.7746091749833639
hepg2,jurkat,raw,UROD,0.0643741530384551,0.030164389099991872,0.3765852169374639,
hepg2,jurkat,raw,FIP1L1,0.4652984707811851,0.5368751797857767,0.6206805993356541,0.8060479476086514
hepg2,jurkat,raw,ANAPC13,0.18884785051153039,0.11435022861966111,0.27711758370242684,
hepg2,jurkat,raw,LUC7L3,0.3245692677005064,0.3643554605943337,0.49550609862805567,0.7638714040236858
hepg2,jurkat,raw,HCRTR1,0.016391899339022426,0.0,0.02781702363504093,
hepg2,jurkat,raw,PSMD2,0.06942997542989615,0.7731272121129847,0.0,
hepg2,jurkat,raw,INO80E,0.059588245966047594,0.20547702134561327,0.02882767459905593,
hepg2,jurkat,raw,RNPC3,0.3212945375459506,0.4717798996025361,0.4460274735566952,0.7004107772918254
hepg2,jurkat,raw,RBM8A,0.2613727979810861,0.714090713800617,0.05341073899140071,
hepg2,jurkat,raw,MCM4,0.12670562566867666,0.1944688466024916,0.6411035603360212,
hepg2,jurkat,raw,CIAPIN1,0.41713014467120874,0.8504438212815789,0.8159800546088349,0.5007362001379808
hepg2,jurkat,raw,SAMM50,0.30748276516035766,0.5257939431566703,0.43070443413911225,0.6461350749856262
hepg2,jurkat,raw,YPEL1,-0.01514943842137664,0.0,0.09372129198000463,
hepg2,jurkat,raw,PSMC1,0.20001941735994236,0.9208480072139674,0.0,
hepg2,jurkat,raw,ZBTB14,0.36798817913217574,0.8289259431050513,0.590997354926572,0.5257547843759272
hepg2,jurkat,raw,ISCU,0.09421810357962081,0.5087723253945912,0.02906258940970698,
hepg2,jurkat,raw,SOD1,0.33209470497058274,0.3430715609538885,0.40574253109310277,0.8901113212054076
hepg2,jurkat,raw,AURKB,0.05295604990642422,0.0,0.044213221266801474,
hepg2,jurkat,raw,FCF1,0.3138803132146359,0.7862518515612864,0.8094044186723389,0.39345987645071434
hepg2,jurkat,raw,HMGCR,0.15872449750158513,0.46402943616902126,0.020422373838818505,
hepg2,jurkat,raw,SNRPF,0.5401649950065421,0.8843362078008176,0.7436671592968912,0.6660831257102052
hepg2,jurkat,raw,SEC16A,0.022447747715258648,0.27223252227083733,0.0727647382377368,
hepg2,jurkat,raw,SGPP1,0.027176428185853772,0.0,0.09949915696545,
hepg2,jurkat,raw,ACTR10,0.0779185616414225,0.355244278868504,0.4459419081407328,0.1957664370971197
hepg2,jurkat,raw,RBBP4,0.07405392338578634,0.13315856200204199,0.44575186240405995,
hepg2,jurkat,raw,PRKRA,-0.06750744246542298,0.17395001097910018,0.2219557321898302,
hepg2,jurkat,raw,TBRG4,0.24496035860390872,0.7991460843701945,0.46556845552498116,0.401597451025243
hepg2,jurkat,raw,RPS10-NUDT3,0.5092011624079803,0.8400414963283539,0.7114244810246185,0.6586802074378735
hepg2,jurkat,raw,UTP3,0.21611807565737112,0.6774260590920141,0.6695527649682255,0.32089853799255086
hepg2,jurkat,raw,PUM1,0.23135380560577884,0.20086817478205346,0.5105298671886465,0.722454505555186
hepg2,jurkat,raw,HIST1H2BM,-0.023992616500578136,0.08858008820180233,0.0,
hepg2,jurkat,raw,PCF11,0.2621672060970109,0.7422771724857358,0.04239711170499234,
hepg2,jurkat,raw,RIOK1,0.453702897883533,0.8673255795494969,0.90858070976298,0.5110915723424491
hepg2,jurkat,raw,MEF2A,0.22705924326669183,0.4804245269635162,0.32767980187904994,0.57227103408702
hepg2,jurkat,raw,PPIL4,0.5994345667128215,0.6921478508355926,0.7826364521659731,0.8144460285318134
hepg2,jurkat,raw,PIP4K2C,0.10385130596419141,0.5915574807236603,0.6751676434810512,0.16432652689723437
hepg2,jurkat,raw,RPL18,0.2651115964530257,0.973758935183601,0.750756441450101,0.3100655122500653
hepg2,jurkat,raw,SARS,0.26729286436224997,0.650340311099801,0.22678550692403715,0.6960002239766397
hepg2,jurkat,raw,GEMIN5,0.5747948258814164,0.9006547747573529,0.8708257748200492,0.6490348767177515
hepg2,jurkat,raw,SMG9,0.28272966431356933,0.3343660577989318,0.54281909649364,0.6636402621404995
hepg2,jurkat,raw,COPE,0.09741306309246135,0.00013940032929137962,0.6117299365741552,
hepg2,jurkat,raw,HSPD1,0.3625058235275311,0.12610868412654527,0.8257819424368626,
hepg2,jurkat,raw,TFPT,0.2576955540601766,0.7398532950814735,0.43417721116483826,0.45467450988670155
hepg2,jurkat,raw,PSMC3,0.2035028479787195,0.800092745952075,0.06781336852203008,
hepg2,jurkat,raw,MRPL53,0.19459093445954306,0.42541157201322893,0.20328199906638822,0.6617112106701378
hepg2,jurkat,raw,GNL2,0.09750939793157448,0.9692482571363256,0.8461283944697584,0.10767399474490959
hepg2,jurkat,raw,SRSF10,0.4216044422625217,0.34356389470707427,0.6128896526910051,0.9187773385662164
hepg2,jurkat,raw,MICOS10,0.4320962707002666,0.6615415642866884,0.5621491286250492,0.7085592618201338
hepg2,jurkat,raw,MRPL17,0.299998127062776,0.5286936346039854,0.5776999130836425,0.5428318875263565
hepg2,jurkat,raw,DPPA2,0.045441852353788934,0.14330296766985745,0.1306668224654219,
hepg2,jurkat,raw,MRPL45,-0.016703284431312686,0.0,0.16450222455429167,
hepg2,jurkat,raw,KIAA0586,0.20157431246818291,0.0,0.5886401965611228,
hepg2,jurkat,raw,PSMG4,0.17090989793034791,0.08105692914981887,0.20803366710040905,
hepg2,jurkat,raw,PPP2R3C,0.058282288819755355,0.07660008832514865,0.4813223672853818,
hepg2,jurkat,raw,COG1,0.22011278169575105,0.21510045615602746,0.5549635662258469,0.6370776368319829
hepg2,jurkat,raw,OR4N2,0.05710304649404299,0.0,0.10267491020942628,
hepg2,jurkat,raw,ARMC6,-0.012350705845214596,0.0,0.27570954485160815,
hepg2,jurkat,raw,PSME1,0.19648611643482114,0.4270409436975103,0.5333297560618488,0.4117173827162326
hepg2,jurkat,raw,FAM50A,0.4960941152911719,0.7010534254546721,0.7005847470694837,0.7078776145654638
hepg2,jurkat,raw,KDM5C,0.08294086939202368,0.21825557014072272,0.09524178611145935,
hepg2,jurkat,raw,CPNE7,0.2549394136943156,0.4401048867039868,0.45462242872882613,0.5699456697880216
hepg2,jurkat,raw,MIOS,0.308182319355625,0.34551099028391435,0.7597813136974783,0.601495637788897
hepg2,jurkat,raw,CHMP2A,0.017937763242393493,0.4369911668639818,0.06004402261289572,
hepg2,jurkat,raw,INO80C,0.23642611866945168,0.32975806653801093,0.6226439120267578,0.5217685108586302
hepg2,jurkat,raw,ARPC3,0.17215506918762993,0.20910741100937305,0.3229460831674579,0.6624759123663666
hepg2,jurkat,raw,IST1,-0.02842503475198991,0.031095948771056092,0.46932552056729704,
hepg2,jurkat,raw,SNUPN,0.07581918479216551,0.12911135621005157,0.27730398012606594,
hepg2,jurkat,raw,NDUFAB1,0.44964894688134605,0.8518462800656663,0.8313205992503641,0.5343289365203042
hepg2,jurkat,raw,GPN1,0.30268223453316945,0.816819040523837,0.6774175377956128,0.40690758650134673
hepg2,jurkat,raw,COG2,0.06729447702139736,0.32505718208340995,0.029497032684193673,
hepg2,jurkat,raw,RAC1,0.2827241461358749,0.4269648542374807,0.5306576207871384,0.5939633317002563
hepg2,jurkat,raw,SETD2,-0.16545495344284905,0.3876208071040924,0.5853198422005575,-0.34735984279636273
hepg2,jurkat,raw,FTSJ3,0.28383793166833565,0.7553095753159185,0.3935923137063572,0.5205765895516038
hepg2,jurkat,raw,KDM2A,0.10501047065760716,0.0,0.21126916927831574,
hepg2,jurkat,raw,HYPK,0.28188496945705266,0.6820300793213474,0.5098871042491686,0.4780057720101891
hepg2,jurkat,raw,GTF3C6,0.3775867794957548,0.46518131010494324,0.7798123509769135,0.6269177935549759
hepg2,jurkat,raw,MRPS12,0.3420279074327539,0.5655049017977488,0.4542650838133422,0.6748211381557992
hepg2,jurkat,raw,PRMT1,0.4231337077420404,0.431031995358414,0.7282618539418684,0.7552297474917951
hepg2,jurkat,raw,XRCC2,-0.03774918009072207,0.052787002673182766,0.22520568962623233,
hepg2,jurkat,raw,CHD4,0.23000516132484708,0.6633382773502936,0.8141761354609142,0.3129758792358629
hepg2,jurkat,raw,EBNA1BP2,0.09213322778441341,0.9435891436785514,0.6622342954337639,0.1165517998990846
hepg2,jurkat,raw,BANF1,0.262606821228839,0.3024307998279747,0.3115471225009492,0.8555218807890328
hepg2,jurkat,raw,LSM6,0.4990180236717959,0.9062311470712513,0.8761619110343046,0.5600213121417945
hepg2,jurkat,raw,COPB2,0.03609753406300968,0.6559884906749371,0.0385805342637105,
hepg2,jurkat,raw,DIS3,0.19967190397277013,0.4864431494241912,0.6706805082118732,0.34957717706548774
hepg2,jurkat,raw,HOXC10,-0.08887733921744816,0.0007973668226461708,0.0,
hepg2,jurkat,raw,PTK2,0.080823396049692,0.019872578636191688,0.030224343828663392,
hepg2,jurkat,raw,CYREN,0.0360910366551734,0.5788499089092557,0.3440062218617595,0.08087852516880809
hepg2,jurkat,raw,NSL1,0.3661823494763589,0.404026936332528,0.0,
hepg2,jurkat,raw,KDM8,0.05378522252679887,0.004678710964503343,0.19304137696572238,
hepg2,jurkat,raw,GTF2H2C,0.03689802526389959,0.2448271666236787,0.7758340260637825,0.08466207515299828
hepg2,jurkat,raw,MTREX,0.45464454079575745,0.638247179613094,0.46916727599566976,0.830832873710797
hepg2,jurkat,raw,NOL7,0.17786567942398498,0.43926126836127827,0.5041974250002502,0.37794655261568816
hepg2,jurkat,raw,TYK2,0.14312233677011582,0.22480212283656492,0.41718758481844204,0.46734922466735346
hepg2,jurkat,raw,MEX3A,0.09467054879552338,0.6135478656762975,0.4264843597638445,0.1850713169068573
hepg2,jurkat,raw,GGPS1,-0.006119707798022373,0.21577633917587824,0.4713486728482216,-0.019189233674292566
hepg2,jurkat,raw,VCP,0.04821568548535011,0.47934768504071235,0.11953679399095363,
hepg2,jurkat,raw,VPS18,0.22224718090983564,0.568089987120208,0.42473783067512955,0.4524464877738355
hepg2,jurkat,raw,EIF5,0.2446592933048972,0.48726453439924305,0.3644097804318021,0.5806097218841327
hepg2,jurkat,raw,EXOC4,0.21133394835412966,0.31770598235729014,0.323589183122681,0.6591125376913488
hepg2,jurkat,raw,CCDC84,0.39601089746306306,0.5080030339436528,0.6709640889370648,0.6783039493442847
hepg2,jurkat,raw,TMEM240,-0.027130303258547886,0.039091561825838984,0.0,
hepg2,jurkat,raw,CKAP5,-0.1033841516875528,0.0,0.408462992033019,
hepg2,jurkat,raw,RFC1,0.18495359375689965,0.45149904612880243,0.3474604862548373,0.4669621116394784
hepg2,jurkat,raw,KCNA10,-0.012758428970341547,0.0,0.0051531250522962434,
hepg2,jurkat,raw,CLSPN,0.038774703690717616,0.695394286679925,0.0,
hepg2,jurkat,raw,RFC2,0.3123375829397825,0.6748361284446796,0.6886995451472169,0.45815263053730004
hepg2,jurkat,raw,HIST1H2AI,0.027895896800840887,0.0,0.011792994174650719,
hepg2,jurkat,raw,PPP1CA,0.014102439697090598,0.017956100638315754,0.1571815058027621,
hepg2,jurkat,raw,PTGR2,0.18317843512730228,0.011488603528141315,0.5379480687233429,
hepg2,jurkat,raw,PGD,0.3179905471914454,0.22192856126978905,0.8207185355556904,0.7450930119096802
hepg2,jurkat,raw,ATP6V1D,0.10637386846210177,0.0,0.7227166730264961,
hepg2,jurkat,raw,GEMIN7,0.08914479606988902,0.23670269900116858,0.502962806589987,0.2583607017163921
hepg2,jurkat,raw,IGBP1,0.3218242577436987,0.8318300046993004,0.7001505284478828,0.4217021109333427
hepg2,jurkat,raw,NBPF15,-0.023583790361987152,0.040789918611745,0.038480827095258345,
hepg2,jurkat,raw,NCBP2,0.3541372933073627,0.573642539975176,0.7923171071372845,0.525292828964945
hepg2,jurkat,raw,POLR3K,0.3315528730298231,0.6356402295979019,0.3830497843043894,0.6719229834555142
hepg2,jurkat,raw,AURKAIP1,0.2830812886015452,0.42012100199656605,0.6728322799039407,0.5324398568838282
hepg2,jurkat,raw,ELOB,0.4577267496274566,0.711556727339514,0.8370662910436498,0.5930913667952169
hepg2,jurkat,raw,PDCD7,0.28668172735425457,0.2588511969710194,0.6932196235044294,0.6767675078835282
hepg2,jurkat,raw,EXOC7,0.43060741677418035,0.6556631728808209,0.6220474725086985,0.6742630262146551
hepg2,jurkat,raw,PSMG1,0.042155026641893745,0.35847407806463455,0.393604358942189,0.11222523931655017
hepg2,jurkat,raw,MRPS31,0.15811744910000375,0.3036064791259996,0.28519570835591546,0.5373444760015123
hepg2,jurkat,raw,EMG1,0.171750424445162,0.7114993272354502,0.5751092818067544,0.26849449377008505
hepg2,jurkat,raw,ALYREF,-0.06820558627092425,0.26497497293872024,0.0,
hepg2,jurkat,raw,CCP110,0.029476337211716715,0.42662815935070414,0.0,
hepg2,jurkat,raw,HINFP,0.2458373961723703,0.6148820487767753,0.5799583360747907,0.4116741928643123
hepg2,jurkat,raw,MALSU1,0.3433426360612716,0.4730190661550598,0.6485629970583108,0.6198867172762953
hepg2,jurkat,raw,MRPS9,0.21489565722768647,0.4722063401296138,0.5122982808737154,0.43691834792875806
hepg2,jurkat,raw,NDUFA11,0.26768709615983494,0.6545136312313279,0.6016663159619545,0.42656993175475294
hepg2,jurkat,raw,PDCD2,0.34640099289788395,0.8552869853868345,0.75536899288455,0.4309666060336687
hepg2,jurkat,raw,EIF3D,0.4490951653014965,0.8779128571491519,0.8266307459290118,0.5271775382886495
hepg2,jurkat,raw,COPB1,-0.1600537724056445,0.6808555859731132,0.2394245279240642,-0.3964186629555757
hepg2,jurkat,raw,RPL11,0.3849993840046975,0.9180534673272025,0.6383349889341899,0.5029232600229064
hepg2,jurkat,raw,TULP1,0.09949796270189251,0.22468342557424759,0.0024675679986136457,
hepg2,jurkat,raw,PPP1CB,0.07468743802292478,0.053748977773712354,0.14183181655427154,
hepg2,jurkat,raw,KRTAP4-2,-0.014939438716398301,0.04229725579276826,0.0,
hepg2,jurkat,raw,CUL7,0.138903102926917,0.8088847134185486,0.14212736032593226,
hepg2,jurkat,raw,HHEX,-0.02455322696954097,0.14895809971256924,0.04227679917097957,
hepg2,jurkat,raw,PGAM5,0.2880549003392852,0.5114969241719919,0.711224852697659,0.4775845760973746
hepg2,jurkat,raw,BUB3,0.16183461929858836,0.06988750820347094,0.3152888933311179,
hepg2,jurkat,raw,TFB2M,0.10689228959567815,0.30162359562584984,0.23967759234705616,0.3975575508779351
hepg2,jurkat,raw,DCAF6,0.15872868652607583,0.08259900906374029,0.46671002128568695,
hepg2,jurkat,raw,KLHL17,0.21369961345613298,0.26292516948428546,0.7247314876920504,0.4895522940155534
hepg2,jurkat,raw,NFKBIE,0.045203482828180507,0.11727722642220234,0.31260105929582055,
hepg2,jurkat,raw,SSRP1,0.2844404653362191,0.7033764007432664,0.576951145693237,0.4465066834137492
hepg2,jurkat,raw,CENPN,0.08612858535538513,0.23489102063957693,0.18996281602747384,
hepg2,jurkat,raw,SRP19,0.34664700584088876,0.23879986765687516,0.675003150169121,0.8634108713545816
hepg2,jurkat,raw,NRBP1,0.26853547512312415,0.4317976027401719,0.6502365404067424,0.5067874687517142
hepg2,jurkat,raw,MBD3,0.1327386989819726,0.30909862736353017,0.48100906528335846,0.3442487625159843
hepg2,jurkat,raw,ZNF674,-0.08803650917670468,0.17716124414869855,0.0968760457792892,
hepg2,jurkat,raw,DDX24,0.04629205876286175,0.7891184071628902,0.6085623559223712,0.06680098502724452
hepg2,jurkat,raw,PSMA2,0.29943265442918765,0.8837993167079404,0.2156779520996302,0.6858346990262364
hepg2,jurkat,raw,ZNF720,0.02256704311612599,0.0,0.24798937258058748,
hepg2,jurkat,raw,RPL26L1,-0.001637255694764144,0.06397581673400742,0.3436149828708346,
hepg2,jurkat,raw,MRPL18,0.4265512804020607,0.7889591452156413,0.6831724703778576,0.5810035873652359
hepg2,jurkat,raw,MOG,-0.038038053436545684,0.0,0.08089761021332974,
hepg2,jurkat,raw,METTL14,0.48712845306008523,0.6632471986869141,0.8650458457379955,0.6431114217125026
hepg2,jurkat,raw,ACTL6A,0.10036915309713348,0.29621139882640907,0.6480706507343166,0.22908054050528665
hepg2,jurkat,raw,ALG1,0.04909857650495087,0.09757900148135895,0.09260748077443964,
hepg2,jurkat,raw,RBM22,0.12044020025414935,0.47355256055260464,0.0,
hepg2,jurkat,raw,POLE,0.028723715040807368,0.7324674168355587,0.21121319510972525,0.07302741556568258
hepg2,jurkat,raw,COPS8,0.11871184187762338,0.18337635777849426,0.532088669439243,
hepg2,jurkat,raw,CYP2A13,-0.00754026899945959,0.2541904735071295,0.015243559839766073,
hepg2,jurkat,raw,NCBP1,0.1878444147725129,0.430133730048869,0.7398127482904543,0.3329934041050297
hepg2,jurkat,raw,PPWD1,0.27693433775897364,0.4943564780921242,0.3626048823090484,0.6540935548988901
hepg2,jurkat,raw,CHAF1A,0.07591145244714656,0.5890090411369463,0.14751766333011512,
hepg2,jurkat,raw,DEPDC5,0.13118790243572767,0.1266865928815708,0.6194505377934926,
hepg2,jurkat,raw,CCT8,0.21725220776513346,0.8073938317495213,0.3219915839552886,0.42608792292680947
hepg2,jurkat,raw,KARS,0.24811983780881,0.04684565950448879,0.4775371689397675,
hepg2,jurkat,raw,EXOC3,0.023251363549419986,0.0,0.4228296497297752,
hepg2,jurkat,raw,UNCX,0.15499235202931666,0.3406826097943134,0.5200365967639883,0.3682292914746928
hepg2,jurkat,raw,PPP1R15B,0.35454949398705904,0.4503096223191554,0.5907882203200789,0.6873933757423306
hepg2,jurkat,raw,IFITM2,0.13830782414839277,0.0,0.05458590319844819,
hepg2,jurkat,raw,DNAJC9,0.30501957472174895,0.41143169999879475,0.6129693261621592,0.6073785702921592
hepg2,jurkat,raw,TICRR,0.059388066178460465,0.4957072882304729,0.0,
hepg2,jurkat,raw,TSEN54,0.12664015169815343,0.0,0.6793863804130392,
hepg2,jurkat,raw,ATL2,0.06014675283387455,0.23135717424131702,0.54035691224321,0.17011019585325646
hepg2,jurkat,raw,KIF14,0.11476044695487934,0.09589530019152082,0.0,
hepg2,jurkat,raw,SDHA,-0.06685730634999781,0.12220581465932293,0.3346457922436987,
hepg2,jurkat,raw,FXN,0.1951781223090999,0.3531715803569465,0.5194758855295225,0.45567538081798076
hepg2,jurkat,raw,VPS72,0.21474157463348037,0.38952513003200284,0.6970249934945485,0.4121204991892819
hepg2,jurkat,raw,TIMM22,0.2125616774395527,0.1866939878448045,0.5041105652896943,
hepg2,jurkat,raw,NEPRO,0.32082048513994177,0.8614185654844387,0.638813439204949,0.4324819189740812
hepg2,jurkat,raw,YKT6,0.31548301566367565,0.6678691631565691,0.6476655580553565,0.47968361757327677
hepg2,jurkat,raw,MED20,0.2429172135969875,0.7427622406101843,0.8648617908364984,0.30308191785691524
hepg2,jurkat,raw,FUNDC2,0.19465558918454076,0.0,0.7466756670314455,
hepg2,jurkat,raw,EIF4E,0.6701709753386504,0.9131043840749296,0.8499725228535735,0.7607167127386196
hepg2,jurkat,raw,INTS6,0.29635261248044903,0.48932983098991745,0.4603204867505705,0.6244213760116211
hepg2,jurkat,raw,PFDN4,0.0977480897067501,0.0692437366774711,0.16137743027858042,
hepg2,jurkat,raw,RNF4,-0.06348916257275736,0.45972542116807585,0.28933566511578984,-0.17408019071620714
hepg2,jurkat,raw,KATNB1,0.0722814800511422,0.0,0.0,
hepg2,jurkat,raw,RNF20,0.41010520711521736,0.6578963873725976,0.9032438074964632,0.5320029449354082
hepg2,jurkat,raw,PSMA5,0.26053194372325367,0.5863749670727436,0.37634292288388455,0.5546019497223538
hepg2,jurkat,raw,FDPS,0.38694952700202134,0.47554340170481313,0.5305433175114127,0.770369030960735
hepg2,jurkat,raw,RPS25,0.35220238707623414,0.5304860503856635,0.640766926281003,0.6040950365063579
hepg2,jurkat,raw,CLCC1,0.036429832093096956,0.0,0.1305677420836568,
hepg2,jurkat,raw,TELO2,0.35495441898691965,0.42315773269729456,0.7381211174298802,0.6351226942430027
hepg2,jurkat,raw,RPL14,0.12256039205652054,0.9677522471334165,0.6614839916168413,0.1531822266525223
hepg2,jurkat,raw,TUBGCP6,0.13823613915567276,0.1821159530282294,0.0,
hepg2,jurkat,raw,CWC15,0.49958756208741895,0.8326165946277078,0.666973962221611,0.6704009889642654
hepg2,jurkat,raw,HIST2H3A,0.025965298978822618,0.09499381422653992,0.2480743906086926,
hepg2,jurkat,raw,ISY1,0.38658607859100036,0.4858091463116617,0.5997141757899319,0.7162113674882226
hepg2,jurkat,raw,GATA1,-0.005900155759130566,0.1488922405819661,0.01789621064490213,
hepg2,jurkat,raw,MRPS18C,0.11737196618308308,0.5892752037435066,0.34520172012604355,0.26023686645970207
hepg2,jurkat,raw,ANLN,0.05485140091487926,0.0,0.20783849453762654,
hepg2,jurkat,raw,TNFSF10,0.20313629865377497,0.6508895018140107,0.0,
hepg2,jurkat,raw,HAPLN2,-0.08352157864274004,0.15821115263888866,0.11252214630313875,
hepg2,jurkat,raw,CDC23,0.17164620350914034,0.25028642667143186,0.007889901893579002,
hepg2,jurkat,raw,NKX6-1,0.22231647904118126,0.572297483413402,0.7665068469143892,0.33566241761208415
hepg2,jurkat,raw,TADA2B,0.18003976835579136,0.4684377630529036,0.31255067741397935,0.47052453483969453
hepg2,jurkat,raw,MRPS24,0.30474171300390507,0.42077751622667664,0.615401427663601,0.5988614973919568
hepg2,jurkat,raw,TREML2,-0.035300150614083294,0.4107267518337421,0.08373711981433016,
hepg2,jurkat,raw,EP400,0.17539974527611105,0.39501412130212565,0.8272510535846079,0.30683435425286565
hepg2,jurkat,raw,PPP1R7,-0.11116116243616057,0.03307530396095654,0.0,
hepg2,jurkat,raw,BIRC5,0.07628356044946112,0.2205649942471698,0.1345168036148854,
hepg2,jurkat,raw,WDR61,0.2737012961736555,0.40380073955394874,0.7660431707688192,0.49211508348042066
hepg2,jurkat,raw,CPSF6,0.43840758669363217,0.7020208057246226,0.811550509974324,0.5808249876054883
hepg2,jurkat,raw,ANAPC4,0.09222178213726856,0.4248073309115919,0.10997685691105563,
hepg2,jurkat,raw,EIF3F,0.40516711492071694,0.42265887339503516,0.7141417946143155,0.7374744320785859
hepg2,jurkat,raw,WDR44,0.1016211224967467,0.3049522986600965,0.21469462723486762,0.39715263102228326
hepg2,jurkat,raw,MRPL2,0.3194910658045803,0.29698589382722795,0.6107309889140272,0.7501805997271456
hepg2,jurkat,raw,POLE2,0.07539040100807345,0.25708851977833125,0.0,
hepg2,jurkat,raw,LCE1E,-0.01586115453493598,0.06915408151051244,0.20607573607214247,
hepg2,jurkat,raw,GET3,0.11286666955504786,0.07207760115972114,0.23355963971215918,
hepg2,jurkat,raw,ATP5MD,0.06258087093524105,0.22531071699258123,0.6877938219279157,0.15897233120516246
hepg2,jurkat,raw,METTL21A,0.13074070933144338,0.16030089495298963,0.6790730565407824,
hepg2,jurkat,raw,PRDM8,0.11285052292334306,0.18107824887961102,0.1546485704650019,
hepg2,jurkat,raw,CHMP1A,0.057630668297567106,0.3683120254546296,0.43379662217252574,0.1441792039515219
hepg2,jurkat,raw,RAB6A,-0.012988489651953617,0.15858953466843248,0.22843903202234905,
hepg2,jurkat,raw,PAFAH1B1,-0.06852050768348639,0.17402680024350484,0.18627188090285968,
hepg2,jurkat,raw,PLRG1,0.34912837298926963,0.5644603586765409,0.31804094490020246,0.8239994148487298
hepg2,jurkat,raw,DUT,0.20339430304993927,0.4156905031691071,0.6053341615907065,0.4054675857733604
hepg2,jurkat,raw,WDR25,0.3966748914332775,0.5508551664775461,0.6193994213648398,0.6790951055356313
hepg2,jurkat,raw,OR7A10,0.1460928662588262,0.10843528646708023,0.12520455145214324,
hepg2,jurkat,raw,LCN10,0.009937242609179487,0.25929572339289886,0.0,
hepg2,jurkat,raw,CRLS1,-0.0013414024737406825,0.11201157266053273,0.0,
hepg2,jurkat,raw,GMPPB,0.4311872595539749,0.33965090985861296,0.6924611890229903,0.8891024569618704
hepg2,jurkat,raw,UQCRH,0.16642418944056206,0.12943074587052159,0.20913078082245412,
hepg2,jurkat,raw,DNAJA1,0.3098624325969931,0.1837347628160912,0.6429643937775633,
hepg2,jurkat,raw,NDC1,0.12694296298747929,0.37678991449152915,0.27808553451630685,0.3921658723018343
hepg2,jurkat,raw,NCAPD2,0.11414753369551339,0.11144834615448297,0.2495871337323187,
hepg2,jurkat,raw,DDX59,0.08515080248363602,0.5225584734651806,0.37496869781333414,0.1923639962700402
hepg2,jurkat,raw,PSMA6,0.11268269393443349,0.7465029134321157,0.0,
hepg2,jurkat,raw,DONSON,0.09697569196363257,0.317266625719999,0.21525939121488136,0.3710817862559642
hepg2,jurkat,raw,DNAJC11,-0.012723677511433438,0.0,0.23877089009816974,
hepg2,jurkat,raw,TAF1B,0.012210238228912105,0.3415362389835736,0.24257481974372183,0.04242119348676488
hepg2,jurkat,raw,HAUS1,0.06476741872597047,0.20916986433679344,0.10267925395698392,
hepg2,jurkat,raw,KANSL3,0.39920093406210355,0.6671999139199577,0.8511004584504672,0.5297526596270411
hepg2,jurkat,raw,NUS1,0.1181639574228603,0.009739882399478839,0.23132598885460562,
hepg2,jurkat,raw,MCRS1,0.19371749803433444,0.2731504220244267,0.4162478397566378,0.5745024922358036
hepg2,jurkat,raw,MED31,0.3791669058536425,0.8354927665845135,0.6539665609737741,0.5129574081559779
hepg2,jurkat,raw,ZWINT,0.1952905153206815,0.2507549073489782,0.3172395032377039,0.692409153164056
hepg2,jurkat,raw,SUPT4H1,0.016358681167455542,0.37018589631171617,0.32957453746223053,0.04683402982029718
hepg2,jurkat,raw,PWP1,0.03537255297681614,0.8224902126249938,0.5883222707629768,0.050850285071105755
hepg2,jurkat,raw,WDR92,-0.1136101141123782,0.0,0.5603350402033316,
hepg2,jurkat,raw,CEP152,0.0026158091355567197,0.0057145208123453636,0.08857333892412897,
hepg2,jurkat,raw,KXD1,0.08741872847576354,0.0,0.3220746419725644,
hepg2,jurkat,raw,MRPL4,0.4415816117779709,0.5470677578740561,0.6911823847460621,0.71811515108231
hepg2,jurkat,raw,NUP160,-0.0586725127306658,0.8015848616837328,0.14193510033835768,
hepg2,jurkat,raw,TTI1,0.29686788880350823,0.6549141442973286,0.8430145861860254,0.3995337710321828
hepg2,jurkat,raw,CAPZB,0.2834304901937904,0.0,0.6468905389650446,
hepg2,jurkat,raw,U2AF2,0.31978533243515994,0.5415467667342031,0.5128434113628748,0.6068036246278365
hepg2,jurkat,raw,RANBP2,0.07776476245463795,0.07005563414968832,0.0,
hepg2,jurkat,raw,NPAT,0.08991604312764505,0.18917564580315702,0.41892112246270774,
hepg2,jurkat,raw,EIF3G,0.29018611115848275,0.8875219138563302,0.41155352943523094,0.48014666278954676
hepg2,jurkat,raw,POLD3,0.23440530846330931,0.5398945937986614,0.781122840432093,0.36095518514721875
hepg2,jurkat,raw,NCOA4,0.09185180853442437,0.0,0.30172860782951094,
hepg2,jurkat,raw,NCAPD3,0.0810882177503696,0.0,0.0,
hepg2,jurkat,raw,WDFY3,0.27568985528940765,0.32220184008501157,0.5264849568156336,0.6693662235584648
hepg2,jurkat,raw,HAUS3,0.013934309755062362,0.11897221680060849,0.02201516997470729,
hepg2,jurkat,raw,TCERG1,0.46650207891971895,0.5232439378965,0.7489744786844174,0.7451916348201552
hepg2,jurkat,raw,RNF168,0.009433432719029723,0.0,0.1804801146792101,
hepg2,jurkat,raw,PSMA7,0.09249453886658632,0.7831603478274459,0.05775558025177305,
hepg2,jurkat,raw,SNRPD2,0.5595791662638472,0.8299862969903485,0.6655640699594092,0.7528893282601898
hepg2,jurkat,raw,ZNF492,-0.10931875638230013,0.0,0.06572102661963448,
hepg2,jurkat,raw,SNRPA1,0.5653771846181949,0.818358306878049,0.637259585875969,0.7829036950520836
hepg2,jurkat,raw,ATP5F1C,0.3773485563428612,0.6149537162870164,0.6163362084158334,0.6129324810189494
hepg2,jurkat,raw,KLC2,-0.003873487565548767,0.0,0.046007477998971306,
hepg2,jurkat,raw,PSMD3,0.1427451822068482,0.6381893788692453,0.0,
hepg2,jurkat,raw,TOP3A,0.03958273088788841,0.07760407581690938,0.6860525844815507,
hepg2,jurkat,raw,ARID3A,0.009678849227035928,0.34648861524479463,0.21172447783003479,0.035734993279336075
hepg2,jurkat,raw,POT1,0.0952721143619298,0.0551833787314124,0.0,
hepg2,jurkat,raw,NAE1,0.19328509752394613,0.7019100589408218,0.6686686086264859,0.2821318846839362
hepg2,jurkat,raw,TTF2,-0.06102740343539881,0.31960703136801066,0.21537100299145473,-0.23260717898378072
hepg2,jurkat,raw,SNAPC5,0.02363300504768976,0.16095095192092282,0.6278087813607537,
hepg2,jurkat,raw,BUD23,0.29113444508605424,0.7103323612769086,0.7538767924858729,0.3978438087142098
hepg2,jurkat,raw,SAMD4B,0.2101316123447218,0.4696992583404827,0.6363209095184597,0.384364578915241
hepg2,jurkat,raw,NDUFV2,0.46632195565629697,0.529709531246375,0.7216081268831315,0.7542516381969988
hepg2,jurkat,raw,RPLP2,0.12100275336987826,0.8636249975335312,0.7325412126798475,0.15213061427404587
hepg2,jurkat,raw,CPOX,0.024008223912641718,0.0,0.031023069692971285,
hepg2,jurkat,raw,CTPS1,0.2182387317254508,0.6787044283724111,0.6827459346257727,0.3205988249614096
hepg2,jurkat,raw,ATP6V1C1,0.16349418685009082,0.3284052864384056,0.17095376503385787,
hepg2,jurkat,raw,RPL39,0.05756681262494093,0.8906261505319294,0.8769434428632831,0.06513863747794729
hepg2,jurkat,raw,NDUFB6,0.2610779195493966,0.5268886063412744,0.4833982809110448,0.5173187134332881
hepg2,jurkat,raw,HARS2,0.3382277672957803,0.22907879934294811,0.574283691909325,0.9325101504011488
hepg2,jurkat,raw,CMC4,-0.08113929966720211,0.0,0.016655964409576753,
hepg2,jurkat,raw,DDX41,0.6153551609199837,0.9055028507526468,0.8125551790789576,0.7173886560856776
hepg2,jurkat,raw,GTF2A2,0.44512625867049205,0.5136293290226279,0.6645272080653477,0.7619069300935825
hepg2,jurkat,raw,TSG101,0.06354833750934166,0.6761292810559417,0.3250171486958645,0.13556144306289747
hepg2,jurkat,raw,PCM1,0.1445671105018482,0.24563326583055092,0.4527861321713525,0.4334902672086953
hepg2,jurkat,raw,MRPS2,0.001844087382182795,0.03453645621766103,0.20584672562025125,
hepg2,jurkat,raw,SSBP1,0.5061773443498739,0.48290891535192415,0.5628370421238149,0.970909510659665
hepg2,jurkat,raw,UBA1,0.043154010296376985,0.20069733040911533,0.32526732648985907,0.16890019188543268
hepg2,jurkat,raw,SRSF1,0.3781603894253634,0.7383300916081169,0.5191421195980294,0.6108120821767222
hepg2,jurkat,raw,COPS3,0.20579135522743716,0.739909682062109,0.6508933230935069,0.29653971359847914
hepg2,jurkat,raw,RPL7A,0.19626355844406299,0.7662834589003396,0.10610739820378805,
hepg2,jurkat,raw,LIN52,0.15016116940667515,0.12738384459157576,0.4904724473674211,
hepg2,jurkat,raw,TRMT10C,0.2515364492833988,0.4775959773839666,0.45271217912395584,0.5409529665917105
hepg2,jurkat,raw,SET,0.20923345860858406,0.08905030321365442,0.5083093697662282,
hepg2,jurkat,raw,NEDD8-MDP1,0.24819479874470973,0.7851094966255668,0.8063064735616393,0.31194461104140175
hepg2,jurkat,raw,PAK1IP1,0.10756337112426824,0.1920636627343316,0.5435680854473549,
hepg2,jurkat,raw,F8A1,0.021968685451351836,0.0,0.0,
hepg2,jurkat,raw,MED24,-0.022340168208815618,0.0,0.5995018878255288,
hepg2,jurkat,raw,SPDL1,0.06704291213977624,0.15573075830894598,0.05943060839418697,
hepg2,jurkat,raw,SH3KBP1,0.34127238776977903,0.3809127360277301,0.7489050115451589,0.6389620073308271
hepg2,jurkat,raw,GLMN,0.22471254955990577,0.6435898700008866,0.31274932592834803,0.5008694419329616
hepg2,jurkat,raw,SMARCE1,0.11601255628397082,0.4852574089865184,0.7732071962491254,0.18939607092815414
hepg2,jurkat,raw,TWNK,0.24900830243538347,0.0,0.6856169808485817,
hepg2,jurkat,raw,KLF7,-0.011996513086420415,0.0,0.044494416041864514,
hepg2,jurkat,raw,CDC16,0.15632810954956436,0.7376466159692813,0.09274560542547623,
hepg2,jurkat,raw,UTP25,0.2846574790163304,0.6121094447160169,0.6512269742946378,0.4508601674590478
hepg2,jurkat,raw,NANOG,-0.04208801661721787,0.057691882583793645,0.21379320644622468,
hepg2,jurkat,raw,PRXL2A,0.05706264856002649,0.22371377746537188,0.40039034989453914,0.19066183090202632
hepg2,jurkat,raw,SACM1L,0.045412914567290345,0.5608533577436512,0.08884324575925222,
hepg2,jurkat,raw,SSX4,0.04163606379891314,0.12445099488479876,0.1281018335864943,
hepg2,jurkat,raw,HGS,0.28763947592213623,0.8611956000910852,0.5218943754537979,0.429048392775659
hepg2,jurkat,raw,NDUFA8,0.2810814263282544,0.7215130643710205,0.4754563906484258,0.4799043698277989
hepg2,jurkat,raw,POLR1B,0.18953281304884803,0.69963054649456,0.6528818471702286,0.2804353325078073
hepg2,jurkat,raw,HBS1L,0.38162544069895044,0.5968691085788465,0.45962493289534556,0.7286114267782411
hepg2,jurkat,raw,DAXX,0.2469705116589779,0.6075969739167082,0.6070353206428697,0.4066589356609627
hepg2,jurkat,raw,UQCRQ,0.3162343399421247,0.4176936875987475,0.7598690017679554,0.5613202476705444
hepg2,jurkat,raw,HEXIM1,0.16350919085697016,0.0674349389297623,0.4165582900034954,
hepg2,jurkat,raw,PPIE,0.3658823398907381,0.5309599821228147,0.5674525941638217,0.6665699942472321
hepg2,jurkat,raw,GBF1,0.3419964662137985,0.6067857385989877,0.0,
hepg2,jurkat,raw,NOP10,0.2465377710648002,0.0,0.7491584638382611,
hepg2,jurkat,raw,DCTN6,0.009514179292967571,0.33188330010257366,0.34133123063036114,0.028267709410098166
hepg2,jurkat,raw,PPP1R10,0.15742918561982197,0.4361065416895426,0.38535910642283105,0.38402202652661294
hepg2,jurkat,raw,SLC9B1,0.036254526950424575,0.1100669818206212,0.04798819108630772,
hepg2,jurkat,raw,SPCS2,0.503196264595351,0.3560358568076685,0.7832161599753799,0.9529052495176304
hepg2,jurkat,raw,SRSF3,0.19384094056679427,0.6477584766677615,0.2171026053818543,0.5168998882951594
hepg2,jurkat,raw,GTF2H2,0.18338586641481708,0.04867746953601345,0.7809284294690548,
hepg2,jurkat,raw,PPP4C,0.3872344769311054,0.46828688096951804,0.510264970315942,0.792173197044
hepg2,jurkat,raw,CPSF2,0.0850544731110256,0.0778701064121116,0.5401404041819342,
hepg2,jurkat,raw,SMC2,0.2963273473452387,0.0,0.7181460720531625,
hepg2,jurkat,raw,TERF1,-0.01470251710383616,0.0,0.16299462889563468,
hepg2,jurkat,raw,ESYT2,0.19376850084778802,0.5690604968739431,0.62622935315442,0.3245915798124356
hepg2,jurkat,raw,TMED2,0.2773594253726433,0.12946691615400088,0.18936766771806507,
hepg2,jurkat,raw,DHX9,0.2471420363676085,0.3880226298124157,0.6273658853766227,0.5009076262922926
hepg2,jurkat,raw,NAPA,0.1971665849484503,0.4704834833233805,0.41542173801353394,0.44598116140705574
hepg2,jurkat,raw,ERH,0.16517843400605986,0.40237318361067337,0.040534484826756485,
hepg2,jurkat,raw,RPL19,0.2120807462113363,0.9359411958151342,0.6009299653060951,0.28279064003345594
hepg2,jurkat,raw,CHMP3,0.15127916810707237,0.0,0.2546714093886678,
hepg2,jurkat,raw,ATIC,0.10076334542830608,0.0,0.5546401108355897,
hepg2,jurkat,raw,FARSB,0.4731086798630389,0.8426017066696067,0.7753344513190741,0.5853359626681065
hepg2,jurkat,raw,PRIM1,0.169375219988383,0.8269085913735067,0.40645206776699483,0.29215710441235077
hepg2,jurkat,raw,RPLP1,0.01645186472277292,0.7576868792228526,0.5666786136212493,0.02510740540473389
hepg2,jurkat,raw,KIF20A,-0.02306945081602439,0.12896894954484733,0.12144954123265903,
hepg2,jurkat,raw,DBF4,-0.018494283294014653,0.005310898574401009,0.03345060252571642,
hepg2,jurkat,raw,TTI2,0.03869568090265085,0.0,0.026305205937759264,
hepg2,jurkat,raw,RBM19,0.26390195788592624,0.6629997455443515,0.44361375732946473,0.48661268777769456
hepg2,jurkat,raw,RPS16,0.5961457637954475,0.8200232419653168,0.5867058432674057,0.8594669372823065
hepg2,jurkat,raw,AGBL5,0.17387568429200018,0.3994471813213689,0.0251488416521575,
hepg2,jurkat,raw,XPO5,0.07198426323165527,0.01918597749574905,0.6335897801891195,
hepg2,jurkat,raw,TMEM199,0.11379512203739418,0.00011217650874281847,0.2518266922508022,
hepg2,jurkat,raw,MRPL22,0.1482600249993895,0.2869355330590363,0.4754296092377423,0.4014105565811892
hepg2,jurkat,raw,UBE3C,0.15454979147179954,0.3755038532114878,0.268756384354871,0.486498862989247
hepg2,jurkat,raw,NR2C2AP,0.2843580137280026,0.6872384873834346,0.31348791869949516,0.6126343321203598
hepg2,jurkat,raw,CENPH,0.02413726858530706,0.23289587353906424,0.02170119072096084,
hepg2,jurkat,raw,RPN1,0.35790223209844835,0.44221112489684683,0.7177455118141393,0.6352787553546682
hepg2,jurkat,raw,CAP1,0.12384534448549506,0.07494737120831886,0.2776440504517035,
hepg2,jurkat,raw,OGT,0.08415840341590371,0.5579911374295166,0.028523518770383893,
hepg2,jurkat,raw,MFAP1,0.3456479484504673,0.7359439973288393,0.38760336453995453,0.6471691858836761
hepg2,jurkat,raw,GPN2,0.4491447432299877,0.6602122708526604,0.657243903752068,0.6818380632763327
hepg2,jurkat,raw,HSPH1,0.4767422866033645,0.5927995523047398,0.7633295054678042,0.7087184139765311
hepg2,jurkat,raw,TRMT5,0.466893796110985,0.3202616413808643,0.6941340954184084,0.9902479501800926
hepg2,jurkat,raw,RPL27,0.2681957023052508,0.10688358301268092,0.32177356567314436,
hepg2,jurkat,raw,SLC25A3,0.34178099125147826,0.26844836720878196,0.39491196914830295,1.0497052596018626
hepg2,jurkat,raw,RAD51D,0.09411675214051245,0.0,0.09565088526282536,
hepg2,jurkat,raw,GEMIN6,0.30732207517096544,0.23484273127190947,0.5112981991159904,0.8868865408233498
hepg2,jurkat,raw,NUDT21,0.1817388994226601,0.3609129192446438,0.6335999376715714,0.38004858212073284
hepg2,jurkat,raw,RPF2,-0.01668127379507302,0.7707311540290401,0.574829443487979,-0.025061568661093103
hepg2,jurkat,raw,DROSHA,0.09354991365669571,0.15773021092764605,0.6437306721050416,
hepg2,jurkat,raw,TMEM258,0.49158821491854815,0.5184128391243449,0.7879273184012475,0.7691667627766516
hepg2,jurkat,raw,ARIH1,0.008599815323179378,0.0,0.6330820525562468,
hepg2,jurkat,raw,RTF1,0.12854608428591557,0.6791916725933865,0.5351266213230597,0.21322317077336367
hepg2,jurkat,raw,NDC80,-0.010759776665631755,0.6453604283554928,0.0,
hepg2,jurkat,raw,SNF8,0.28782566163275397,0.0,0.3717710000230349,
hepg2,jurkat,raw,CBLL1,0.34463198177426124,0.4592848300362622,0.6271995020782981,0.6421133131946657
hepg2,jurkat,raw,RPL21,0.38272275516616566,0.8454911893795761,0.8130893794739577,0.461594469822214
hepg2,jurkat,raw,LRPPRC,0.5400652075203516,0.3050663550540965,0.7427494764086692,1.1345610397213217
hepg2,jurkat,raw,HAUS5,0.061090086936729966,0.572060787582171,0.2729793700390741,0.1545911898078384
hepg2,jurkat,raw,BRD4,0.044670401383157,0.0,0.04869747919609465,
hepg2,jurkat,raw,TIMELESS,0.22055173539607306,0.5022405768637154,0.71997767331996,0.36677106489434996
hepg2,jurkat,raw,ZRANB2,-0.05900541368105201,0.27621438715140667,0.4425547823013607,-0.16876609147071803
hepg2,jurkat,raw,ACD,-0.020978649465814046,0.04415764062569723,0.2512259279897758,
hepg2,jurkat,raw,PIK3R4,0.11927873783078778,0.25811189024619957,0.28051514526410715,0.44328279160118356
hepg2,jurkat,raw,RPS17,0.5288222420453486,0.8932392744110887,0.7374774157081636,0.6515555454861262
hepg2,jurkat,raw,HIST1H2BJ,-0.10686945375615343,0.05919318813725528,0.15650075392119048,
hepg2,jurkat,raw,MED12,0.12646211363220874,0.5677115134266104,0.1609653899980412,
hepg2,jurkat,raw,DNM2,0.14837301744771578,0.5002448199983309,0.00792863535243316,
hepg2,jurkat,raw,ZNF830,0.2745165560457181,0.719975792040869,0.2907485666687442,0.5999993825483059
hepg2,jurkat,raw,PLEKHN1,-0.006989198027150236,0.25882265714812486,0.09801099055152981,
hepg2,jurkat,raw,VPS25,0.0062794621547812585,0.0,0.19845484402046096,
hepg2,jurkat,raw,KANSL2,0.39536900211614023,0.5701100118844794,0.8880486524186315,0.5556545857237122
hepg2,jurkat,raw,MRPL21,0.04893183628739084,0.13698440240910262,0.04107815958660063,
hepg2,jurkat,raw,LEO1,0.1634516131094229,0.5182816361838601,0.5473476635041491,0.30688429674500606
hepg2,jurkat,raw,SPC24,0.2820394567528608,0.5647658063684,0.31071533544368996,0.6732778515462343
hepg2,jurkat,raw,DAD1,0.3371134833047502,0.7299190029067076,0.7555850120302916,0.4539386070060163
hepg2,jurkat,raw,BCAS2,0.09500989131661114,0.4366584733840176,0.4206137774783893,0.2216951173063779
hepg2,jurkat,raw,NUF2,0.0029709035927778884,0.0,0.21948195478249216,
hepg2,jurkat,raw,ZC3H18,0.015541985898702041,0.48090675728068233,0.623869866065731,0.028374555469008234
hepg2,jurkat,raw,TCP1,0.1335710995210571,0.10256183613924023,0.1653551425311129,
hepg2,jurkat,raw,NEDD8,0.3749047058240738,0.3970874934540752,0.8459496964260409,0.6468528825953302
hepg2,jurkat,raw,MED1,0.22541995835656067,0.5325017988782633,0.552912836338506,0.41543538902269816
hepg2,jurkat,raw,SDHD,-0.022424186247283175,0.12468341232409406,0.0,
hepg2,jurkat,raw,UBR4,0.1480668246785199,0.41601890507464717,0.2534437419771307,0.45599538107863513
hepg2,jurkat,raw,CHTF8,0.15702905230935518,0.0,0.5035813086768978,
hepg2,jurkat,centred,KIAA1143,0.25408131588822397,0.10890215690841887,0.5468314530700029,
hepg2,jurkat,centred,FEN1,0.38408818829779695,0.44622432061987777,0.5811040799945891,0.7542709313145873
hepg2,jurkat,centred,RNPS1,0.08489840467221588,0.4265468202391443,0.58608871468488,0.16979875265918734
hepg2,jurkat,centred,PHF10,0.23513522114683524,0.8180907952654498,0.6065288382107469,0.33380374662068557
hepg2,jurkat,centred,HSF1,0.1540955377299164,0.49059668323735406,0.1794352768660548,
hepg2,jurkat,centred,SEPHS2,0.19436446481392683,0.2184217179466865,0.43519704403238424,0.6304142030056276
hepg2,jurkat,centred,POLR2H,0.15583031704214276,0.7544778632282835,0.1814835282101937,
hepg2,jurkat,centred,TFAM,0.6099747652184256,0.9770588754023033,0.990911119919015,0.6199178625207608
hepg2,jurkat,centred,BCAR1,0.3591348305352916,0.8528073369609411,0.7847363278361014,0.43900572521395465
hepg2,jurkat,centred,TMEM214,0.022419780595887267,0.8902971451380658,0.7094996998756792,0.02820900447839822
hepg2,jurkat,centred,BAP1,0.10909163512082569,0.6541263319275327,0.818844808205524,0.14905956013219815
hepg2,jurkat,centred,MAP2K7,0.17507185186327245,0.6044621534965472,0.39061407395730524,0.3602946597350326
hepg2,jurkat,centred,UXT,0.4112092574921434,0.6787858515852825,0.6157512118579683,0.6360538049515103
hepg2,jurkat,centred,SRSF2,0.1343089250436149,0.3134886236407204,0.21792795379946528,0.5138513597288733
hepg2,jurkat,centred,SHQ1,0.21153488225006367,0.7382848099909619,0.6577826604530653,0.30354900668420015
hepg2,jurkat,centred,MRPL37,0.40842583022653495,0.3135737818794132,0.6119473737131099,0.9323657058093342
hepg2,jurkat,centred,BGLAP,0.05485233148034565,0.27679926191716825,0.22877104836465295,0.2179777155540535
hepg2,jurkat,centred,NUP153,0.14596075513042986,0.7255056380362447,0.0,
hepg2,jurkat,centred,ZNF787,0.12951192290075017,0.5298659058669489,0.6083213373112472,0.2281183589393887
hepg2,jurkat,centred,KPNA6,0.2518550975461862,0.41401468941593883,0.6619191969156071,0.48110556660321757
hepg2,jurkat,centred,SSU72,0.4805311852445656,0.9068378951968293,0.9105713604683604,0.5288101154821372
hepg2,jurkat,centred,HAMP,0.16128294172446436,0.0024833949533847907,0.2569639438562541,
hepg2,jurkat,centred,WDR4,0.22920440543544798,0.6177545839968652,0.19914875825143047,
hepg2,jurkat,centred,MAGOH,0.06918292989601978,0.5822493770029029,0.4297548092059278,0.13830378364349247
hepg2,jurkat,centred,GAB2,0.3563273226497033,0.8950876603297876,0.7935100627866587,0.4228050057102536
hepg2,jurkat,centred,SNRPD1,0.42139430549021945,0.8804620631649595,0.04994237580624757,
hepg2,jurkat,centred,C16orf86,0.21234317785769063,0.3852926159995142,0.45625499163995864,0.506453008284973
hepg2,jurkat,centred,NUP107,0.22423332971563054,0.8089908975773955,0.2604160322435003,0.48853365727501774
hepg2,jurkat,centred,PMPCB,0.35721096078740944,0.8240701795388452,0.8637409278592585,0.4234000721400267
hepg2,jurkat,centred,DDX46,0.2957485850475575,0.7780716714869179,0.5952650778528432,0.4345679280166236
hepg2,jurkat,centred,GON4L,0.2261654724187355,0.2923131010623887,0.29076411107434247,0.7757678255505943
hepg2,jurkat,centred,PTPN1,0.20788772505105227,0.5731732985285379,0.40193304801000224,0.4331207727161492
hepg2,jurkat,centred,PFN1,0.50729142372841,0.5847331409965479,0.7267957744670491,0.7781663893911542
hepg2,jurkat,centred,ABCE1,0.5100082280508008,0.8493487820631115,0.8784374279862008,0.5904440257655476
hepg2,jurkat,centred,MRPS18A,0.26663692411114004,0.501869257485384,0.5505121864790048,0.5072727408830299
hepg2,jurkat,centred,FOXS1,0.14848088761051775,0.494000055198205,0.0,
hepg2,jurkat,centred,RPS27,0.15785731496756622,0.8228466672678342,0.7333788414302108,0.20320812388307577
hepg2,jurkat,centred,PSMA4,0.07898613246335447,0.9611209337792378,0.2176543554918102,0.17269435824196344
hepg2,jurkat,centred,STAT5B,0.027745475818564742,0.6424762181688034,0.684951694792525,0.041824781090706344
hepg2,jurkat,centred,TRAPPC11,0.21696671593731803,0.8278446071251663,0.5593710053638337,0.31883701007109405
hepg2,jurkat,centred,CSNK2B,0.46286863106798837,0.8982985143326043,0.8166707569728501,0.5404106587631244
hepg2,jurkat,centred,VPS54,0.20945165460349227,0.6112905009046918,0.5316792437919036,0.3673965880795591
hepg2,jurkat,centred,SDHAF2,0.2494979417499561,0.4553683341934097,0.5043118085446361,0.5206381464039691
hepg2,jurkat,centred,MPHOSPH6,0.17352631390927564,0.445204303996183,0.8058693793453883,0.28970322997523507
hepg2,jurkat,centred,CCT4,0.33748341801087794,0.8613948876668024,0.40352596402314816,0.5724209922447935
hepg2,jurkat,centred,SNW1,0.20845369472806005,0.2994099383917793,0.17914258115886939,
hepg2,jurkat,centred,TRNT1,0.38896813343837744,0.7873229895217355,0.9089556437845802,0.45979708234260513
hepg2,jurkat,centred,TBX1,0.45828369195274565,0.7807256110260843,0.7536145615302969,0.5974623590011736
hepg2,jurkat,centred,UBTF,0.18720390804548204,0.4535407942637553,0.5474393008859568,0.37569788175504104
hepg2,jurkat,centred,CCDC78,0.12127912436882965,0.7305654928728558,0.861785110696508,0.15284702213803947
hepg2,jurkat,centred,TPT1,0.5344926609473082,0.9391687657248612,0.9335805453260589,0.57081322885537
hepg2,jurkat,centred,SRRM2,0.3936021013401226,0.2619179374357968,0.6104961724349434,0.9843132122416569
hepg2,jurkat,centred,HIST2H2BE,0.22038022028720058,0.3528396353034058,0.3451003222609491,0.6315551023418342
hepg2,jurkat,centred,GFM1,0.48931111173299663,0.9026371975287013,0.9491401529575307,0.5286439808015874
hepg2,jurkat,centred,PPP1R37,0.21413998949366414,0.8241494035879918,0.7371739022564089,0.27473236631765946
hepg2,jurkat,centred,OTX1,0.1783248048263621,0.5676652816541857,0.20825225406354403,0.5186456445484987
hepg2,jurkat,centred,NARS2,0.210556968911827,0.6037461160107591,0.5114213744846763,0.3789247803794941
hepg2,jurkat,centred,PHAX,0.4328660605039021,0.6026134457237843,0.7398384394579488,0.648284563875403
hepg2,jurkat,centred,PDCD6IP,0.263516210152817,0.18158019910149398,0.43926013035423034,
hepg2,jurkat,centred,FBXO42,0.38058871266870725,0.8668536219502677,0.6558580328742425,0.5047520586609487
hepg2,jurkat,centred,TMEM242,0.2803293163745782,0.80575659852201,0.619762544868942,0.3966924358751966
hepg2,jurkat,centred,DDX5,0.49776369538927817,0.7753785795010655,0.7715673914334847,0.6435456898922877
hepg2,jurkat,centred,SCAP,0.5059010319170251,0.8554153907490022,0.7176075837920376,0.6457040723686291
hepg2,jurkat,centred,BPTF,0.30549929377912255,0.8431580146107793,0.4607408390630449,0.4901481524006269
hepg2,jurkat,centred,PRKRIP1,0.27628904396365095,0.4893046346627966,0.38793955932199775,0.634149953400922
hepg2,jurkat,centred,RRP15,0.002113085448993151,0.13720885767033442,0.5989040152157065,
hepg2,jurkat,centred,WBP1,0.24510888165524528,0.2852739239395726,0.38089088032897667,0.7435800396940061
hepg2,jurkat,centred,PCNX3,0.29226148554001014,0.6587491045312309,0.29849722211471175,0.6590849906987049
hepg2,jurkat,centred,POLR1D,0.2551502650611275,0.835224722112872,0.7061878594630951,0.3322264686581354
hepg2,jurkat,centred,C5orf30,0.12668069521489908,0.5050098715433009,0.4760624337238901,0.2583619466540728
hepg2,jurkat,centred,MED28,0.10020685813851374,0.0,0.2539022890165273,
hepg2,jurkat,centred,ZMAT2,0.4617254997012727,0.8791377436739146,0.5123914460151263,0.6879461770479935
hepg2,jurkat,centred,HIST1H2AE,0.11701644324468403,0.08221366982047106,0.4464110320030453,
hepg2,jurkat,centred,IMP4,0.4749502173110208,0.9012909434402615,0.8625947004367989,0.5386568590452719
hepg2,jurkat,centred,CENPT,0.21062909482986164,0.3544381135018352,0.2834095497544587,0.6645702764797337
hepg2,jurkat,centred,GTF3C4,0.40287661373151845,0.7899816037008536,0.8800582871243718,0.48317877751838034
hepg2,jurkat,centred,GJA3,0.207825074870909,0.5571813623149375,0.19355181644985447,
hepg2,jurkat,centred,CPAMD8,0.19903063040941033,0.684424296686546,0.5024551448016694,0.3393974388060891
hepg2,jurkat,centred,POP4,0.20428114883058715,0.8143532356288212,0.8197901019510816,0.25001757772238586
hepg2,jurkat,centred,SIRT7,0.18891317381607753,0.7773254646153614,0.7678240784454357,0.2445287530712043
hepg2,jurkat,centred,UBE2L3,0.47882609135884546,0.49527968605503203,0.7278131998336637,0.7975218408465813
hepg2,jurkat,centred,ZBTB17,0.28562620943479056,0.7413114388049056,0.8603943329309562,0.3576423459649382
hepg2,jurkat,centred,UBE2N,0.27158893251916727,0.4841681337583486,0.5543156318862951,0.5242463361274733
hepg2,jurkat,centred,DHX37,0.19858089852207808,0.55931588782809,0.8719292032203869,0.28435985338468656
hepg2,jurkat,centred,NLE1,0.10624364478914312,0.8844434757543655,0.8869880011955183,0.11995242918358288
hepg2,jurkat,centred,LTBP4,0.2688171506149463,0.7447601380425178,0.557943557578521,0.417016873450796
hepg2,jurkat,centred,YPEL5,0.10088347395251804,0.5656821315424464,0.35568705439358367,0.2249053410082665
hepg2,jurkat,centred,NUBP1,0.28135087899196937,0.3258747759192958,0.463794732054375,0.7237023748982296
hepg2,jurkat,centred,KPNB1,0.1016416525334228,0.7519367088492098,0.03521123526193294,
hepg2,jurkat,centred,AAAS,0.13172770825549426,0.12551065712886375,0.14397125519976106,
hepg2,jurkat,centred,IPO11,0.42339848408785996,0.5746987410645794,0.6838252015820161,0.6753931083048964
hepg2,jurkat,centred,PCBP2,0.3888558321811974,0.41448759763156395,0.7771623042375415,0.6851363084903414
hepg2,jurkat,centred,RRN3,0.1546376493101761,0.5290425521034323,0.7443144510552059,0.2464289413708977
hepg2,jurkat,centred,CSE1L,0.4593794107875646,0.9633668654022514,0.578744573517785,0.6152224968906178
hepg2,jurkat,centred,WDR70,0.5651237822956591,0.9293425405687689,0.7683931955534161,0.6687501930129913
hepg2,jurkat,centred,UFM1,0.22300036161358705,0.7465199617956829,0.2807530202830955,0.48710505461896364
hepg2,jurkat,centred,THOC7,0.06926411327505975,0.7784918610703413,0.7616707050852649,0.08994926403533979
hepg2,jurkat,centred,ANKRD17,0.07025303237425405,0.5481435887763266,0.03883436393134143,
hepg2,jurkat,centred,RNF31,0.30623203373121854,0.6204341893921773,0.6599957259959022,0.47855537237003926
hepg2,jurkat,centred,LETM1,0.1984190002811537,0.44309345860886046,0.7040692444812701,0.35524494027503456
hepg2,jurkat,centred,INTS7,0.06978542526403918,0.6677480534519474,0.02212648462432963,
hepg2,jurkat,centred,NUDT15,0.2075766204269622,0.5372559760799103,0.5463371561161082,0.3831399520538115
hepg2,jurkat,centred,TUBB,0.2819612382496627,0.6862455344917668,0.3956270907769068,0.541136255537352
hepg2,jurkat,centred,DPH6,0.19630475086017338,0.32069303474085026,0.27615547878267005,0.6596433896121047
hepg2,jurkat,centred,TIMM23B,0.5060678868184524,0.9544228631268996,0.9314250710354643,0.5367405421744463
hepg2,jurkat,centred,CT45A5,0.0999903070336023,0.19413917872117736,0.3043421284339229,
hepg2,jurkat,centred,EPS8L1,0.19609045972830313,0.8020592362150254,0.5447154313446111,0.2966664284559951
hepg2,jurkat,centred,INTS8,0.3815319431182484,0.9350776433111176,0.8486936548301794,0.4282837434075213
hepg2,jurkat,centred,RPL6,0.2278265749913379,0.9837947810090876,0.7895768085306965,0.2584966577674571
hepg2,jurkat,centred,BTF3L4,0.29215990854589285,0.6951219796292598,0.5981449341406084,0.4530925224583821
hepg2,jurkat,centred,PCBP1,0.5171092842358725,0.7375879359391156,0.8521139998356009,0.6522687656631784
hepg2,jurkat,centred,SMN2,0.7095513361745024,0.9873797668909667,0.9705611344542039,0.7248201568387695
hepg2,jurkat,centred,RPUSD3,0.33248264374338415,0.4869422133336004,0.5225787653488907,0.659104667641227
hepg2,jurkat,centred,CIAO1,0.473765136677236,0.6852553836922146,0.6800414556965327,0.6940155103800139
hepg2,jurkat,centred,SLC1A5,0.4728045797559786,0.9430555529326994,0.898058216633764,0.5137605947078882
hepg2,jurkat,centred,SAE1,0.15152222352199649,0.7509827404718872,0.49620199964620876,0.24821733117336725
hepg2,jurkat,centred,COX11,-0.08037839779460676,0.7023805758404997,0.6779506381630925,-0.1164807240865538
hepg2,jurkat,centred,TWF1,0.41512291366378956,0.8041953731061656,0.7152132793127041,0.5473664017618917
hepg2,jurkat,centred,TAF3,0.6459019485542549,0.8026692349234799,0.8438460023618362,0.7848139018494972
hepg2,jurkat,centred,RBM10,0.44432743934486185,0.8460458787974177,0.5680716360702847,0.6409211805584437
hepg2,jurkat,centred,NOL6,0.30973366194449836,0.8676348714480312,0.8284598083076326,0.3653290317774329
hepg2,jurkat,centred,POLR2A,0.19248109452785944,0.7575294818289969,0.1040498399063803,
hepg2,jurkat,centred,S100A1,0.17728070781684505,0.5748240229362953,0.4141391909085106,0.36334639596880597
hepg2,jurkat,centred,SMG5,0.7649278475338003,0.9471534739076418,0.9369610200894353,0.8119878519897815
hepg2,jurkat,centred,TAF1D,0.36257921574782226,0.39838702096600087,0.8190061231480324,0.6347558913197108
hepg2,jurkat,centred,TAF11,0.457689428612685,0.5637514091627388,0.6959056450679816,0.7307214929373693
hepg2,jurkat,centred,PABPC1,0.5610172198435612,0.8394932523428991,0.6116711306859549,0.7829041499143338
hepg2,jurkat,centred,PSMB6,0.32761631292065424,0.45579129176200395,0.591447493509268,0.6309928074283258
hepg2,jurkat,centred,PARS2,0.2429357666021642,0.4296913159398289,0.6378392129372432,0.4640422920785819
hepg2,jurkat,centred,CCNC,0.06254223036352209,0.5203211237938312,0.6561816289708852,0.10703494800212512
hepg2,jurkat,centred,GTF2H4,0.39980412965343215,0.4161318873744695,0.8190152836525547,0.6848347267189163
hepg2,jurkat,centred,ZNF718,0.23966292379361892,0.7620403720966085,0.6715036836161786,0.33503305952293805
hepg2,jurkat,centred,SNRPC,0.40894938735802505,0.8950056260729634,0.43786203689758757,0.6532629574975507
hepg2,jurkat,centred,DYNLL1,0.3240142092195003,0.4843276171114776,0.5222581462768819,0.6442461436818689
hepg2,jurkat,centred,SPEN,0.21802247843204264,0.267069988897069,0.5942134646384444,0.5472899634649903
hepg2,jurkat,centred,MLST8,0.1437728633960767,0.22535311199226804,0.0,
hepg2,jurkat,centred,RPL8,0.2206271951357087,0.9458741779634948,0.8443636291938112,0.24687527688895597
hepg2,jurkat,centred,TOP1,0.2962349824742879,0.6063123672944734,0.8677088797033423,0.40841445891608313
hepg2,jurkat,centred,MCM3AP,0.06295727056077555,0.544296493885305,0.4554119119547637,0.1264520661995267
hepg2,jurkat,centred,STRAP,0.48125497721386745,0.6487056811751613,0.7936445424057088,0.6707155362715371
hepg2,jurkat,centred,CENPJ,-0.07862728254558764,0.8379933215559451,0.7413771060086658,-0.09975470808241961
hepg2,jurkat,centred,KDM6A,0.11425207645874386,0.7396295957386875,0.5265484387606709,0.183078690216308
hepg2,jurkat,centred,YRDC,0.21171678155838566,0.4937801006929089,0.5041930859013687,0.4243166254704743
hepg2,jurkat,centred,PPP6C,0.33785101000973145,0.7914476834273516,0.8999847058570781,0.40031010293488933
hepg2,jurkat,centred,MED26,0.1496883078296909,0.3130178260086507,0.6381726800799575,0.33491472268094075
hepg2,jurkat,centred,DDX54,-0.07106733026001354,0.49924331475675204,0.7115445125348784,-0.11923749264726333
hepg2,jurkat,centred,SNAPC4,0.17925654873507824,0.42874741988092296,0.39290910194436574,0.4367452858962647
hepg2,jurkat,centred,ADAT3,0.3602493967570329,0.6744270102670243,0.7225875926313614,0.5160485173548436
hepg2,jurkat,centred,WTAP,0.22237384843901656,0.7943643244372545,0.9277971690042225,0.25902836537627627
hepg2,jurkat,centred,PFDN5,0.2133620660012519,0.5209049030710272,0.4420316511434271,0.44464283817652667
hepg2,jurkat,centred,RPA1,-0.12608318095082757,0.7582633249738051,0.2732774262237316,-0.27697798549856556
hepg2,jurkat,centred,SART3,0.5698908589813851,0.9267661555779215,0.8499021000503051,0.6421288121818393
hepg2,jurkat,centred,NUP98,-0.07714391144190702,0.9097748743567795,0.054997934462247676,
hepg2,jurkat,centred,RPL27A,0.14438169014402685,0.8981428792617603,0.6118900425578772,0.19476132162228554
hepg2,jurkat,centred,NUP43,0.0011784220972761396,0.6295928144101812,0.3693703736598916,0.002443655424927462
hepg2,jurkat,centred,SRA1,0.206138629273829,0.7687966675054797,0.6362261167453759,0.29474598062698504
hepg2,jurkat,centred,PSMG3,0.3717328059408998,0.661683180687976,0.7340830873574258,0.5333757087336851
hepg2,jurkat,centred,DKC1,0.2711049661994079,0.2235136241542733,0.7914762604065451,0.6445647133675279
hepg2,jurkat,centred,CCDC6,0.36691052046397876,0.9281675977962507,0.8335905123522808,0.4171291893375307
hepg2,jurkat,centred,NARS,0.6139552490337904,0.8890917734552436,0.7806854832581168,0.7369285273986426
hepg2,jurkat,centred,ARL6IP6,0.10782481242456372,0.5590488820612023,0.6810940078514484,0.17473917860995603
hepg2,jurkat,centred,DBR1,0.5516152550486317,0.849890903023118,0.8659793560658245,0.6429850988661382
hepg2,jurkat,centred,ABCF1,0.4465437445947796,0.8410243748082923,0.5918259380068269,0.6329402597895809
hepg2,jurkat,centred,RPP40,0.254808360650666,0.632465822422773,0.7719495182216103,0.36467055046556046
hepg2,jurkat,centred,ANAPC2,0.06288282281211896,0.5824687511760229,0.014569467434106443,
hepg2,jurkat,centred,CENPE,0.07864476263708786,0.31294530339915466,0.672580392746756,0.17142078741021072
hepg2,jurkat,centred,PITRM1,0.3687792244496444,0.7232855880770832,0.522402526365912,0.5999415027323021
hepg2,jurkat,centred,CDK9,0.3440898804379583,0.6776152788683533,0.7132725263133756,0.49494000374196345
hepg2,jurkat,centred,URI1,0.5652190050301014,0.8846725992943142,0.8748551264363013,0.6424767227845307
hepg2,jurkat,centred,NDUFA3,0.2250139801201265,0.40723633255093256,0.7712733516412719,0.4014967921241589
hepg2,jurkat,centred,TRIAP1,0.07808492302820828,0.44637485767459034,0.054624960248735414,
hepg2,jurkat,centred,BCS1L,0.06879648873171267,0.3895248602210324,0.21714798046703623,0.23654881977336337
hepg2,jurkat,centred,RACK1,0.503334042540109,0.5812859065525797,0.5739137250583886,0.8714412273290085
hepg2,jurkat,centred,NBPF12,0.399817834497056,0.8575602878353288,0.8696193933651432,0.46298319083779443
hepg2,jurkat,centred,SMG7,0.6426024662271,0.6919653479242873,0.8087442685992273,0.8590028540155777
hepg2,jurkat,centred,USP5,0.13518566968051232,0.4332464733884974,0.2075225973236555,0.4508483052380222
hepg2,jurkat,centred,SEM1,0.49148147807997594,0.8288704164351467,0.8120859949501229,0.5990496594755728
hepg2,jurkat,centred,GINS4,0.5173863785303427,0.7613637211376455,0.8613207877495129,0.6389052204607577
hepg2,jurkat,centred,EGLN2,0.1767996228480209,0.4905563365533048,0.36811728149152523,0.41604833297007343
hepg2,jurkat,centred,TSR1,0.5953764003972284,0.8480807557782646,0.8673141336172644,0.6942003046847759
hepg2,jurkat,centred,HSD17B10,0.3909472892906828,0.7492090282558473,0.8760158920955183,0.4825704368107562
hepg2,jurkat,centred,CCNA2,0.16629943431890734,0.16718193264518486,0.33140953226153336,
hepg2,jurkat,centred,TINF2,0.2277305972324671,0.24962421208142666,0.6745272104919705,0.5549812294048437
hepg2,jurkat,centred,SF3B4,0.4568788011619721,0.8684143030155943,0.611939568919676,0.6267339999697157
hepg2,jurkat,centred,ATRIP,0.12021698334025299,0.34286533441125056,0.5180289013687416,0.2852509121649994
hepg2,jurkat,centred,KANSL1,0.3992857778225617,0.48744084584197,0.7390945657682794,0.6652316097808416
hepg2,jurkat,centred,MRPL35,0.49532189340060157,0.9161866238602885,0.941636993959048,0.5332781562805297
hepg2,jurkat,centred,NUP62,0.07550462399835142,0.8865749846611581,0.1323350821862877,
hepg2,jurkat,centred,PKM,0.011319918726642111,0.7812476553621199,0.38501536167147044,0.02064001062071499
hepg2,jurkat,centred,IWS1,0.36507626194010656,0.5396077538305766,0.6466072108399372,0.6180508848860702
hepg2,jurkat,centred,DCTN3,0.11295165076345008,0.5025537084386075,0.4639051188997355,0.23393045149471034
hepg2,jurkat,centred,NOLC1,0.595070999864277,0.8330224761601024,0.8228791867257939,0.7187409466508023
hepg2,jurkat,centred,TSEN2,0.3758850982236042,0.6553194312512962,0.8461325415211994,0.5047884238994563
hepg2,jurkat,centred,DNLZ,0.11560441332028595,0.3844299708958977,0.22558397543044642,0.39256508607689744
hepg2,jurkat,centred,ERVW-1,0.23556582322783884,0.4467711525766048,0.5081411804410152,0.49439893184135925
hepg2,jurkat,centred,SMNDC1,0.28721216719979226,0.5532620186853177,0.5435029037152396,0.5237649967999707
hepg2,jurkat,centred,RPLP0,0.19440661626115752,0.9699052532176554,0.7051818408867295,0.23506925196248996
hepg2,jurkat,centred,RUVBL1,0.1840786220509793,0.8913616632139829,0.010533124288348817,
hepg2,jurkat,centred,EXOSC5,0.39908411320392284,0.8234827482001997,0.8946377259542438,0.4649578485695621
hepg2,jurkat,centred,UCHL5,0.3659522331247698,0.5329887882460553,0.5330981728282946,0.6865335538524359
hepg2,jurkat,centred,INTS5,0.2063119979862868,0.8236145967825028,0.21422707682611977,0.4911625964778755
hepg2,jurkat,centred,RARS2,0.0910774166336064,0.38551931658882965,0.539475227749281,0.19971095035780542
hepg2,jurkat,centred,LRR1,0.23158312274379358,0.3492423341811134,0.4549450285450068,0.5809837733862772
hepg2,jurkat,centred,H3F3A,0.3177813308552293,0.47732650775348034,0.6885404324453541,0.5543140402538808
hepg2,jurkat,centred,SF3A2,0.17591660855109428,0.61793791010275,0.43074064342683605,0.3409781088255684
hepg2,jurkat,centred,RPS21,0.4469978636147746,0.6162723531100731,0.5868675332551471,0.7432742081038097
hepg2,jurkat,centred,SDHC,0.37549532402126645,0.43276963476329244,0.5864589635835049,0.7453449759891648
hepg2,jurkat,centred,MMGT1,0.11518922109536057,0.2002176838289608,0.3958764997903389,0.4091483124302732
hepg2,jurkat,centred,GTF3A,0.5091098097579765,0.5870400060338442,0.7169554316848392,0.7847503827597544
hepg2,jurkat,centred,TADA1,0.1575654924927016,0.39676564591991176,0.41132449555294565,0.3900333952518577
hepg2,jurkat,centred,RPL41,0.5955675183079289,0.7257947822830593,0.8988736268468426,0.7373518321051546
hepg2,jurkat,centred,LONP1,0.1053740109711905,0.6596586243946089,0.7660141280817081,0.14823661838620042
hepg2,jurkat,centred,CCT2,0.157840737097222,0.8829468866989519,0.09977397330413,
hepg2,jurkat,centred,EXOSC2,0.46262848323547623,0.8650760772760242,0.8858817657341361,0.5284663459668303
hepg2,jurkat,centred,SEC61A1,0.514648421143077,0.8752412261700063,0.4115652755368269,0.8574867126844115
hepg2,jurkat,centred,SDAD1,0.04618660567726144,0.9359694369327759,0.8691807080067279,0.05120709909181488
hepg2,jurkat,centred,SLC25A42,0.42246916219094205,0.9171425706851611,0.47410757576025453,0.6406755343219198
hepg2,jurkat,centred,TFDP1,0.23356558431148863,0.7374209847664086,0.6802048699701339,0.3297852562428966
hepg2,jurkat,centred,MAD2L1,0.06815503982363191,0.5273598766638965,0.3188115174211975,0.16621776280109513
hepg2,jurkat,centred,RPL35A,0.2409267848937451,0.9846156456078167,0.8603261960165604,0.2617701642098766
hepg2,jurkat,centred,MCMBP,0.3205121896594702,0.7778875923117408,0.602708875379193,0.4680932036780337
hepg2,jurkat,centred,OIP5,0.20427478817286585,0.39619587570145415,0.37313035199151434,0.5312873858492578
hepg2,jurkat,centred,RAB18,0.2100049932525777,0.22819867916339542,0.4995592804280244,0.6219844714084426
hepg2,jurkat,centred,SAP130,0.24998025077821798,0.33834870857948307,0.5997307142878688,0.5549390575134344
hepg2,jurkat,centred,GET1,0.18920529344960543,0.20331143234287982,0.33015473738938445,0.7302870776903139
hepg2,jurkat,centred,CPEB1,0.19064892207771372,0.7119917535406749,0.7927057826710225,0.25377033862398757
hepg2,jurkat,centred,PNO1,0.47972636416385717,0.837928775086401,0.7974985489624914,0.5868472629778239
hepg2,jurkat,centred,PHF12,0.2748350998923393,0.5353038896303246,0.5879387017607942,0.4898983454626384
hepg2,jurkat,centred,ACTR1A,0.1558600075735752,0.15737705246687148,0.43819942609267226,
hepg2,jurkat,centred,RPS18,0.5659706046459997,0.9417671126456775,0.8614048936075088,0.628374348382331
hepg2,jurkat,centred,PDCD6,0.3996492945753131,0.5860465674758386,0.69910376489416,0.6243702001785643
hepg2,jurkat,centred,PKMYT1,0.03236842586872958,0.2027520357710668,0.39595372267119316,0.114239620690598
hepg2,jurkat,centred,PPIH,0.10418032475118541,0.3143784801735961,0.5790071748478126,0.24418407055309815
hepg2,jurkat,centred,ELP4,0.33316285704660453,0.39477960437335263,0.7090785538221809,0.6296976156560271
hepg2,jurkat,centred,ZNF143,0.3990603898088732,0.6114637834099522,0.6753353724457971,0.6210027223696185
hepg2,jurkat,centred,MRPL28,0.16139363330496947,0.5358870753812607,0.449257503452532,0.32892894151369
hepg2,jurkat,centred,RCCD1,-0.04318144402004012,0.535963376239261,0.5794296961984352,-0.07748706826015918
hepg2,jurkat,centred,GRSF1,0.05336226642473722,0.5124033286383417,0.4455998052884888,0.11167495843070671
hepg2,jurkat,centred,HIST1H2BL,0.1730079165681373,0.3008317237176278,0.43435854239870414,0.47860802531259916
hepg2,jurkat,centred,YEATS2,0.5859581610441456,0.7323662367578518,0.8214024224078945,0.7554825899311649
hepg2,jurkat,centred,CWC25,0.21482039069105208,0.0,0.47201681517980143,
hepg2,jurkat,centred,CCDC174,0.2163589905201938,0.45277747879978897,0.17396279378193585,
hepg2,jurkat,centred,MRPL32,0.0847999795092414,0.38171323673623686,0.34197316234298814,0.23470974679405768
hepg2,jurkat,centred,TXNL4A,0.25228838581056634,0.4195971460263658,0.37043062481393974,0.6399227545323157
hepg2,jurkat,centred,ZNF292,0.3094267375267533,0.6004239047674907,0.5842341296302788,0.5224387589340194
hepg2,jurkat,centred,PHB2,0.2596191382879349,0.9081026708840781,0.7445502698847757,0.31573462757694876
hepg2,jurkat,centred,MASTL,0.10513316406628107,0.25230394945076334,0.2634704371923458,0.40776670758336847
hepg2,jurkat,centred,UBE2Z,0.18416265696053974,0.3921304791467947,0.39038961306140074,0.47069235545483745
hepg2,jurkat,centred,BTF3,0.25048893297254016,0.789482415582371,0.9069660822330338,0.2960205008494727
hepg2,jurkat,centred,OGFOD1,0.27123413472052055,0.5949973006715057,0.8545309660135356,0.3803846158682605
hepg2,jurkat,centred,ATP2A2,0.16245210923957681,0.5366789112691487,0.8571154385699279,0.23952366625978402
hepg2,jurkat,centred,CCDC86,-0.012762452659530837,0.8814976649750483,0.7434670081740159,-0.01576495409317984
hepg2,jurkat,centred,EIF3B,0.5682479218333507,0.9727003554951598,0.9112852902738074,0.6035609574315312
hepg2,jurkat,centred,SNRPE,0.5160229945184158,0.8302392871220821,0.45030391865896474,0.8439457904447251
hepg2,jurkat,centred,RPL4,0.15884668764745294,0.9665868363065037,0.6482340551527493,0.2006743215836587
hepg2,jurkat,centred,RPL15,0.2141799248110517,0.9313468429147663,0.225310357606097,0.46755473547990023
hepg2,jurkat,centred,POLR2G,0.036781570205272056,0.8847194556802442,0.09414180304284851,
hepg2,jurkat,centred,EIF4A3,0.16490987929199555,0.9547717743454117,0.04561449237152684,
hepg2,jurkat,centred,MRPL36,0.6315491136453004,0.9380861206228286,0.9502466150724567,0.6689098776168285
hepg2,jurkat,centred,LIMS1,0.16578140968206173,0.5497384627802547,0.3903948357299854,0.35785388328342166
hepg2,jurkat,centred,NUP35,0.1823871719695116,0.5252337588820852,0.5965343589700896,0.3258368823852274
hepg2,jurkat,centred,SHC1,0.2616572475084571,0.6850247876300428,0.42963768519322604,0.482312415121131
hepg2,jurkat,centred,HNRNPL,0.3174889915313674,0.8513799625159358,0.8304217910904025,0.3775874842937792
hepg2,jurkat,centred,SLC35G2,0.055167402023634286,0.7551954156712668,0.45983015605963196,0.09361687398679
hepg2,jurkat,centred,SMG1,0.11747235674727964,0.28400112390374355,0.5886786822226271,0.2873005767596052
hepg2,jurkat,centred,HNRNPM,0.21197304662251587,0.3994351396279412,0.5831634236014845,0.43920003809137953
hepg2,jurkat,centred,MYCBP,0.12831090691359642,0.47862094919657233,0.260556806618269,0.36334276041333696
hepg2,jurkat,centred,LENG8,0.21447732504753353,0.43050707666096844,0.06580234718622455,
hepg2,jurkat,centred,CXXC1,0.22593709609718535,0.6000985653915446,0.797150700512048,0.32666757779413486
hepg2,jurkat,centred,SYNGR3,-0.05320633680321952,0.7466984177741581,0.2748758441077171,-0.11744173422550579
hepg2,jurkat,centred,PRPF6,0.38494651082087555,0.7755783502900623,0.3427387291078796,0.7466308967164111
hepg2,jurkat,centred,SENP6,0.11582997632632805,0.0,0.31505425558560707,
hepg2,jurkat,centred,VHL,0.13133941391883405,0.0,0.19241492906411836,
hepg2,jurkat,centred,COX15,0.1729138910699671,0.35961638457875633,0.4245544808550444,0.4425307299528487
hepg2,jurkat,centred,PUF60,0.11563088225641943,0.8246476815610573,0.3176775381078121,0.22591567434055043
hepg2,jurkat,centred,GRWD1,0.15487109998937593,0.5277807309602707,0.6422682755052342,0.266002294276936
hepg2,jurkat,centred,MSRB1,0.16540830284822525,0.47531331824310924,0.2848332588008148,0.4495437505804993
hepg2,jurkat,centred,MRPS28,0.26576143066031993,0.4300665906090031,0.6341330351203015,0.5089017107861538
hepg2,jurkat,centred,MBNL1,0.44307793328550477,0.510462961552584,0.863514355031277,0.6673646869200187
hepg2,jurkat,centred,WDR43,0.30924307321938743,0.8747402679719196,0.8179444158995254,0.36559354992229914
hepg2,jurkat,centred,MRPL13,0.18616925809703022,0.29349736143889404,0.6608810038774733,0.42271166535126364
hepg2,jurkat,centred,ARID5B,0.16124935554815883,0.5943324243333463,0.8542675459448995,0.22630092112164865
hepg2,jurkat,centred,UBE3D,0.31636626829858727,0.4073029560788454,0.28856931365402366,0.9227973050323708
hepg2,jurkat,centred,PRPF4,0.28213181732947246,0.9046896065379407,0.10493585510954712,
hepg2,jurkat,centred,RPAIN,0.02843143188547867,0.3620499354773344,0.05497444943415074,
hepg2,jurkat,centred,SETDB1,0.1961822329860763,0.5864789136820568,0.4189902140335588,0.3957596675948236
hepg2,jurkat,centred,SUPV3L1,0.4198915685398573,0.6811626157730682,0.6935955787623319,0.610883779543606
hepg2,jurkat,centred,ALDOA,0.10021740876845422,0.6567628571845285,0.7851735484033691,0.13955842112338918
hepg2,jurkat,centred,CHERP,0.40164541437296214,0.8002943963256476,0.8410233995003217,0.4895689721768803
hepg2,jurkat,centred,SNRPB,0.32781223448435765,0.7781933280965023,0.43821909221291433,0.5613526267201282
hepg2,jurkat,centred,ESPN,0.3653718924553539,0.7644957248256097,0.5005980070506671,0.5906130597472433
hepg2,jurkat,centred,CNN2,0.24375434632433393,0.5938754040368838,0.4061842030919277,0.4962987531992273
hepg2,jurkat,centred,BRIX1,0.14233680692189754,0.8629175590251829,0.849482580603778,0.16624757800719925
hepg2,jurkat,centred,TUBE1,0.26990575911474984,0.43430418965811,0.4174461427815328,0.6338914816556952
hepg2,jurkat,centred,UTP18,0.40833420445737834,0.750810559685194,0.6042046988278329,0.6062594556800669
hepg2,jurkat,centred,NSA2,0.01484581908682026,0.8448887730901471,0.7731834783492261,0.01836805248225978
hepg2,jurkat,centred,CDK6,0.1386705955965808,0.604601329984887,0.3964034182421057,0.2832573164473222
hepg2,jurkat,centred,PDCD11,0.30742646920886846,0.9343625854144278,0.9071311980583365,0.3339246547719685
hepg2,jurkat,centred,IK,0.24665875072714924,0.719909584890555,0.6129293457144943,0.3713234203568748
hepg2,jurkat,centred,EIF3CL,0.6832873668049451,0.9739040039248575,0.9702382675018463,0.7029203484423369
hepg2,jurkat,centred,SRSF11,0.2689011982555207,0.7456593258241627,0.698904362062256,0.3724891569135394
hepg2,jurkat,centred,THOC6,0.24123971633204938,0.4996805179343019,0.30741840894442246,0.615513617100837
hepg2,jurkat,centred,SETD1A,0.3420557856760148,0.8898949931612838,0.47422297446590644,0.5265459345099781
hepg2,jurkat,centred,MED11,0.44901704708889206,0.6023226094407438,0.7625350260373461,0.6625495266429325
hepg2,jurkat,centred,DDX42,0.12946748731756533,0.1631205741879022,0.29613325883928265,
hepg2,jurkat,centred,SNRNP48,0.4672858178404667,0.40066085510986665,0.7900688322516957,0.8305421519923541
hepg2,jurkat,centred,NEMF,0.1340301108680807,0.5484180757638659,0.13677144402984742,
hepg2,jurkat,centred,BRCA1,0.08088408223502033,0.3398678142702571,0.46942594210250693,0.20249975379668333
hepg2,jurkat,centred,WBP11,0.14664772649961044,0.43707848255613063,0.4488235453598802,0.33109895124027566
hepg2,jurkat,centred,SLC39A10,0.26141841855986825,0.3470356645668725,0.45259549644521574,0.6596203025653564
hepg2,jurkat,centred,PPP2CA,0.13315030424034877,0.5613127740791878,0.8499565116107232,0.19277084341593645
hepg2,jurkat,centred,LAMB1,0.11264219164901147,0.13497876904156186,0.8469954640572271,
hepg2,jurkat,centred,CMTR2,-0.15129045918630266,0.6932979135531836,0.1206607919449811,
hepg2,jurkat,centred,SUGP1,0.1983927227273256,0.6512051099453816,0.5614276969855755,0.3281103430041296
hepg2,jurkat,centred,NELFA,0.4090344181634204,0.7457765132230826,0.8432498413720684,0.5157952853604904
hepg2,jurkat,centred,PI4KA,0.2093795927082516,0.7736275460518017,0.8395033288073476,0.2598107860751961
hepg2,jurkat,centred,RBM14-RBM4,0.3215801936461266,0.8700985658164794,0.8149096602851296,0.3819005931639192
hepg2,jurkat,centred,CRCP,0.21245800341590015,0.5955238392347701,0.15554510109046932,
hepg2,jurkat,centred,KAT7,0.07483253178055388,0.6734795186150391,0.6558598262577695,0.11259593912481868
hepg2,jurkat,centred,STAG2,0.03449188323173094,0.4488488846181742,0.5559727070172525,0.06904624991027411
hepg2,jurkat,centred,PSMG2,0.01521767865747821,0.5578256174878746,0.31992878563218247,0.036022389923946886
hepg2,jurkat,centred,NMD3,0.19367776494264002,0.9246654859061094,0.8378921925744806,0.22003581138076134
hepg2,jurkat,centred,UPF1,0.41656269638715987,0.6633620620389037,0.5221042877691863,0.7078258688412699
hepg2,jurkat,centred,DPY19L4,0.3006750586547413,0.5152755611604158,0.49398735093727125,0.5959635763142495
hepg2,jurkat,centred,CENPK,0.012252736721416272,0.4501653729241899,0.2516074496913018,0.03640703498195411
hepg2,jurkat,centred,CPSF1,0.41566230162762685,0.6802121867518943,0.8548748931191122,0.5450886669201797
hepg2,jurkat,centred,TEX10,0.05480705512149306,0.9235901612031656,0.8719442901316086,0.06107344938740248
hepg2,jurkat,centred,CEBPZ,0.054248686198431297,0.9437618609150049,0.7361003270300671,0.06508628868343867
hepg2,jurkat,centred,DIMT1,0.5824079581478712,0.7605162533251096,0.8829689067450237,0.7107229597234189
hepg2,jurkat,centred,THOC1,0.13700925130465383,0.6344197126158421,0.0,
hepg2,jurkat,centred,RPS3,0.6065658423829169,0.8968715073917753,0.7956810099334387,0.7180312402570806
hepg2,jurkat,centred,TONSL,0.27469568526307214,0.5170472818242584,0.3050653844232621,0.6916561494116037
hepg2,jurkat,centred,EIF2B1,0.6060141333855787,0.8904625258648826,0.9185949091445773,0.670058795081392
hepg2,jurkat,centred,SLC2A8,0.2901195088450095,0.5756490717233668,0.5049206568706652,0.538129078018739
hepg2,jurkat,centred,PPP1R11,0.23232433536109176,0.5379929095376604,0.3087240544454037,0.5700608195518592
hepg2,jurkat,centred,NUB1,0.3820461572848813,0.6783980869730184,0.6215625525302225,0.588343700514662
hepg2,jurkat,centred,ARF4,0.25603970469477016,0.5127849106487519,0.02780376171084914,
hepg2,jurkat,centred,ZMYM4,0.1738775248073446,0.4191698916301054,0.01816877127583517,
hepg2,jurkat,centred,MED14,0.5720058539981157,0.7889927537424589,0.8898875748305642,0.682647328061979
hepg2,jurkat,centred,TERF2,0.02807277998839233,0.7749568572565176,0.49230796994958514,0.04544940750571103
hepg2,jurkat,centred,EDC4,0.4075326044173348,0.43025248948897454,0.7164158228752548,0.7340372160515188
hepg2,jurkat,centred,CSTF1,0.09080569362702788,0.8970463934701524,0.0,
hepg2,jurkat,centred,THAP1,-0.020019967431523143,0.8809460224371238,0.8510634610392205,-0.0231210602021206
hepg2,jurkat,centred,FNTA,0.2756265767463644,0.7987071676946436,0.26932442759227315,0.5942776913807347
hepg2,jurkat,centred,XRCC6,0.48419317092733916,0.46588817909556424,0.7992377307074893,0.7934870168848004
hepg2,jurkat,centred,TKT,0.28292736322377304,0.6491705429807907,0.5233750169161422,0.4853880228381512
hepg2,jurkat,centred,BCL2L1,0.3007980412322968,0.7343145903377366,0.45646179808886955,0.5195552130868356
hepg2,jurkat,centred,COG3,0.08157190444833833,0.05357083056701267,0.2948089037852448,
hepg2,jurkat,centred,KIF11,0.07671235113915799,0.706471805453558,0.2095148963274081,0.19939323669937511
hepg2,jurkat,centred,EIF2S2,0.2630790768343272,0.8308365052757462,0.32929773290385456,0.5029608180200158
hepg2,jurkat,centred,EIF6,0.24000031938883412,0.7847904918429296,0.8281113499500581,0.29770805459502464
hepg2,jurkat,centred,EXOSC9,0.45219886719550945,0.7944916623229976,0.6728887177542989,0.6184622196663858
hepg2,jurkat,centred,HSPA5,0.46909599770946325,0.9432685461695073,0.44253338047353274,0.7260575293839096
hepg2,jurkat,centred,ASF1B,0.1710606117513341,0.1986530978529261,0.246337376354339,
hepg2,jurkat,centred,COX7C,0.43043196951734314,0.7080279998748596,0.67639722271458,0.6219828299605757
hepg2,jurkat,centred,GTF2B,-0.0005333481598133528,0.32699645543225764,0.3635577010026036,-0.0015468656810771464
hepg2,jurkat,centred,ZDHHC7,0.5256632793272354,0.8814449499671538,0.8093911456593575,0.6223444465959718
hepg2,jurkat,centred,DCTN2,0.08990513073638601,0.4908661895522771,0.39498483598869594,0.20417976793179957
hepg2,jurkat,centred,RAB4B,0.024208611554767865,0.769865962587094,0.7266933658340735,0.03236582821299518
hepg2,jurkat,centred,WDR36,0.29430730656967696,0.7158893978803755,0.7815775993342593,0.39345224437372095
hepg2,jurkat,centred,FBLIM1,0.1541837677474665,0.6231583339163596,0.4172270753811996,0.30238010161210394
hepg2,jurkat,centred,SF3B1,0.303495132574835,0.6522550346449559,0.2468394935330986,0.7563724241723465
hepg2,jurkat,centred,NAF1,0.080077418208561,0.20584324913663407,0.7498798957025479,0.20381957570546108
hepg2,jurkat,centred,USP39,-0.10112202597843775,0.7822866972961409,0.3586252203626685,-0.19091602147428863
hepg2,jurkat,centred,QRSL1,0.16534588614254028,0.3495168241352666,0.2520776417422854,0.5570474463077613
hepg2,jurkat,centred,NAA50,0.12567730316852507,0.35389078209614483,0.6173249559763729,0.2688842168958782
hepg2,jurkat,centred,SCAF1,0.15622494377899768,0.6699931103590419,0.25154101899048625,0.38054918895732415
hepg2,jurkat,centred,RNASEH2C,0.336694401396356,0.7533274793066235,0.7934976717366821,0.43548295555356054
hepg2,jurkat,centred,UMPS,0.05531440384225779,0.511391015838102,0.4094268964499272,0.12088530328196008
hepg2,jurkat,centred,DDOST,0.5397909944276655,0.5766528661529949,0.7227442237167777,0.8361344022208247
hepg2,jurkat,centred,ARFRP1,0.06763470149583535,0.41617720880037473,0.4190565688886222,0.16195490461170262
hepg2,jurkat,centred,GOLT1B,0.3399716265760505,0.4873233024789198,0.5607919634505151,0.6503291082700909
hepg2,jurkat,centred,ZNF133,0.3473638489989745,0.6816281209280958,0.4868455217939016,0.6029971771040313
hepg2,jurkat,centred,NOC3L,-0.06880017853038616,0.8900543633641658,0.894276360221945,-0.07711616486407091
hepg2,jurkat,centred,AC118549.1,0.3439135023940499,0.0,0.8731653159159583,
hepg2,jurkat,centred,HSD17B12,0.3212258755198082,0.8166795604824237,0.6191310583102995,0.45174502970488245
hepg2,jurkat,centred,DDX51,0.19711950281094529,0.917321208043619,0.8436323002875787,0.22407441861650923
hepg2,jurkat,centred,ARCN1,-0.24896181380734386,0.780560326944915,0.36053516052510004,-0.4693055497572446
hepg2,jurkat,centred,COPZ1,0.13109426025995188,0.3768799805303318,0.19918219564966685,
hepg2,jurkat,centred,SPRTN,0.12037373543360705,0.45632952839561824,0.251691609734704,0.3551878345529686
hepg2,jurkat,centred,TUBG1,0.32319376670521643,0.7851883370849883,0.05232076725357149,
hepg2,jurkat,centred,POU3F1,0.32098749399540655,0.7660220352725887,0.8566222026827218,0.39625323200640444
hepg2,jurkat,centred,EIF2B4,0.5538778054923795,0.9086152648926201,0.7581699961811932,0.6673300038409651
hepg2,jurkat,centred,ABT1,0.34929730969820083,0.6765890229422589,0.8111778530123966,0.4714924301536717
hepg2,jurkat,centred,TRAIP,0.13650420620593495,0.6102388338985066,0.0,
hepg2,jurkat,centred,MON1A,0.28405843921574986,0.7986404177088471,0.4808537895774065,0.4583798649344843
hepg2,jurkat,centred,SRSF7,0.1344459434582526,0.7341041186957125,0.03228629039876106,
hepg2,jurkat,centred,FOLR3,0.083074048956723,0.35646468663772435,0.4249280309631165,0.21345160824319354
hepg2,jurkat,centred,RRM2,0.06487234944024883,0.740414106350712,0.24490914008544634,0.15234204736673418
hepg2,jurkat,centred,NAA35,0.12068477419516785,0.44410872562904935,0.7147105970642758,0.21421146848010827
hepg2,jurkat,centred,PSMC2,0.25472760398712563,0.9017163138502315,0.09263600334878434,
hepg2,jurkat,centred,ARPC4,0.4398451148470361,0.3700437558830197,0.7668530872638673,0.825690233181439
hepg2,jurkat,centred,DPH3,0.10881512363251727,0.2671948556360358,0.5288602247274373,0.28947079979845086
hepg2,jurkat,centred,RPL36,0.21155751710427959,0.9787113442716618,0.8359949748675909,0.23388335593029289
hepg2,jurkat,centred,INO80D,0.04072815751223437,0.41181027999117126,0.16166238932706853,
hepg2,jurkat,centred,RAE1,0.30572033289143813,0.5186198214713429,0.19613797564014243,
hepg2,jurkat,centred,OR1E2,0.15528056301445622,0.18059103397127294,0.5097381268284393,
hepg2,jurkat,centred,NSUN4,0.24838385217191997,0.5568916028815433,0.3463768564580803,0.5655403422357953
hepg2,jurkat,centred,TPX2,-0.011735728112222317,0.8164135163042551,0.08004581191352457,
hepg2,jurkat,centred,MRPL23,0.2141239090588078,0.4611992702503787,0.200465529039891,0.7042080824800463
hepg2,jurkat,centred,THOC3,0.25674959425288146,0.4491310177208462,0.7233693771247817,0.4504464635046099
hepg2,jurkat,centred,LTBP3,0.26912487254909956,0.547555798831079,0.5843671566790851,0.4757696630187925
hepg2,jurkat,centred,HNRNPH1,0.4147019064636101,0.46003169269792954,0.6783639802574563,0.7423535092937722
hepg2,jurkat,centred,DHX8,0.5344350447894909,0.7543124748180933,0.7321439586687685,0.7191525785855624
hepg2,jurkat,centred,SF3B3,0.5171371746212815,0.980201137946877,0.5711239081331604,0.6911669877917498
hepg2,jurkat,centred,CNOT10,0.19318499971258343,0.8163224692749596,0.6625824058770988,0.26267731991315907
hepg2,jurkat,centred,RPL17,0.25002048195960497,0.9740368317993527,0.7751364820202508,0.2877390527382121
hepg2,jurkat,centred,COA5,0.0309896176476169,0.5192929037620815,0.5929887052252639,0.05584532378581331
hepg2,jurkat,centred,SLU7,0.5514562657995613,0.9345826307274504,0.7397640624774796,0.66321693644135
hepg2,jurkat,centred,LSM4,0.5002067904146148,0.7508354550949661,0.7726938286249357,0.6567097665954338
hepg2,jurkat,centred,METTL23,0.16462609742973527,0.650043854148696,0.41541061066840457,0.3168024722755884
hepg2,jurkat,centred,CAST,0.22791839154086974,0.6455020830330183,0.6787722470416335,0.34432496246098654
hepg2,jurkat,centred,VPS29,0.26846295518716295,0.39718587343273004,0.6075878716365695,0.5464908836333838
hepg2,jurkat,centred,ZNF687,0.2343898855340768,0.56325320163408,0.5272561309457734,0.4301067053253275
hepg2,jurkat,centred,LRRC37A3,0.17845953796676836,0.3804545575330275,0.33787909571940616,0.49774591812274976
hepg2,jurkat,centred,DTYMK,0.18685628927328976,0.0,0.46734773000844,
hepg2,jurkat,centred,ZNF131,-0.005606458375801339,0.2656235945653846,0.09211691618787334,
hepg2,jurkat,centred,SS18L2,0.1935536695433505,0.29957935387910456,0.5332415651845688,0.48426543545281553
hepg2,jurkat,centred,GARS,0.3622709407369847,0.6429620356870303,0.7033041340014976,0.5387276282521891
hepg2,jurkat,centred,MRPL38,0.4335344971814021,0.6302692811291731,0.6908989587806728,0.6569817740141607
hepg2,jurkat,centred,LRP5,0.17463358405788987,0.6018276457348848,0.7209653939180071,0.265115116162628
hepg2,jurkat,centred,PLK4,0.015541480008713285,0.578018428014651,0.5541234668996908,0.027461120919574047
hepg2,jurkat,centred,MRPL16,0.3349653771093414,0.629526409904664,0.5962621351913531,0.5467317899993229
hepg2,jurkat,centred,GTF2E2,0.6493843305687841,0.9081563467876155,0.9584153320940768,0.6960566988772757
hepg2,jurkat,centred,MED22,0.15755460826074033,0.9140023026073392,0.6283136454635981,0.2079070515527136
hepg2,jurkat,centred,NXF1,0.09292582579181746,0.5496586000347167,0.256675067612755,0.24739907580729759
hepg2,jurkat,centred,ZNF335,0.10982637825200021,0.5061203704147011,0.3585814811894297,0.25780172862164524
hepg2,jurkat,centred,MCL1,0.14627679969106114,0.6086889995569179,0.1533341450986688,
hepg2,jurkat,centred,CHCHD4,0.33584125605373477,0.792755551076843,0.7688222332996426,0.43018120584997577
hepg2,jurkat,centred,NFYC,0.3889841154989584,0.8921789171713248,0.5795018328302585,0.5409766021603208
hepg2,jurkat,centred,SASS6,0.08528631658184703,0.22151453807887864,0.06901660234653836,
hepg2,jurkat,centred,HIST2H2AC,0.09897742132237519,0.41713301172767564,0.00024281443526848816,
hepg2,jurkat,centred,SNRNP27,0.38353692559127656,0.5937942855371711,0.7641782735452428,0.569366397604076
hepg2,jurkat,centred,NUP133,-0.0169688302387436,0.8556370910838459,0.16576618702620347,
hepg2,jurkat,centred,PET117,0.395917179018459,0.4150523993448865,0.7776877980226924,0.6968675463169045
hepg2,jurkat,centred,MRPS17,0.1879375466544623,0.3762575816074987,0.4421059135799966,0.46079500357702996
hepg2,jurkat,centred,POLR1E,0.052948346256289996,0.8800571416327998,0.8485318446388695,0.06127211782611549
hepg2,jurkat,centred,PSTK,0.13302487867439874,0.36639470712944866,0.6415096076556367,0.27438267976433256
hepg2,jurkat,centred,MRTO4,0.22986499199535082,0.3579535861456153,0.5809760690430578,0.5040578159509242
hepg2,jurkat,centred,PSMA3,0.004471490417027739,0.9190965049879036,0.10791711618717188,
hepg2,jurkat,centred,CCAR1,0.30284211320167187,0.6012752995410623,0.655791272356153,0.48227724355583085
hepg2,jurkat,centred,NUDCD3,0.31321544683258956,0.885784627592064,0.500097758216375,0.47059970284886005
hepg2,jurkat,centred,ANAPC11,0.2595234184396741,0.7070967854803543,0.38039820657074347,0.5004006800875159
hepg2,jurkat,centred,YARS2,0.24004115851941485,0.37570500645777055,0.5273863413302746,0.5392594743640267
hepg2,jurkat,centred,CHORDC1,0.1558618324662453,0.6483774532094382,0.5869866662168842,0.25264558178533797
hepg2,jurkat,centred,CHMP6,0.5080709248178538,0.8636539422406845,0.8870084316580442,0.5804844474769691
hepg2,jurkat,centred,MBIP,0.4057500372880923,0.5432871198576328,0.6682837855378316,0.6733849439839098
hepg2,jurkat,centred,MRPL34,0.4324240448875891,0.8990580602045871,0.96144789587899,0.4651072280119631
hepg2,jurkat,centred,GSDMA,0.22857288754699212,0.617715818989181,0.3729000345460074,0.4762490707707566
hepg2,jurkat,centred,GLB1,0.28314587562387555,0.6632585390202447,0.7396046337845159,0.40426766240502676
hepg2,jurkat,centred,HIST1H2AB,-0.02957439440722375,0.0,0.2248042716937253,
hepg2,jurkat,centred,DHX15,0.37832608222781855,0.9324478614595347,0.5856443150497157,0.5119611884089241
hepg2,jurkat,centred,ZNF207,0.16503926084065654,0.5752896111425959,0.1039305744664988,
hepg2,jurkat,centred,RPP21,0.3014407865548457,0.47739669983636657,0.6882019047372724,0.5259014557006241
hepg2,jurkat,centred,PREB,0.21549951108336043,0.5675351889960664,0.6210986908646974,0.3629690419102845
hepg2,jurkat,centred,PSMC5,0.23918383144287195,0.9693915232209899,0.33526128340965383,0.4195565523724645
hepg2,jurkat,centred,PTCD1,-0.010315600891584143,0.4788804978581977,0.7944200975398463,-0.016724604029698817
hepg2,jurkat,centred,CLOCK,0.6930872644294579,0.8704290354255019,0.9504548478771128,0.7620009079231561
hepg2,jurkat,centred,INTS12,0.2125745635980043,0.6643316298384633,0.4888756828574327,0.373009259869743
hepg2,jurkat,centred,GTF3C1,-0.2458225136732896,0.6668876776499373,0.7794927432400386,-0.3409488819372441
hepg2,jurkat,centred,DNMT1,0.15906525721486361,0.7706595595625574,0.9339715255831698,0.18748962013318227
hepg2,jurkat,centred,POLR1C,0.28045061242157915,0.6608883506230809,0.6016668424676498,0.44474830864612014
hepg2,jurkat,centred,VPS37A,0.0021718674756317936,0.31301695692834397,0.4487815521155652,0.005794712464976008
hepg2,jurkat,centred,RPS23,0.6464681460367815,0.7993882898924173,0.8247364535767515,0.7961788633122145
hepg2,jurkat,centred,GIT2,0.006824763486787478,0.14294000649855396,0.3689097961242037,
hepg2,jurkat,centred,SRP9,0.5633308432281003,0.5996341071381681,0.7745905512722239,0.8265788124927383
hepg2,jurkat,centred,CPSF3,0.5816325336313141,0.8965360831075068,0.957354638467713,0.6278102199609153
hepg2,jurkat,centred,RTRAF,0.6482694466439721,0.8374587363889541,0.8221562305048544,0.7812619415831996
hepg2,jurkat,centred,ISCA2,0.14400939311316194,0.5885692632519204,0.5818919015605102,0.24607691558633943
hepg2,jurkat,centred,DDX19A,0.04142245091863334,0.7746239201768245,0.0,
hepg2,jurkat,centred,EXOSC3,0.4245764663567329,0.7473368393919881,0.8446187959228909,0.5344011102807037
hepg2,jurkat,centred,ATF4,0.3468809394105602,0.17418883637137822,0.5699208147416438,
hepg2,jurkat,centred,C7orf26,0.39616446228361074,0.7956467037322981,0.8854725377325521,0.47198460437180556
hepg2,jurkat,centred,RPL32,0.32631467241038303,0.9761010903232799,0.7852925144969826,0.37271208437708664
hepg2,jurkat,centred,PIAS4,-0.04740349692922362,0.523027861694452,0.2798454144822322,-0.12390501107264598
hepg2,jurkat,centred,RNMT,0.6491129292804009,0.747846456772687,0.836067882272769,0.8209056964955048
hepg2,jurkat,centred,MCEE,0.33306038905823065,0.5537565897919503,0.6216582584648599,0.5676591957820861
hepg2,jurkat,centred,POLR2D,0.11381464621449143,0.7361826142210772,0.00042571172718116793,
hepg2,jurkat,centred,BRCA2,0.11086962627116728,0.34620786619846866,0.43777855401706656,0.2847848465625138
hepg2,jurkat,centred,DHX33,-0.027674618091679374,0.3035178007391862,0.6918326398330482,-0.06039333730648412
hepg2,jurkat,centred,EFTUD2,0.20984252242142812,0.782286085953417,0.21263913495763934,0.5145044042572634
hepg2,jurkat,centred,POLR3A,-0.16019592640846028,0.3720205650253746,0.5102077614621927,-0.36770070605764515
hepg2,jurkat,centred,PDHA1,0.12423621080726836,0.4920001370712251,0.35683887293069516,0.2965032824551676
hepg2,jurkat,centred,PDCD5,0.6391264844224938,0.6660827064081376,0.8108444483328091,0.8696689438701566
hepg2,jurkat,centred,GPS2,0.21799342584336218,0.5524595905959461,0.4280588725205217,0.4482717662113801
hepg2,jurkat,centred,IFITM3,0.094874753415011,0.0,0.372359074860089,
hepg2,jurkat,centred,UTP20,0.4139899309949365,0.696316448614508,0.8480209975642289,0.5387448706753607
hepg2,jurkat,centred,SNRNP35,0.29231129176398557,0.4823285355258631,0.32576873478075485,0.737427642927937
hepg2,jurkat,centred,MED4,0.6092730409592075,0.9127885411989478,0.8883128962385516,0.6766185321294523
hepg2,jurkat,centred,PPP1R2,0.07941854155478965,0.6990276273456187,0.42953163528016114,0.1449362963909551
hepg2,jurkat,centred,DNAJC19,0.10246503617440662,0.4219336120358233,0.21768936903969507,0.3380921020999376
hepg2,jurkat,centred,DDX47,0.6317831228860076,0.9534949313303303,0.951020235577695,0.6634587817570087
hepg2,jurkat,centred,CCNL1,0.06960773727932697,0.5325707028683065,0.2662801290781196,0.18484150722005321
hepg2,jurkat,centred,PSMD12,0.1681700184700958,0.7387023947504536,0.12945079552517227,
hepg2,jurkat,centred,SRF,0.27568218249176163,0.5407142109748801,0.4854871015243264,0.5380665057758298
hepg2,jurkat,centred,HNRNPC,0.1880514231529963,0.7010681171740746,0.3188377977289695,0.3977513072189098
hepg2,jurkat,centred,LZTR1,0.05366963464425095,0.2828814347245577,0.5720442874089947,0.13341712854085808
hepg2,jurkat,centred,NOMO3,0.3035306214478336,0.5075580474926612,0.5769050001883443,0.5609284922849554
hepg2,jurkat,centred,ORC3,0.028642363558963792,0.3898797206793449,0.014986780540936516,
hepg2,jurkat,centred,EIF1AX,0.2475772613595589,0.6378899924783314,0.4573755267106348,0.45835439379353043
hepg2,jurkat,centred,SLC25A10,0.3993644236737584,0.5114718545172937,0.7386858482335777,0.6497235592580523
hepg2,jurkat,centred,THAP11,0.27448524165030186,0.8095398686960513,0.6692703960048496,0.37290574137579097
hepg2,jurkat,centred,ANAPC5,0.0729549154933746,0.6999034553789609,0.0,
hepg2,jurkat,centred,MNAT1,0.4434982041123461,0.47043874433236355,0.7931728581072348,0.7260330691126776
hepg2,jurkat,centred,ZRSR2,0.09432263925129729,0.6079868871286006,0.5361902305002733,0.16519975145407
hepg2,jurkat,centred,MRPS6,0.12863192775146012,0.727042348192329,0.6635739587349193,0.18519286785457992
hepg2,jurkat,centred,METTL3,0.48695543701725785,0.8404426441859952,0.9058581400494665,0.558091082774857
hepg2,jurkat,centred,HMGN2,0.27343075317934334,0.21848671528803015,0.18043433620345942,
hepg2,jurkat,centred,C1QTNF4,0.08502187557702628,0.45539966531316095,0.2378398351029973,0.25834022301145404
hepg2,jurkat,centred,POP7,0.32057116222365256,0.6448859127991788,0.8158221676817906,0.4419623312835494
hepg2,jurkat,centred,PSMC4,0.17369835398234884,0.8673726182925118,0.25074784778551934,0.3724553714514694
hepg2,jurkat,centred,IRF2BP2,0.04774348778083331,0.09498077207464316,0.25454372416391163,
hepg2,jurkat,centred,DSTYK,0.22201289209476488,0.5010198343055536,0.6378846453148045,0.39271696307277354
hepg2,jurkat,centred,KCMF1,0.15333605431747974,0.45572733151295575,0.4581145625522284,0.33558666659505276
hepg2,jurkat,centred,UBQLN4,0.3030550574032516,0.22371263231756522,0.41674082021583153,0.9925291277874335
hepg2,jurkat,centred,ZC3H13,0.473154180577741,0.9037049815359993,0.8821086608219626,0.5299419512349952
hepg2,jurkat,centred,PSMD9,0.24173872153880005,0.4731931715277412,0.31165986064068796,0.629486688173561
hepg2,jurkat,centred,RAC3,0.4150834485597588,0.6466878870582325,0.7459771021978738,0.5976202495938205
hepg2,jurkat,centred,SPATA5L1,0.17215136294758104,0.17615292536605034,0.45754256584305686,
hepg2,jurkat,centred,CENPA,0.07844270825576245,0.283933322270949,0.25193703841057963,0.29329076439396123
hepg2,jurkat,centred,EIF4G2,0.4510639953544083,0.4672537559332523,0.8267262976388221,0.7257397079798741
hepg2,jurkat,centred,SMARCC1,0.2791096792772575,0.46243939947505214,0.6180374093310386,0.5220836608551432
hepg2,jurkat,centred,RPF1,-0.022384500847752738,0.8811424632022073,0.7634648426840674,-0.02729165217626017
hepg2,jurkat,centred,CCT7,0.2847778293488367,0.8911463015988663,0.4955399271482322,0.4285409662959429
hepg2,jurkat,centred,RPL24,0.24596652401384084,0.9615726477693902,0.5506761235879568,0.33801566668434113
hepg2,jurkat,centred,RPL29,0.4617412177332326,0.6584857477414627,0.691611264626754,0.6842178895793826
hepg2,jurkat,centred,PSMB2,0.2459257244239756,0.9485797727733464,0.29860431970226664,0.46208193107172785
hepg2,jurkat,centred,WDR33,0.08246393532788633,0.6497726095683709,0.3998525990328113,0.16178319002593378
hepg2,jurkat,centred,RPL26,0.12142647098951234,0.9245948344793223,0.8885178896791242,0.1339690734407354
hepg2,jurkat,centred,RTEL1,0.08351177735210508,0.8287781932134614,0.6064629323266715,0.11779488656432481
hepg2,jurkat,centred,PSMD13,0.3676595674258249,0.44685330353282243,0.8422698006191808,0.5992910207804647
hepg2,jurkat,centred,CASC3,0.5154575566785068,0.6446404885146283,0.8063054217379279,0.7149642576895064
hepg2,jurkat,centred,TAF6L,0.27888540333067097,0.3360592161969459,0.5145075765426217,0.6706902483707171
hepg2,jurkat,centred,PRC1,0.14994159722775294,0.2642356015419317,0.0,
hepg2,jurkat,centred,STT3B,0.2095357604327686,0.35025551087324525,0.3514592056824373,0.597211555539196
hepg2,jurkat,centred,PNPT1,0.3767141559251086,0.561960946290983,0.878813147408642,0.5360565411810462
hepg2,jurkat,centred,YJEFN3,0.2487388330844987,0.641432393854129,0.18490747762259882,
hepg2,jurkat,centred,EIF1,0.44628784673549055,0.38826242730969107,0.7956805944873522,0.8029398166579997
hepg2,jurkat,centred,DYNLRB1,0.35570940502670156,0.6118919957907413,0.47215066968415753,0.6617861243301317
hepg2,jurkat,centred,ZNF574,0.05649599281104103,0.3900545830891493,0.6079667995196371,0.11601523407602864
hepg2,jurkat,centred,GTF2F2,0.48678296366401247,0.7888701484680409,0.8126089969081238,0.6079835041730127
hepg2,jurkat,centred,IARS,0.48271724328084326,0.7065462105174773,0.7661834996206942,0.6560789887661462
hepg2,jurkat,centred,AP2M1,0.10208315558128045,0.1377779711153357,0.24485701484314293,
hepg2,jurkat,centred,TUBA3D,0.016626293325814855,0.0,0.29188902137651146,
hepg2,jurkat,centred,SRP72,0.5019916306165233,0.8271637091620411,0.8879459609952127,0.5857434926003503
hepg2,jurkat,centred,NAPG,0.13330942182386818,0.6095551406504334,0.5780483746876375,0.22458060814701972
hepg2,jurkat,centred,CDT1,0.15484921817540515,0.5152999970630641,0.36487671009438344,0.3571131769031195
hepg2,jurkat,centred,PPP2CB,0.12884593651220394,0.0797089782274322,0.7347958110675579,
hepg2,jurkat,centred,NOB1,0.35391425596830295,0.4591182410038682,0.824556040429339,0.5752090283950757
hepg2,jurkat,centred,ACTR8,0.407878794557048,0.49003544167684887,0.8016921928442058,0.6507490672264957
hepg2,jurkat,centred,TPI1,0.23819287019502872,0.6690050828138434,0.6220120323991373,0.36924502791468095
hepg2,jurkat,centred,GINS1,0.5437085660305401,0.7210675949246969,0.9152296547693175,0.6692881631396321
hepg2,jurkat,centred,TRAPPC1,0.10135363492111821,0.24047577388114857,0.49909869668769447,0.2925569672717656
hepg2,jurkat,centred,BUB1B,0.14044958831385926,0.5067801894856919,0.09919501608317574,
hepg2,jurkat,centred,MBTPS2,0.38717559007147245,0.7422348917408929,0.7878054258958738,0.5063231702930051
hepg2,jurkat,centred,ANKLE2,-0.0009081424511053533,0.6984344750820976,0.0,
hepg2,jurkat,centred,TAF2,0.4234023647194464,0.7968166511211024,0.6919645955802012,0.5702064709871794
hepg2,jurkat,centred,MRPS18B,0.1643359626415615,0.42045898448883945,0.43554960974765883,0.3840183525502839
hepg2,jurkat,centred,NUP88,0.19808926133690272,0.614888464864101,0.0,
hepg2,jurkat,centred,PPP2R1A,0.19634193989813353,0.78060670948021,0.8127979160385834,0.24649359960493167
hepg2,jurkat,centred,TGS1,0.17597184181151515,0.1625068481031192,0.745856808299472,
hepg2,jurkat,centred,MCM7,0.19090404116256704,0.46397843892859353,0.4681683510013178,0.4096049501727711
hepg2,jurkat,centred,PABPN1,0.36770622515088053,0.7272808614838349,0.46648438254997787,0.631293544782903
hepg2,jurkat,centred,C9orf78,0.21459993244114264,0.44862501186082615,0.47845694029603303,0.46319771698459056
hepg2,jurkat,centred,RPRD1B,0.1399699501110413,0.16187906843891176,0.6265520016025113,
hepg2,jurkat,centred,RPL7,0.2861586846778155,0.9747805570880088,0.8600676877336517,0.31252674297977817
hepg2,jurkat,centred,WDR26,0.07260441682317474,0.5996044775273147,0.6062481193947596,0.12042188070291185
hepg2,jurkat,centred,ARPC1B,0.11852222766773261,0.428404462676549,0.3412922145290318,0.30996283314457673
hepg2,jurkat,centred,POLR1A,0.02982175264034295,0.8113343487300648,0.7638781738984157,0.037880977883432025
hepg2,jurkat,centred,RPTOR,0.12965935963877717,0.28355471878491395,0.6893178496337167,0.2932754235060565
hepg2,jurkat,centred,MYO1H,0.15213045535979214,0.1471894153797348,0.1861399205029599,
hepg2,jurkat,centred,EARS2,0.2295458390912647,0.4737476548935963,0.5429281981176253,0.45261056702720737
hepg2,jurkat,centred,FAM207A,0.2762329156990813,0.6515042325202882,0.5117221896117411,0.4784093754874474
hepg2,jurkat,centred,ZFP69B,0.2802181254030225,0.4413256790763556,0.5627810244504053,0.5622725753871237
hepg2,jurkat,centred,UTP23,0.44120764941390433,0.7401396589225205,0.8713551239103748,0.5493999314381901
hepg2,jurkat,centred,PTPMT1,0.07548838623828358,0.4340252061249973,0.33874840604718265,0.1968720371030587
hepg2,jurkat,centred,TMX2,0.3384238284555795,0.5776205379770465,0.8125862047955433,0.49397491853725406
hepg2,jurkat,centred,TWSG1,0.1985260098670596,0.49378462244468774,0.5047878968559639,0.3976437554349849
hepg2,jurkat,centred,EIF4G1,0.5393127120248503,0.7292360606235477,0.8300920923434936,0.6931758929818705
hepg2,jurkat,centred,IPO7,0.10526140049334709,0.450620801230952,0.8534955144096222,0.1697316779954388
hepg2,jurkat,centred,NCAPG2,0.11382221060744241,0.3423284512904708,0.4729211778955257,0.282885793045672
hepg2,jurkat,centred,ZNRD1,0.08168523993640124,0.6260604887348015,0.7967130191393024,0.11566034517265406
hepg2,jurkat,centred,EXOSC7,0.4162116448278945,0.5019729884543037,0.8143833983858092,0.650967935017732
hepg2,jurkat,centred,COX5B,0.3623722715749478,0.3301655349171422,0.5558285906742603,0.8458992678662767
hepg2,jurkat,centred,TSR2,0.573020910878449,0.95291372915782,0.9403929022656291,0.6053255528382752
hepg2,jurkat,centred,LSG1,0.07879817585047583,0.951508152533068,0.8413058191329882,0.08807100669683948
hepg2,jurkat,centred,NUP85,0.13800213729343191,0.7437115649722563,0.17357306912043435,
hepg2,jurkat,centred,LAMTOR1,0.3798979310992109,0.801589886807498,0.8015797030747748,0.4739335545090685
hepg2,jurkat,centred,MED7,0.42516131742408253,0.820340797450463,0.5967436163761083,0.6076628663812004
hepg2,jurkat,centred,GPS1,0.22398238204669838,0.8919805637162287,0.8453582706673944,0.25793825679828736
hepg2,jurkat,centred,RPS8,0.6573477635835075,0.9019585195584643,0.8691983441239994,0.7424076904914374
hepg2,jurkat,centred,FAM136A,0.6032494808458364,0.8112903426669149,0.8361454648733173,0.7324329680391677
hepg2,jurkat,centred,TTK,0.0062718361305495,0.7366854915880365,0.07865739938521522,
hepg2,jurkat,centred,VPS35,0.34729411930794407,0.7223537907916703,0.8004034718520692,0.45673886623621496
hepg2,jurkat,centred,NDUFA4,0.1996134926994594,0.47316271813200883,0.6096269242886778,0.37166577006880847
hepg2,jurkat,centred,FASTKD5,0.3189333729629844,0.42836242048109596,0.7306053858039301,0.5701023736953106
hepg2,jurkat,centred,PSMA1,0.05803581795050022,0.8889342005801831,0.0,
hepg2,jurkat,centred,ZNF84,0.3843163506655841,0.8227849897928303,0.2812953126331571,0.7988485184084715
hepg2,jurkat,centred,SNTB2,0.0010678046773145036,0.03418849791667977,0.7252580721347371,
hepg2,jurkat,centred,POLR2I,0.4825376317509871,0.9401995500869571,0.5980575172925432,0.6435016903963786
hepg2,jurkat,centred,DLD,0.20083256012640618,0.8427069317622603,0.28279783523497676,0.41139385563864156
hepg2,jurkat,centred,CEP97,0.12516242005761008,0.5013623086829317,0.3287890540449165,0.3082758015690932
hepg2,jurkat,centred,NKAPD1,0.17107140386608496,0.5358558425459075,0.7172170398971305,0.2759485616185949
hepg2,jurkat,centred,CPSF4,0.469138706749427,0.7703132940261609,0.8667750814987922,0.5741354471898029
hepg2,jurkat,centred,PARN,0.33023697157407295,0.4998835875367304,0.5165793594722686,0.649864373894184
hepg2,jurkat,centred,ATP5F1B,0.2148250937245251,0.5673563107869543,0.5836148618375474,0.37333086245790753
hepg2,jurkat,centred,C12orf60,0.09216218655606033,0.0,0.28631064201833534,
hepg2,jurkat,centred,FARSA,0.553082740701067,0.821925821595332,0.8682221093941499,0.6547241696232045
hepg2,jurkat,centred,SMU1,-0.18440260092478497,0.7050795775635855,0.05773598473037117,
hepg2,jurkat,centred,PSMD14,0.345526745786982,0.9165963952976347,0.18535023260886466,
hepg2,jurkat,centred,NIP7,0.051179643323950724,0.4207300425512345,0.7242673534535193,0.09271415360203411
hepg2,jurkat,centred,RPS14,0.5813648757954052,0.806404711059353,0.8386113506644345,0.7069551999558906
hepg2,jurkat,centred,E2F6,0.19771914687732342,0.46340171727461604,0.39943491364618383,0.4595649483487656
hepg2,jurkat,centred,TBPL1,0.14864114365221553,0.6477484490302756,0.7012169040272764,0.22055131867970876
hepg2,jurkat,centred,PRIM2,0.042305952369484444,0.6257275975743706,0.0,
hepg2,jurkat,centred,RPP14,0.29069066854237996,0.8275020134947162,0.8612952866930225,0.34432656162151143
hepg2,jurkat,centred,DHFR,0.08106061461574228,0.17357559413111018,0.4178331950857074,
hepg2,jurkat,centred,EIF2B5,0.6296955259001585,0.9589441546866112,0.8981818999230479,0.6785030433564396
hepg2,jurkat,centred,WDR7,0.2907376572737695,0.40264171669470955,0.40448508910264,0.7204280998749124
hepg2,jurkat,centred,SLC35B1,0.44820606709214583,0.38985545938888766,0.6748054580056679,0.8738494707921713
hepg2,jurkat,centred,UBA52,0.2989241140426417,0.8009565902871916,0.5876968215311584,0.43569220522457885
hepg2,jurkat,centred,NAA15,0.07102672910290048,0.4345974992391652,0.4441196858445243,0.16166953593872932
hepg2,jurkat,centred,LARS2,0.12887573764298632,0.014495447400040868,0.4252584919444677,
hepg2,jurkat,centred,TARDBP,0.3508326922272966,0.7696365143848394,0.9534224471730521,0.4095571741641643
hepg2,jurkat,centred,ATP6V1A,0.3653598399600502,0.7605025569520073,0.5744355723052604,0.5527767982365053
hepg2,jurkat,centred,SKA1,0.13330015408820947,0.4111751965872332,0.5009140367889072,0.29372140445805
hepg2,jurkat,centred,MRPL42,0.3290368274948121,0.3204890210577332,0.6946191758627474,0.6973720650657462
hepg2,jurkat,centred,ZW10,0.12198074406272597,0.3239132269012493,0.3988399701661924,0.3393732435965687
hepg2,jurkat,centred,EEF2,0.2896085658648865,0.44173131617628303,0.7761602309820037,0.4946028506556433
hepg2,jurkat,centred,POLR2F,0.32478150119340643,0.7187897274028491,0.39790452648311014,0.6072966901598758
hepg2,jurkat,centred,FOXO1,-0.13385548428162067,0.4877058522789232,0.5766593732813013,-0.2524047411153536
hepg2,jurkat,centred,MRPL11,0.3137681013508443,0.4344953363057216,0.29033710692080805,0.8834153834825692
hepg2,jurkat,centred,POLR3B,0.3902748036604805,0.600381879850877,0.7449112396511952,0.583585458953504
hepg2,jurkat,centred,SNX15,0.2498351678675284,0.6015790992362076,0.5322321056510378,0.44152639113150566
hepg2,jurkat,centred,MRPS34,0.4267249429336057,0.5905059919259628,0.7388728617896666,0.6460275170131835
hepg2,jurkat,centred,RABGGTA,0.4564180835252557,0.9453158964404087,0.6693996649663828,0.5737617826381674
hepg2,jurkat,centred,RPL36A,0.42324604549158684,0.6874481811710828,0.8509307840961383,0.5533829927481155
hepg2,jurkat,centred,ZC3H4,0.31920433683091554,0.5675411309677125,0.4985580351030954,0.6000842835179465
hepg2,jurkat,centred,SDE2,0.060609270305388194,0.2769088500967434,0.3224699670756756,0.20282710911323976
hepg2,jurkat,centred,NDUFA6,0.26067209840806055,0.45735503922689474,0.4801791046789809,0.5562450829604543
hepg2,jurkat,centred,ARL2,0.20305376139387388,0.6500994597900037,0.2243916973593613,0.5316401163765421
hepg2,jurkat,centred,FBXO5,0.13875628942629792,0.571204245236546,0.16287517117694167,
hepg2,jurkat,centred,TRPM7,-0.0370700789722122,0.05424399542054817,0.09557078156797393,
hepg2,jurkat,centred,TTC27,0.18854231031194552,0.33193944272237486,0.22165021784729128,0.6950968380165543
hepg2,jurkat,centred,PIAS1,0.12916916818676594,0.4709996959260371,0.32280591290476107,0.3312667209700944
hepg2,jurkat,centred,CUL3,0.17573898253691028,0.0,0.5961596187306221,
hepg2,jurkat,centred,RBM33,0.10403946770943798,0.591512550121919,0.7170385507523219,0.1597514787826132
hepg2,jurkat,centred,LSM5,0.406380413517734,0.8233262144597482,0.47724220583573235,0.6483020188298164
hepg2,jurkat,centred,CHMP5,0.01764081371580589,0.3988678940359646,0.20902060149730362,0.061095542745811714
hepg2,jurkat,centred,NUP214,-0.07053135666481142,0.6159280154277617,0.0,
hepg2,jurkat,centred,SLC7A5,0.36069631886076586,0.5550523116702718,0.6907264286250987,0.582534586453881
hepg2,jurkat,centred,CHTF18,0.03268275171515606,0.5599278573071408,0.7579378238764991,0.05016903956884453
hepg2,jurkat,centred,TXNL4B,0.0593787894450154,0.43081507571204175,0.5819245054962999,0.11859122907766684
hepg2,jurkat,centred,DDX27,-0.09215338039770739,0.847059816147286,0.8468973228172333,-0.10880249411507652
hepg2,jurkat,centred,NPM3,0.10919302367689904,0.2884231218544821,0.33545566797352955,0.3510445932636903
hepg2,jurkat,centred,PSME2,0.44940698286197156,0.5153798544033213,0.6108174305815446,0.8009776280142584
hepg2,jurkat,centred,MED10,0.50837692063206,0.510688733998551,0.6692315427960321,0.8695999105113499
hepg2,jurkat,centred,NDUFB3,0.3879278884988016,0.437814471661864,0.6857503836431925,0.707983141757822
hepg2,jurkat,centred,RPL7L1,0.10105961107441902,0.9302828649917062,0.7724176267368253,0.11921860169663841
hepg2,jurkat,centred,H2AFZ,0.4844902631639638,0.7674630059147379,0.8218968300842475,0.6100250589120946
hepg2,jurkat,centred,SRP54,0.38345173875162225,0.8840394097542796,0.7139805888759452,0.482649317154012
hepg2,jurkat,centred,RAMAC,0.5363460060325538,0.6828451066866986,0.8408747030005354,0.7078126279043951
hepg2,jurkat,centred,SMG6,0.34183768952469956,0.0,0.6954829807465864,
hepg2,jurkat,centred,MRPL51,0.39309082838514653,0.49344680399250623,0.6137829858548098,0.7142747830726309
hepg2,jurkat,centred,SERF2,0.31846614698447423,0.3453650678736001,0.7351880548220487,0.6320113071775999
hepg2,jurkat,centred,DESI1,0.16362885421921824,0.49884041557419406,0.6809927627707175,0.28074228146841845
hepg2,jurkat,centred,ERCC2,0.32625161589884977,0.3583832619811886,0.8367609194641181,0.5957692970546375
hepg2,jurkat,centred,CDC42,0.15157485468401186,0.8092682942532308,0.3347410099074828,0.29122351313146133
hepg2,jurkat,centred,MOK,0.09416339716078648,0.4796957932615193,0.42678057088740745,0.20811186603160003
hepg2,jurkat,centred,WDTC1,0.05014174116072593,0.1558319381892574,0.6711170468345259,
hepg2,jurkat,centred,NOL8,0.10526196601118111,0.9456333196247116,0.8888941907951934,0.11481141252272037
hepg2,jurkat,centred,CNOT3,0.3295532255143557,0.5208323553645174,0.9545357043153125,0.4673911662031475
hepg2,jurkat,centred,OR2T5,0.32551552658751,0.680365877940471,0.3105839185575291,0.7081266901733237
hepg2,jurkat,centred,WDR82,0.21802698709264912,0.2406521497214624,0.605039277146004,0.5713781075474769
hepg2,jurkat,centred,VPS51,0.09865795395712898,0.40821965912602837,0.26308473161385026,0.3010490940232813
hepg2,jurkat,centred,LDB1,0.29001788836782677,0.11928300854918782,0.5506378993882498,
hepg2,jurkat,centred,RSRC2,0.1561855641475769,0.3301307778779593,0.29343546822414474,0.5018126205354169
hepg2,jurkat,centred,YARS,0.513355365053768,0.7095819920780924,0.7566055184824533,0.7006192411492476
hepg2,jurkat,centred,LTB4R2,0.322055269667756,0.6273616065076723,0.2474864738804872,0.8173267390611827
hepg2,jurkat,centred,NIFK,0.13198274858168496,0.9406643657849291,0.8880077049227434,0.1444080671755455
hepg2,jurkat,centred,GMPS,-0.013172219813455512,0.3448847351417397,0.4051688751153163,-0.03523740721522821
hepg2,jurkat,centred,TVP23C,0.13967152825664403,0.048658505519656024,0.2724695238114029,
hepg2,jurkat,centred,ARRB2,0.1559525241007585,0.40705404890669206,0.1284232260130984,
hepg2,jurkat,centred,NAA25,0.15668677115024865,0.27829261744903555,0.7766245801881334,0.3370357133028081
hepg2,jurkat,centred,SERPINB1,0.05065410060931245,0.6509429814722061,0.7784833752167445,0.07115713651380379
hepg2,jurkat,centred,MCM6,0.4347279222798283,0.8482597876049248,0.9111380807860714,0.4944939661662573
hepg2,jurkat,centred,MED6,0.34556376479435036,0.5316576180454415,0.6224899661510958,0.6006839092673383
hepg2,jurkat,centred,NDUFA2,0.06182443325855596,0.6500638834022444,0.0077338157256855965,
hepg2,jurkat,centred,NCKAP1,0.15993658319588422,0.583992014734756,0.5057906217557909,0.29427879773950855
hepg2,jurkat,centred,GPN3,0.5261621868349388,0.8977132425080355,0.8922616935893207,0.5879016700156605
hepg2,jurkat,centred,EIF4H,0.3989247165215315,0.529328486119332,0.7603225335902504,0.6288243940354242
hepg2,jurkat,centred,SNIP1,0.44245552603915317,0.7243265002422301,0.7332464197339811,0.6071240832868772
hepg2,jurkat,centred,SURF6,-0.08186240863049837,0.8851102096185063,0.7890684024072905,-0.09795543039819384
hepg2,jurkat,centred,MYBL2,0.30323255746398015,0.6479586445444413,0.19290158187815562,
hepg2,jurkat,centred,ABCB10,0.2022191909647078,0.7499397770585264,0.6732302627900819,0.2845950610134326
hepg2,jurkat,centred,POGLUT3,0.35589087203395076,0.8917485813987447,0.7106662454252969,0.44705688899325685
hepg2,jurkat,centred,RBM17,0.3288709637099108,0.7061419809707934,0.49116904206049045,0.5584239319743434
hepg2,jurkat,centred,POLR3F,-0.03268344124043712,0.5579358276599857,0.6987159263523414,-0.05234622055334239
hepg2,jurkat,centred,BOD1L1,0.33957073916248204,0.6198853299827348,0.5554257287150124,0.5787107955162528
hepg2,jurkat,centred,AHCY,0.28981672685598786,0.4952012559449037,0.6382732494794194,0.5155006971503093
hepg2,jurkat,centred,POLRMT,0.7766676508276174,0.7476957385820772,0.9332288294285408,0.929776768388878
hepg2,jurkat,centred,C9orf16,0.6040816465819625,0.6648326164222366,0.7232474158897334,0.8711562102175301
hepg2,jurkat,centred,RNF103,0.18980287689452693,0.3443805170551809,0.4594040035290168,0.4771842668502788
hepg2,jurkat,centred,GNL3,0.13334580647909872,0.9399181318551484,0.8418178066617401,0.1499081672370025
hepg2,jurkat,centred,TRAPPC3,0.19933111968201098,0.6099087897662722,0.2827927526495692,0.47996384355433924
hepg2,jurkat,centred,ELP3,0.5391058686344652,0.7464837932883359,0.8323130383234116,0.6839439604531271
hepg2,jurkat,centred,FBRSL1,0.40131159263617017,0.7310700248024791,0.6435812799828433,0.5850601457768703
hepg2,jurkat,centred,RPS29,0.5960350668847785,0.8320771334200732,0.7106936342629765,0.7750840596161924
hepg2,jurkat,centred,MAD2L2,0.4011871081509593,0.7743837371662184,0.6379790891851048,0.5707759096199978
hepg2,jurkat,centred,ESF1,0.16054442664105398,0.6617119050828532,0.860647594783871,0.2127394732856634
hepg2,jurkat,centred,GRB2,0.10795845340211964,0.5486981571888748,0.346298438146342,0.24766500034742872
hepg2,jurkat,centred,IMPDH2,0.4058556447214714,0.5292980668594045,0.7206585543963925,0.6571381239837982
hepg2,jurkat,centred,RBM12,0.033624413342332,0.5566101245641019,0.4989874557783316,0.063802008551531
hepg2,jurkat,centred,TNPO3,0.5208469323372924,0.8125549209530504,0.8711361165284888,0.6190713965564952
hepg2,jurkat,centred,ACTB,0.43049738713578156,0.5030263839305957,0.7769910807060262,0.6886001625394873
hepg2,jurkat,centred,KTI12,0.15189848948469392,0.6469129250563577,0.6811154770301205,0.22883379686922278
hepg2,jurkat,centred,RPS4X,0.4437253555251944,0.640574392940397,0.8153870290927623,0.6139705780743874
hepg2,jurkat,centred,PRDM4,0.093145122580232,0.3369191707581462,0.3507126413065024,0.2709702094005082
hepg2,jurkat,centred,SRRT,0.3745097533329383,0.6092330906686939,0.8705660208483561,0.5142455406494696
hepg2,jurkat,centred,MEN1,0.12995907856350192,0.6681355764910184,0.5513907953385112,0.214113755409715
hepg2,jurkat,centred,UQCC2,0.22475507561342284,0.572672817775757,0.3290085837332275,0.5177887484539524
hepg2,jurkat,centred,RPL18A,0.1707369595360823,0.9222000214492521,0.3598441799955449,0.2963860356501485
hepg2,jurkat,centred,SUPT20H,0.33537422616241647,0.6794106527365207,0.6433740847787178,0.507261294709153
hepg2,jurkat,centred,PELO,0.08243125630659937,0.2611676883520852,0.1843294659024385,
hepg2,jurkat,centred,RPL23,0.25608519807336555,0.9808144055270878,0.8614374909352357,0.27859875687732155
hepg2,jurkat,centred,WDR18,0.3305576673610312,0.8487235071241112,0.6568460022392114,0.4427232594084025
hepg2,jurkat,centred,ORC6,0.37006772072061944,0.47933841869546157,0.6640884133111784,0.6559143529247402
hepg2,jurkat,centred,PWP2,0.5170486463561995,0.8445347876499019,0.8122313904202175,0.6242847826631287
hepg2,jurkat,centred,HIPK1,0.24867624845680497,0.6016814941435775,0.6634556745797341,0.3935908769783377
hepg2,jurkat,centred,POLR2E,0.12125977146589112,0.8683642640053106,0.0,
hepg2,jurkat,centred,ROMO1,0.2651479744873788,0.4657051057213691,0.28700220246633334,0.7252541112837205
hepg2,jurkat,centred,INTS14,0.3309733412596666,0.7513225161047684,0.9093753964683599,0.4004130397501613
hepg2,jurkat,centred,MKRN1,0.20528766581397576,0.4558926784631231,0.6340416448013372,0.38183229333886104
hepg2,jurkat,centred,PPA2,0.07907287714128222,0.0,0.24758548403004216,
hepg2,jurkat,centred,INF2,0.27772595001815353,0.6298943200692021,0.6064545119564922,0.4493487099274253
hepg2,jurkat,centred,ARHGAP6,0.30380663827511245,0.5420986600983072,0.8141047753693555,0.45731762676942633
hepg2,jurkat,centred,SLC39A7,0.5358593375815613,0.6983814491067681,0.7961947690589103,0.7186125465962236
hepg2,jurkat,centred,PSMB4,0.09854582699828868,0.5106445024054096,0.24043264526909813,0.2812433036804426
hepg2,jurkat,centred,ACIN1,0.32440616299225983,0.675690469929657,0.684885571289056,0.4768767960825802
hepg2,jurkat,centred,NAGLU,0.2593303620418722,0.5310920181619658,0.5526254367372209,0.47868855449998665
hepg2,jurkat,centred,CBFA2T3,0.20922245072074688,0.18176043771848457,0.3356520513887694,
hepg2,jurkat,centred,WDR5,0.4440130002048784,0.7529945197430336,0.8867002710766099,0.5433896443870534
hepg2,jurkat,centred,POLL,0.37879155035497114,0.7554058177240972,0.6435254756613823,0.5432844164899675
hepg2,jurkat,centred,FAM229A,0.21985666277498703,0.6829498418790846,0.4969187868364823,0.3774005414824861
hepg2,jurkat,centred,TRRAP,0.3455920374272934,0.4507761930548269,0.7842527751409889,0.5812396194897789
hepg2,jurkat,centred,MTOR,0.21373586545677167,0.6299318537434317,0.8388472244563338,0.29402833402404976
hepg2,jurkat,centred,PAM16,0.39026308711568797,0.8975434856991998,0.8927636209046467,0.4359748968300603
hepg2,jurkat,centred,EMC1,0.27268242819322247,0.3624775262562575,0.5713113097890825,0.5992115821528375
hepg2,jurkat,centred,RPS9,0.7176547089695781,0.938321028006579,0.8899714441525488,0.7853292591401951
hepg2,jurkat,centred,RPL10,0.2366301557156811,0.9341114515214558,0.7441667280796852,0.2838151779401451
hepg2,jurkat,centred,TPR,0.2508714211664205,0.713640974643958,0.37163784118258913,0.4871372464183157
hepg2,jurkat,centred,FBXL14,0.13569124904770857,0.5877026217420501,0.9031433936024856,0.1862493095397058
hepg2,jurkat,centred,CDK1,0.540791301103944,0.7620520355281903,0.9142013932274525,0.6479126271905964
hepg2,jurkat,centred,BORA,0.10651520604546745,0.34046278015677006,0.14748668760827333,
hepg2,jurkat,centred,TADA2A,0.470664149276756,0.2901192620555642,0.7602907940709199,1.0021505545487566
hepg2,jurkat,centred,EIF1AD,0.23999783562536406,0.43802214249524696,0.46881228980516093,0.5296144166367855
hepg2,jurkat,centred,PTCD3,-0.06789331396038226,0.4296484435834064,0.6047505761014531,-0.13319325758651493
hepg2,jurkat,centred,NBAS,0.38399274028538366,0.3550749111191786,0.680397284220703,0.7812350767625931
hepg2,jurkat,centred,SPTSSA,0.27030677124275676,0.42681130522736727,0.34342921124465575,0.7060254424220022
hepg2,jurkat,centred,ZC3H3,0.44641979321991915,0.6413241916133863,0.7635470569590876,0.6379501252006254
hepg2,jurkat,centred,CCDC130,0.09040079620399366,0.6779808699754128,0.7625426158948764,0.12572784612653834
hepg2,jurkat,centred,NELFB,0.4994467088023306,0.7866139587200842,0.8815692706955072,0.5997636067329201
hepg2,jurkat,centred,DERL2,0.5051397630460122,0.7911836746659646,0.5620083998644121,0.7575328911984288
hepg2,jurkat,centred,NFS1,0.12061629947178049,0.7161872302823302,0.0,
hepg2,jurkat,centred,INTS4,0.5730520159902153,0.7323660928263005,0.7570016193837878,0.7696291809901791
hepg2,jurkat,centred,LSM7,0.5018742383392328,0.7850827066957297,0.8203013711705126,0.625389347158512
hepg2,jurkat,centred,RRP7A,0.4285187158032799,0.823632325334734,0.7884285317033108,0.5317676787841321
hepg2,jurkat,centred,ATP6V0C,-0.0004964890518646502,0.746332195488735,0.2495428847006515,-0.00115045859304698
hepg2,jurkat,centred,IARS2,0.15309617590368352,0.80800771915514,0.6349175827453831,0.2137459580358905
hepg2,jurkat,centred,ZNF284,0.2903925613549462,0.5041078064004015,0.36353559472675445,0.6783444965091615
hepg2,jurkat,centred,HIST1H2BC,0.23000044891879995,0.6240179569274249,0.5233956034585453,0.4024529405499513
hepg2,jurkat,centred,RELL2,0.078837349591104,0.47085800402950023,0.6375976398480373,0.14388439213693305
hepg2,jurkat,centred,RFC5,0.10710641080128352,0.2986452574806994,0.40911009291284334,0.30642031727478614
hepg2,jurkat,centred,SETX,0.19047818987616758,0.5434011488590937,0.6812139785171226,0.31307126178274347
hepg2,jurkat,centred,RPL23A,0.25961364942402865,0.9688384151178084,0.8074049173154927,0.2935324718835355
hepg2,jurkat,centred,MLLT6,0.3381934993244409,0.7211985555380841,0.9119707003087861,0.41701088237530676
hepg2,jurkat,centred,TBCA,0.5762387958102637,0.6547131143687857,0.7529454328391089,0.8207203885729628
hepg2,jurkat,centred,PGAM1,0.3140711220797271,0.7373275933801892,0.8058169575204753,0.40745491545903123
hepg2,jurkat,centred,H2AFX,0.3001820439666277,0.39784143779567327,0.25230176694220235,0.9474789204292807
hepg2,jurkat,centred,TP53I13,0.3234258134988285,0.5668062510911739,0.4583013936987638,0.6345732701848155
hepg2,jurkat,centred,CD3EAP,0.041732077208949905,0.7699389881638542,0.8332000301964292,0.052103537207185496
hepg2,jurkat,centred,RBMX2,0.5608698809476926,0.9400176434809833,0.9258518085381462,0.6012060974902145
hepg2,jurkat,centred,DDX11,0.04348665298563328,0.10583927135730085,0.22318779037126577,
hepg2,jurkat,centred,DDX10,0.4090686041468471,0.8985486355057879,0.887626635018255,0.4580471565844334
hepg2,jurkat,centred,MRPL27,0.5147269109703305,0.7584895470181511,0.7772256927275211,0.6703915017810953
hepg2,jurkat,centred,HAUS6,-0.0725386182415278,0.0,0.0,
hepg2,jurkat,centred,INTS11,-0.1698513643963338,0.7493386935593306,0.5788781600215329,-0.2578911139380419
hepg2,jurkat,centred,ANKRD11,0.5521745544924614,0.7659321750885294,0.8196890694024143,0.6968778498119129
hepg2,jurkat,centred,ILF2,0.323836007367908,0.6005083159928416,0.6549521954000342,0.5163697853930043
hepg2,jurkat,centred,RBM42,0.30775053279991615,0.5640153295801349,0.5505035742442118,0.5522977678084002
hepg2,jurkat,centred,ABHD11,0.15324853838016522,0.33858838002331826,0.34538715092444916,0.4481333114448187
hepg2,jurkat,centred,PNISR,0.23605975691196968,0.30027044953841614,0.6479128717662562,0.5351892167971877
hepg2,jurkat,centred,ABHD17A,0.21668368317701708,0.611152907986612,0.4001653631556939,0.43815878164706856
hepg2,jurkat,centred,TCOF1,0.09006006263140012,0.8072131109874616,0.296272397103434,0.18415882925787616
hepg2,jurkat,centred,DDX23,0.42399395953659597,0.8549965000163773,0.5326959992355988,0.6282576470121432
hepg2,jurkat,centred,WDR12,0.014852893614772487,0.9113266098758508,0.8674118082587957,0.016705573121801487
hepg2,jurkat,centred,C18orf21,0.2199493884986093,0.6019159968060431,0.7191925228277756,0.33429681152088914
hepg2,jurkat,centred,WDR1,0.24721052908476174,0.6015097949454661,0.1432678737345347,
hepg2,jurkat,centred,SHOC2,0.1554555952748567,0.6556392023700375,0.5246674138027814,0.26505246992308606
hepg2,jurkat,centred,EMC7,0.17420525530987777,0.7290495518467746,0.6186635042348125,0.2593913444340413
hepg2,jurkat,centred,FAM133B,-0.037070511337839555,0.2513377461903797,0.3569353564020422,-0.12376701982964664
hepg2,jurkat,centred,TPP2,0.08307734803405184,0.626111993421085,0.6767140903933135,0.12763036273437817
hepg2,jurkat,centred,E4F1,0.2877401060986686,0.6113022165810337,0.8371485557108334,0.40222693347491456
hepg2,jurkat,centred,TAMM41,0.3048066010061143,0.5303127118477532,0.5192520579398922,0.5808570114660123
hepg2,jurkat,centred,UBL5,0.3754583821890317,0.80478255754021,0.2587252390845807,0.8228167584307331
hepg2,jurkat,centred,LAS1L,-0.014164840083636497,0.7151073418255781,0.8589311377833297,-0.01807369228639625
hepg2,jurkat,centred,CNOT9,0.15256519778416547,0.6265825353502072,0.5717264511886941,0.25490138240675697
hepg2,jurkat,centred,ATP6AP2,0.3620433856074842,0.8795494105348813,0.465340040693347,0.5659072851440972
hepg2,jurkat,centred,IPO13,0.3235303360454155,0.7120751977387536,0.7245224546028358,0.45042880337294455
hepg2,jurkat,centred,ELL,0.19592052584302252,0.7538365874749523,0.8528523467952218,0.24434553490178612
hepg2,jurkat,centred,JAZF1,0.20883514214687107,0.5671684098399215,0.7695234647696277,0.31610883333730494
hepg2,jurkat,centred,INTS2,0.12960577809908078,0.9227898264768725,0.10333878165890392,
hepg2,jurkat,centred,SNAPC3,-0.0571477691888913,0.7050050401780867,0.6710629578604781,-0.08308479214336455
hepg2,jurkat,centred,SYMPK,0.5942885540480347,0.8880299200110658,0.8826663571316133,0.6712515162715501
hepg2,jurkat,centred,COQ4,0.10889851888346073,0.18044552606349948,0.47991802820654117,
hepg2,jurkat,centred,SON,-0.06846201940965697,0.5823508133145606,0.11220949338052784,
hepg2,jurkat,centred,DCTN4,0.08856633412137983,0.2125938463619025,0.5893565612051836,0.25020976952663854
hepg2,jurkat,centred,SLC35A4,0.1128983228612358,0.568234770752868,0.2839341896913478,0.28107016100314486
hepg2,jurkat,centred,OR2A1,-0.05626678002963889,0.34572162007490825,0.34069802993787035,-0.16394719161286037
hepg2,jurkat,centred,HUS1,0.30864523418160017,0.5625325918590186,0.5196027377571859,0.570886818222154
hepg2,jurkat,centred,CHMP7,0.05247129485225885,0.4381823920171775,0.3454814158346432,0.1348596335622448
hepg2,jurkat,centred,ARGFX,0.16208674858524158,0.45347031438139723,0.24150589688674456,0.48978920588152947
hepg2,jurkat,centred,ZNF763,0.18517990246930227,0.5175042260225716,0.2952045660530079,0.4737785182988363
hepg2,jurkat,centred,PEF1,0.17169944314366156,0.0,0.14871928908915097,
hepg2,jurkat,centred,ZBTB4,0.16825528434140113,0.4347697861184585,0.48838570995880703,0.36513844439797183
hepg2,jurkat,centred,ATP6V1B2,0.4487601601673807,0.7771613012765946,0.5032053819497556,0.7176060182133218
hepg2,jurkat,centred,ALG13,0.10031520710702399,0.1224263188660095,0.3352081419869779,
hepg2,jurkat,centred,RAD21,0.14517556967915413,0.32729939680456827,0.33863791298268364,0.4360669246222212
hepg2,jurkat,centred,ANAPC15,0.3338740750105532,0.6760633239295507,0.5724794597936775,0.5366721456481985
hepg2,jurkat,centred,ANKRD49,0.11239101476317258,0.0,0.0443113206577491,
hepg2,jurkat,centred,CINP,0.11629840542873142,0.46602217872670526,0.6279009425053883,0.21499328704051326
hepg2,jurkat,centred,DNM1,0.3775476141937878,0.708366867282626,0.6111955275643882,0.5737894074614263
hepg2,jurkat,centred,SNRNP200,0.29589601513216396,0.8806448323725744,0.0,
hepg2,jurkat,centred,TSPYL5,0.07850784938744142,0.4995825725723594,0.4095393132638484,0.1735647958261391
hepg2,jurkat,centred,ETF1,0.38013041060870967,0.9294548819273061,0.2557373414382825,0.7796889607171805
hepg2,jurkat,centred,USF2,0.06125641920191925,0.4820972235837369,0.5008589803863608,0.12465983807203268
hepg2,jurkat,centred,AQP7,0.23180984881642,0.3329744258507779,0.1981663327777563,
hepg2,jurkat,centred,CHCHD3,0.23965278598882014,0.25854538450512093,0.6078195109914104,0.6045424045068002
hepg2,jurkat,centred,THOC5,0.30874919969924297,0.5556827785912153,0.22890913330021756,0.865686831479991
hepg2,jurkat,centred,STXBP4,0.1573111302285092,0.332787193263653,0.49417985312977813,0.3879123718052974
hepg2,jurkat,centred,GEMIN4,0.4987804586226379,0.5360255254162352,0.6580337200614732,0.8398323899027534
hepg2,jurkat,centred,ATP6AP1,0.10966978238139795,0.8157875185825879,0.10184501321722995,
hepg2,jurkat,centred,SUMO2,0.20209071305107026,0.5062847844832816,0.4432068392041377,0.4266244011989214
hepg2,jurkat,centred,NOC4L,0.34144427493917173,0.7434858191807627,0.819756435405176,0.43736202644782235
hepg2,jurkat,centred,DDX56,0.04992830892088781,0.8059996064030397,0.8302926863949205,0.061032876036888714
hepg2,jurkat,centred,STIL,0.25279791321982187,0.677205726239972,0.4390721419902781,0.4636019267407527
hepg2,jurkat,centred,CDC26,-0.021053142927729702,0.3370952427660785,0.004191990095019888,
hepg2,jurkat,centred,INTS13,0.4401761982484436,0.7543244220914916,0.896863139713664,0.5351609095176384
hepg2,jurkat,centred,DYNLL2,0.2980624746277615,0.5395865339907562,0.718625200278608,0.47865822948243786
hepg2,jurkat,centred,GSPT1,0.64775157011752,0.8849205302986514,0.8924103912647487,0.7289102034346006
hepg2,jurkat,centred,OR4K1,0.05138757030019495,0.44087013679981263,0.19178983661767995,
hepg2,jurkat,centred,THOC2,0.2756568552909895,0.8006973271918306,0.18970992984471616,
hepg2,jurkat,centred,RPAP2,0.4513810081615035,0.8429188118934002,0.6246247024791254,0.6220722541426981
hepg2,jurkat,centred,SEH1L,0.08963108906264192,0.5900540073815077,0.7908239506663963,0.13121179729441884
hepg2,jurkat,centred,DYNC1I2,0.05670605348234728,0.3400178879055041,0.04050377753667073,
hepg2,jurkat,centred,KCTD10,-0.03474246867136621,0.0,0.07022952880285796,
hepg2,jurkat,centred,SF3B5,0.3222166955230151,0.947915521629641,0.0,
hepg2,jurkat,centred,ESYT1,0.42013730991373144,0.5095364375441818,0.7987853925097321,0.6585497209513751
hepg2,jurkat,centred,MED8,0.5285020924430771,0.7696852599889106,0.7794033147170372,0.6823528378295179
hepg2,jurkat,centred,PRPF8,0.19679028996787576,0.8258055823991096,0.25668112763830164,0.4274327444428337
hepg2,jurkat,centred,C12orf45,0.21537587716222883,0.9122109987307155,0.8358824389261277,0.24664755031533694
hepg2,jurkat,centred,TRAPPC5,0.47832422242734696,0.6758942729342257,0.7564359145959079,0.6689550255032995
hepg2,jurkat,centred,FAU,0.707052306283764,0.9342242383538373,0.8873930300371355,0.7765474021553153
hepg2,jurkat,centred,ATP5MF,0.3535535706293283,0.7504409971944314,0.8181188901435069,0.45122041586668793
hepg2,jurkat,centred,SART1,0.42702042970296383,0.9661864999363245,0.3696111723868494,0.7145713926709455
hepg2,jurkat,centred,NKAP,0.5733909122903785,0.8630838190453248,0.7808665976441026,0.698450922477675
hepg2,jurkat,centred,RPP38,0.06715402349863057,0.29456023120042685,0.6424216591278353,0.15437426218907285
hepg2,jurkat,centred,SMC5,0.01020226477528716,0.6248788338550193,0.402717517119501,0.02033754013148358
hepg2,jurkat,centred,BUB1,-0.13682410532264494,0.0,0.0,
hepg2,jurkat,centred,ARPC2,0.32445007992124475,0.6037589849120792,0.4471466081377819,0.6244405703107306
hepg2,jurkat,centred,C6orf15,0.2147095037583792,0.4830626894011239,0.3973502959932142,0.4900752276085285
hepg2,jurkat,centred,ILF3,0.37457513464724074,0.4582891162321233,0.657748000935286,0.6822434960759071
hepg2,jurkat,centred,ACTR2,0.42399409520789727,0.2315374928867224,0.6852030067296834,1.064484924392577
hepg2,jurkat,centred,ACTR5,0.48062911495296207,0.7433526412267643,0.7439571394840239,0.6463067222231992
hepg2,jurkat,centred,POLR2M,-0.026540637374955708,0.7295397109021853,0.6880140342667682,-0.037461764666092655
hepg2,jurkat,centred,ZNF407,0.09208106254190107,0.480891350773778,0.0,
hepg2,jurkat,centred,SLC25A26,0.1074880950954345,0.27800038835491236,0.2655044910209986,0.3956413993757822
hepg2,jurkat,centred,NFRKB,0.2759139502314588,0.5058977788600547,0.7929619182824781,0.4356283219021982
hepg2,jurkat,centred,MIS12,0.003581458912143324,0.2032613080253853,0.3160163975733887,0.014131159752301198
hepg2,jurkat,centred,RCL1,0.4102078480874779,0.9235546912170349,0.9086754650627807,0.4477836733700486
hepg2,jurkat,centred,TOX4,0.3289213452839085,0.34203769887788465,0.6413227931019663,0.7022904005567995
hepg2,jurkat,centred,LPIN1,0.24858915949524218,0.4957409573703173,0.5204680785887644,0.4893929808369246
hepg2,jurkat,centred,OSTC,0.3841056101886265,0.2981770189199838,0.6402194287918372,0.8791219858722519
hepg2,jurkat,centred,NPEPPS,0.1797916228314864,0.18793608198661338,0.385031377706033,
hepg2,jurkat,centred,ANKS6,0.21335968934323704,0.5572560429121978,0.4583447043056268,0.42217145769996306
hepg2,jurkat,centred,CLTC,0.12086569609457952,0.17660425497856236,0.20132983320683914,
hepg2,jurkat,centred,SMC3,0.28274490742874536,0.26619793074443326,0.24168964528566772,1.1147139387924447
hepg2,jurkat,centred,TACC3,0.037712898177257925,0.0,0.4761110159062796,
hepg2,jurkat,centred,NACA,0.5354896941900987,0.7673905063014951,0.7845165093707283,0.6901474097078465
hepg2,jurkat,centred,GLRX5,0.391711167243662,0.7753854468007753,0.7410366341622461,0.5167580979043712
hepg2,jurkat,centred,MED9,0.3833794101891124,0.8507964350794928,0.7734622089473,0.47260292434710366
hepg2,jurkat,centred,CDIPT,0.14948520255960923,0.6908196546329253,0.5015095288948024,0.25396640244924834
hepg2,jurkat,centred,UBA2,0.27233539925288175,0.8506117499564628,0.6266941594642564,0.37300150484619865
hepg2,jurkat,centred,TUBD1,0.029938929802774353,0.2639863719822772,0.2871915992340182,0.10873256978164156
hepg2,jurkat,centred,SUPT6H,0.21955890628104546,0.7225855590815767,0.4682125883699869,0.37747211695797434
hepg2,jurkat,centred,CPNE1,0.14536604053837895,0.6368415102979857,0.41784949173356195,0.28179763270287655
hepg2,jurkat,centred,NCAPH,-0.00698130829738238,0.35546533967826277,0.2273099554310034,-0.02456003370243813
hepg2,jurkat,centred,EEFSEC,0.08032395666933577,0.3716083454915817,0.3565508625906277,0.2206691479487541
hepg2,jurkat,centred,WDR3,0.27780344069478974,0.7501176657462558,0.8176614289174213,0.3547204018991599
hepg2,jurkat,centred,ZNHIT2,0.3459504365986078,0.7526133904347592,0.5227716964446675,0.5515334782799751
hepg2,jurkat,centred,POLR2C,0.30016682207908724,0.8330987386912928,0.17119956331686845,
hepg2,jurkat,centred,TRMT112,0.713061157907395,0.8147373057715859,0.9084059985362074,0.8288538939182093
hepg2,jurkat,centred,ATP6V1H,0.34967877004726966,0.7179211127622975,0.5230819127974122,0.5706187678373754
hepg2,jurkat,centred,SIGLEC14,0.22020185225377728,0.5920036070809437,0.7747312631103639,0.3251496197970128
hepg2,jurkat,centred,SCD,-0.1272514671376607,0.7633157399404334,0.5073719411617338,-0.20447841319660703
hepg2,jurkat,centred,DDX18,0.570210357439447,0.9003557944428652,0.8901032853113314,0.636953631058266
hepg2,jurkat,centred,TOMM20,0.26847242252141507,0.3256920596625747,0.684822280246422,0.5684694830865866
hepg2,jurkat,centred,TNNT2,0.22017115997057612,0.45521098724074294,0.610205025560367,0.41774972483143075
hepg2,jurkat,centred,COPS5,0.15796042665168178,0.18310081003706072,0.5755077517962213,
hepg2,jurkat,centred,XRCC1,0.14993287044978407,0.3228983378926281,0.31426192073085885,0.47067168291754835
hepg2,jurkat,centred,PRKCA,-0.16221830358487796,0.34542359020043173,0.5159381459219695,-0.3842598768254868
hepg2,jurkat,centred,METTL17,0.10450109139402988,0.14212250798608406,0.1561480085303728,
hepg2,jurkat,centred,TUT1,0.2899012407271068,0.4648081897365957,0.22012118607509706,0.9063214657811454
hepg2,jurkat,centred,EIF2B3,0.6198029667852913,0.9635280542188613,0.8477458627063178,0.6857860224630529
hepg2,jurkat,centred,MOB4,0.2131699995565202,0.6555161301237996,0.6426046598001868,0.328444850867737
hepg2,jurkat,centred,TBCE,0.2637082166588935,0.32771884333281254,0.6200117733610407,0.5850230624706184
hepg2,jurkat,centred,TUBB2A,0.2675502924389037,0.5137289679019045,0.41883614993701396,0.5767881416423446
hepg2,jurkat,centred,C1orf109,0.06433845511209024,0.7525921060062455,0.3371804033712542,0.12772021360249
hepg2,jurkat,centred,GMIP,0.35919977443185647,0.30340600593111927,0.517094080167283,0.9068577850719693
hepg2,jurkat,centred,TAF6,0.5641224394417291,0.6565824257680146,0.820037511290089,0.7687973695760784
hepg2,jurkat,centred,GAK,0.16485981898206267,0.4357432065529885,0.12347780325086495,
hepg2,jurkat,centred,ALG2,0.4365976548444208,0.49916228149971614,0.6692557067345387,0.7553782512399545
hepg2,jurkat,centred,TUFM,0.31790868832554364,0.5981231269081358,0.7618042215838369,0.47096150663652453
hepg2,jurkat,centred,NDUFB10,0.2710819723626959,0.4071777809209909,0.2375062764334949,0.8717080483801982
hepg2,jurkat,centred,GTPBP4,0.037010552419409974,0.7442430229515126,0.8335618227140446,0.046989332268323525
hepg2,jurkat,centred,GOLGA6L1,0.11004936314275411,0.25550833091834896,0.1990530384852983,
hepg2,jurkat,centred,GYG1,0.35858033920474414,0.2829025766261881,0.736271745540212,0.7856858919517694
hepg2,jurkat,centred,INO80B,0.28848028040773416,0.5310779512572205,0.8339915797603474,0.4334671226651633
hepg2,jurkat,centred,RSL24D1,-0.03615873216358432,0.7043638365174981,0.6752568786639616,-0.052430036584776796
hepg2,jurkat,centred,ALG11,0.40157142709707,0.4730026036973203,0.701642283658021,0.6970648145923768
hepg2,jurkat,centred,NPM1,0.41037076185619076,0.4265401987672497,0.6117761373691882,0.803341421629726
hepg2,jurkat,centred,OTOP1,0.3108522535614443,0.7128227168213472,0.34280589890806346,0.6288384826000902
hepg2,jurkat,centred,TBCB,0.3912900454795316,0.6241237605879018,0.51993239494523,0.6868944422124493
hepg2,jurkat,centred,RPA3,0.11671262217935553,0.823546921835027,0.3929964576326645,0.2051536907609805
hepg2,jurkat,centred,CEP85,-0.0756134243220005,0.629159508663431,0.20109902484956904,-0.2125756628036626
hepg2,jurkat,centred,UTP6,0.31613489970875863,0.40251493927003706,0.71578715362569,0.5889650048999641
hepg2,jurkat,centred,COG8,0.04609793067269063,0.5428596929352681,0.6378322633756149,0.07834014849447637
hepg2,jurkat,centred,ANKRD39,0.1140075450820574,0.2674191283429295,0.36626479102437254,0.36428372907946754
hepg2,jurkat,centred,CCDC144NL,0.09546719918777145,0.7273294326292491,0.5542313196795717,0.15036372226119452
hepg2,jurkat,centred,MRPL1,0.19483902943221548,0.2447067075815539,0.3418178319933918,0.6736831157682535
hepg2,jurkat,centred,SPG7,0.32140784874393535,0.5401763251405353,0.5665897145767407,0.5809708759536885
hepg2,jurkat,centred,RPS6,0.6492269832745777,0.922736888317392,0.8896654602942476,0.716546295830848
hepg2,jurkat,centred,SYF2,0.2773209248262653,0.38952370041432244,0.4598978920765905,0.6552167431634979
hepg2,jurkat,centred,TIMM10,0.19708483876143068,0.2559594283642354,0.66962737464862,0.47604833534918645
hepg2,jurkat,centred,AQR,-0.04788680257983403,0.5769296612489464,0.0,
hepg2,jurkat,centred,MYC,0.3240102831731827,0.8083964469824593,0.8213209702200613,0.39764006848445893
hepg2,jurkat,centred,GUCD1,0.5330752468553266,0.7758848262959319,0.5619899615530565,0.8072826305492053
hepg2,jurkat,centred,MRPL49,0.5179155636439341,0.6654131921835131,0.6240772149616122,0.8037002348426402
hepg2,jurkat,centred,MRPS26,0.41283581825567733,0.5720442191222521,0.6326031845819107,0.6862729525842669
hepg2,jurkat,centred,PPP1R8,0.21028418783079592,0.714177381732901,0.6950020612316513,0.2984767624039898
hepg2,jurkat,centred,TTC1,0.12753940176545556,0.48462447354156424,0.7057278522039545,0.21808363414919937
hepg2,jurkat,centred,NDUFAF3,0.40437594347123673,0.40018199160445306,0.5390399146990813,0.8706549594441386
hepg2,jurkat,centred,SNRPD3,0.45695360552550024,0.9096153875848159,0.3272126325819077,0.8375836249860737
hepg2,jurkat,centred,RHOQ,0.16468031251364978,0.7197206920478848,0.6294927905580652,0.24466075283531422
hepg2,jurkat,centred,ATP5ME,0.21224368973556004,0.5962065061778186,0.755322260520538,0.3162789507656774
hepg2,jurkat,centred,CDC37,-0.028283695045779753,0.2380002033235037,0.32374861792483206,-0.10189280556016057
hepg2,jurkat,centred,TIMM44,0.27218162641699273,0.8810279397252022,0.8833324413117848,0.3085331789511841
hepg2,jurkat,centred,RPS26,0.6537254914982267,0.9505599611606383,0.776650183002974,0.760839299695271
hepg2,jurkat,centred,TFB1M,0.11224075186588005,0.44859620094476027,0.3700775849692232,0.2754713141838796
hepg2,jurkat,centred,DDX3X,0.23414418159031883,0.6620429591535639,0.6430580684837309,0.35885184934856806
hepg2,jurkat,centred,NISCH,0.2358792524825383,0.022915522563374213,0.470909820063858,
hepg2,jurkat,centred,RPP30,0.3337717973735905,0.7534033695465517,0.843438655130149,0.4187059262337582
hepg2,jurkat,centred,ENY2,0.46009916358301584,0.8197208421190993,0.7773746855014321,0.5763725085406384
hepg2,jurkat,centred,CDC73,0.3578179837361554,0.5243434913525626,0.4426015675523304,0.7427587036502278
hepg2,jurkat,centred,BANP,0.192389354845561,0.5381896493590288,0.5387277645696487,0.3572964395880849
hepg2,jurkat,centred,SMUG1,0.12845982076823972,0.34594905321654607,0.2700123182123019,0.4203097357292931
hepg2,jurkat,centred,MRPL54,0.17020952283799146,0.44670452102811664,0.4960519973690901,0.3615847277710743
hepg2,jurkat,centred,PTEN,0.28491871341504343,0.7598076386707443,0.5069816101839002,0.45906379613918985
hepg2,jurkat,centred,EIF3J,0.5576825703268833,0.8036521531735926,0.7316665678265829,0.7272712329080199
hepg2,jurkat,centred,ETV4,0.04081913945653164,0.2919086322006054,0.4603500785987656,0.11135154954007614
hepg2,jurkat,centred,ELP2,0.1745760069605055,0.5074222024424534,0.639553206467451,0.3064513101561686
hepg2,jurkat,centred,NUTF2,0.11721424643089796,0.8895770578621213,0.09600073373383357,
hepg2,jurkat,centred,CCT6A,0.2161335564700074,0.8674928234728843,0.14319247577620905,
hepg2,jurkat,centred,RPS2,0.6935898653725573,0.8999082910235091,0.8292855266795213,0.8028817185443559
hepg2,jurkat,centred,RRP1,0.08904188728613181,0.8190916429336609,0.7337069164191912,0.11485946856004195
hepg2,jurkat,centred,NSMCE1,0.03312537772849791,0.08313399744413075,0.12541762103327653,
hepg2,jurkat,centred,PSMD11,-0.13956511139518332,0.8480367590113648,0.15080411625831402,
hepg2,jurkat,centred,MMS19,0.1251373376757734,0.17365539777947722,0.5455874159249612,
hepg2,jurkat,centred,PSMD1,-0.017174640260288657,0.714965858998259,0.0,
hepg2,jurkat,centred,LMO2,0.27749647548661105,0.7239000325596576,0.277686269122183,0.6189291974274699
hepg2,jurkat,centred,RCOR1,0.10039993504169624,0.16783332770341322,0.2799888377430214,
hepg2,jurkat,centred,ZCCHC9,0.26794514446775913,0.8938026453898651,0.8192739741119106,0.3131197735049059
hepg2,jurkat,centred,TAF8,0.4615237225715149,0.8685295153460636,0.8985185827863743,0.5224421479547615
hepg2,jurkat,centred,MRPL10,0.35299640008514377,0.6128997098251042,0.6331988915404793,0.5666377386107377
hepg2,jurkat,centred,COPS2,0.17339813262139073,0.7853585903503907,0.6891380490119092,0.23569876251182054
hepg2,jurkat,centred,KDM1A,0.44642161686125165,0.6422651513647611,0.8342505961940632,0.60987351561441
hepg2,jurkat,centred,ZNHIT3,0.20748359425460208,0.6980364692305956,0.7176486563391119,0.29314923697252776
hepg2,jurkat,centred,BMP2K,0.22005011694872342,0.2732842549234113,0.4563445742256712,0.6231144930404009
hepg2,jurkat,centred,RRP12,0.3788159406186058,0.8680767642055238,0.8283900759379527,0.44671623503576435
hepg2,jurkat,centred,ATP6V1E1,0.23146465525508889,0.2788614649131757,0.5356959834338101,0.59886817738157
hepg2,jurkat,centred,ABCB7,0.2917124503823049,0.4584858636892382,0.5726162623531379,0.569324864589609
hepg2,jurkat,centred,HSCB,-0.013198951628811843,0.747797912936016,0.7220635345085327,-0.017962203256159555
hepg2,jurkat,centred,NBEAL1,0.38265607285389436,0.5985726332081147,0.4433281842442875,0.7428267085717347
hepg2,jurkat,centred,ORC1,0.09048321185905665,0.44335079677188904,0.1265478275774199,
hepg2,jurkat,centred,MCM3,0.5852912667177058,0.7093864742998176,0.9146888711209545,0.7265974921577966
hepg2,jurkat,centred,ZNF253,0.23631177635285777,0.2432627865949935,0.4438498930548117,0.7191665286882898
hepg2,jurkat,centred,RTCB,0.2247436582879842,0.4011165553074666,0.2968901499081147,0.6512597795089586
hepg2,jurkat,centred,TAZ,0.12508089824298746,0.5726641018444939,0.5061883191175262,0.23231911894735371
hepg2,jurkat,centred,CENPI,0.14354174741140005,0.38295446356176044,0.20697886200223964,0.509849107620791
hepg2,jurkat,centred,RSL1D1,0.110749814187994,0.665431668936562,0.7819114236385599,0.15353680333665312
hepg2,jurkat,centred,CALR,0.480122985400687,0.5889732909741845,0.6742410284094111,0.7618984839009393
hepg2,jurkat,centred,GLE1,0.25952277536370033,0.8531092897591694,0.21553144833075366,0.6052263359169692
hepg2,jurkat,centred,CCNQ,0.034948344391530696,0.40994584058737377,0.0,
hepg2,jurkat,centred,CHAF1B,0.16337750103314652,0.6732870132210368,0.8148060539429288,0.22057942820596801
hepg2,jurkat,centred,FAM102B,0.4147749775031015,0.3373845541016553,0.7891687825082047,0.8038314642186333
hepg2,jurkat,centred,CARF,-0.06855338071466663,0.48312344717734595,0.6979195626659299,-0.11805846530802301
hepg2,jurkat,centred,ORC4,0.13366414498832094,0.10176221455156063,0.5902512354371712,
hepg2,jurkat,centred,CDK11A,0.09707194704831486,0.0737580428467812,0.4397233395483422,
hepg2,jurkat,centred,RAB4A,0.12839020592271297,0.45878548806901026,0.6563827183828508,0.2339637050464553
hepg2,jurkat,centred,HAUS4,0.05687587568794438,0.0,0.1970696924339007,
hepg2,jurkat,centred,TAF12,0.5005925148877862,0.842478691822856,0.8342901219466624,0.5970989920532884
hepg2,jurkat,centred,CSTF3,0.6607482375405475,0.8380696315732067,0.8495803382922755,0.7830576468608056
hepg2,jurkat,centred,RPS7,0.610455935803762,0.9160951693282987,0.815207250296382,0.7063988892383705
hepg2,jurkat,centred,SPDYE2,0.08078852230007912,0.5279561052638049,0.12591447470808356,
hepg2,jurkat,centred,UBE2D3,0.3159551204615852,0.23908224162376626,0.6289122831141505,0.8148106560765371
hepg2,jurkat,centred,CCDC144A,0.15527114154339963,0.40549557148699983,0.4678629421707712,0.35648262271893794
hepg2,jurkat,centred,CNIH4,0.10954057649860524,0.4687660310353178,0.5153939145868579,0.22285752983288587
hepg2,jurkat,centred,CFL1,0.010169402371633815,0.4645873337790646,0.6229641033724767,0.01890297837689681
hepg2,jurkat,centred,GTF3C3,-0.1975339594473514,0.5820343753003107,0.563813357328253,-0.3448258148595213
hepg2,jurkat,centred,PLK1,0.19249062035925008,0.688430155726504,0.09442277895788928,
hepg2,jurkat,centred,CDC20,0.037891572944658586,0.5538903397256999,0.11310429882605001,
hepg2,jurkat,centred,SRBD1,0.023736267176133356,0.35261854787883873,0.3485664963831,0.06770442045085151
hepg2,jurkat,centred,DNAAF3,0.12321010337904333,0.6007796236021082,0.5411654370361623,0.21608454153538764
hepg2,jurkat,centred,CEBPG,0.08014275841239975,0.652834147702221,0.16979816701565328,
hepg2,jurkat,centred,MRPL9,0.2817532035965413,0.44194308607976707,0.5395793685344058,0.5769763646130708
hepg2,jurkat,centred,NDUFAF5,0.1607933123931871,0.23110510665843165,0.561667542244961,0.4462965679745828
hepg2,jurkat,centred,GTF3C5,-0.11206174353398445,0.38517515542061365,0.46842347125226036,-0.2638207301436815
hepg2,jurkat,centred,CS,0.17616551977188075,0.6553613121753173,0.4871361941793253,0.311785066495994
hepg2,jurkat,centred,NUBP2,0.18266166075205767,0.38365106226459833,0.7203153528755307,0.34747043957074064
hepg2,jurkat,centred,MIS18BP1,-0.10699854466944443,0.30272896512550024,0.6578718096616082,-0.23976194007126286
hepg2,jurkat,centred,GTF2A1,0.5560400280961,0.9297233588767256,0.896423434283024,0.6090775395422708
hepg2,jurkat,centred,MRPS7,0.3438596810924218,0.4008495173920459,0.6697766918108834,0.6636293093686755
hepg2,jurkat,centred,METTL16,0.27507694858876064,0.307903514226665,0.44687616869735647,0.7415719218884187
hepg2,jurkat,centred,HLA-C,0.0726238164791185,0.5763905863156008,0.5566326306400413,0.12821425034822917
hepg2,jurkat,centred,RAN,0.14389725639201775,0.8042306522981106,0.2446575952305971,0.32440149827870285
hepg2,jurkat,centred,TBC1D1,0.10909661288866822,0.20702798680508525,0.5920104772619427,0.31162482054080876
hepg2,jurkat,centred,GCLC,0.11008142383083362,0.29352608535131397,0.42357576494248717,0.3121944189920462
hepg2,jurkat,centred,LCE1C,-0.04529610633169484,0.6505615704773454,0.4853036373117142,-0.08061389320403617
hepg2,jurkat,centred,CSDE1,0.4534152146662449,0.5851061664229757,0.6615089691790377,0.7288042272737009
hepg2,jurkat,centred,CLP1,0.41597084484996755,0.5423574132319054,0.39854630636353555,0.894706737213372
hepg2,jurkat,centred,HJURP,0.3611322001245656,0.43407546962884697,0.5556015444391131,0.7353631613183499
hepg2,jurkat,centred,POLR2K,0.24250661554613823,0.8321903013258457,0.11023352998705077,
hepg2,jurkat,centred,RRM1,0.01797060445238433,0.5594279187876352,0.0,
hepg2,jurkat,centred,TRA2B,0.31999895988428834,0.4463239001800834,0.715718599401194,0.5661771569298323
hepg2,jurkat,centred,KRR1,0.39932951449390236,0.45868071519556247,0.7780434362350707,0.6684581889913754
hepg2,jurkat,centred,C14orf178,0.4977864240828186,0.9375547977617965,0.6922203132170657,0.617906193107225
hepg2,jurkat,centred,SRFBP1,0.23320744089215764,0.49496415600511334,0.770609577019218,0.3776055139336746
hepg2,jurkat,centred,HNRNPU,0.3385334845540695,0.25536669018027575,0.6237649784211403,0.8482209874354253
hepg2,jurkat,centred,RBBP5,0.40231303954198994,0.6811384322376055,0.8593315367937605,0.5258550403693739
hepg2,jurkat,centred,LPA,0.11088598533852345,0.0,0.18420356708338487,
hepg2,jurkat,centred,CEP192,0.10894660839618589,0.0,0.03337916291043865,
hepg2,jurkat,centred,FNTB,0.4597408871960837,0.4696897695491666,0.5274397889154167,0.9236791377026738
hepg2,jurkat,centred,DAP3,0.23137243617210565,0.41008972446044006,0.5044074723411471,0.5087230548325913
hepg2,jurkat,centred,HIST1H2BB,0.10676802414035366,0.21116086610331955,0.15425973511258917,
hepg2,jurkat,centred,NCL,0.03561652555044373,0.5058597707197069,0.7051708706406281,0.05963336241112466
hepg2,jurkat,centred,DDX55,0.0654376163486562,0.8703933722037751,0.9260806395731571,0.0728861954021738
hepg2,jurkat,centred,EIF2S1,0.4733123979194225,0.9583341003027237,0.7003579266909509,0.5777359403281294
hepg2,jurkat,centred,ICE1,0.5527361547382489,0.7356631147605512,0.6534151799483623,0.7972302557633322
hepg2,jurkat,centred,MVK,0.13252656019742623,0.7562709138735191,0.8578115930019191,0.16453877939157371
hepg2,jurkat,centred,DARS,0.4442150856655217,0.7455391298874774,0.31650236217823724,0.9144702979741688
hepg2,jurkat,centred,TIGD1,0.2153654544132454,0.4617542163265895,0.36682136307487584,0.523291037707461
hepg2,jurkat,centred,COQ5,0.03536364893584352,0.11157318070660498,0.23294395171308002,
hepg2,jurkat,centred,STX5,0.009182848914498184,0.6900688348255122,0.0,
hepg2,jurkat,centred,EEF1A1,0.068365438439171,0.5861731940924944,0.1610902003679224,
hepg2,jurkat,centred,USP36,0.23035453421919838,0.36261853112407416,0.2089153318529354,0.8369251358134159
hepg2,jurkat,centred,ATR,0.12260550958278586,0.5227612724923175,0.5775114789093901,0.22314027966331657
hepg2,jurkat,centred,TUBA1B,0.051496470297401266,0.6294628824997223,0.0,
hepg2,jurkat,centred,RPS27A,0.6953910614747051,0.9388639863100768,0.9386711401942702,0.7407489269588644
hepg2,jurkat,centred,TRMT6,0.27440836044411093,0.5028510079120423,0.5843139609924956,0.5062377706619291
hepg2,jurkat,centred,ENO1,0.22113089603893055,0.6487973394799771,0.6553769617747127,0.3391168037099035
hepg2,jurkat,centred,PTMA,0.3681453998429273,0.4704292597720344,0.8193923399187002,0.5929611845466571
hepg2,jurkat,centred,CDK2,0.23263327471191864,0.6521802611137297,0.6549113483041765,0.3559563550817857
hepg2,jurkat,centred,SOD2,0.06073127979981662,0.23959848553438362,0.09064259107845583,
hepg2,jurkat,centred,ATP11B,0.418399338928762,0.7874253038512228,0.832546133789513,0.5167519833192202
hepg2,jurkat,centred,RNF123,0.21265383964923004,0.4544101153822409,0.42575847701671665,0.48346783028127016
hepg2,jurkat,centred,MTCP1,0.1553672851462833,0.2340665562743727,0.391007092518748,0.5135675521552803
hepg2,jurkat,centred,PCID2,0.12861850654187998,0.5223945539177489,0.4654798636671345,0.2608276886755783
hepg2,jurkat,centred,CYP4F11,0.18086982512033203,0.32616927910220794,0.251638266445313,0.6313297420313517
hepg2,jurkat,centred,DDB1,0.3284555865576705,0.5114149570376363,0.5199239557937262,0.6369715366801689
hepg2,jurkat,centred,KRT17,0.3330957614467034,0.7366363715543348,0.684339855188209,0.46914447969632983
hepg2,jurkat,centred,SNRNP40,0.11558368307448676,0.6127883328718874,0.36213573085512757,0.24536103582525814
hepg2,jurkat,centred,RGPD6,0.32477451489588643,0.7182563130322328,0.6139356614308009,0.48908099426437573
hepg2,jurkat,centred,TAF10,0.5103561846527981,0.7615128527180411,0.874010876127639,0.6255706212468942
hepg2,jurkat,centred,MRPL24,0.3126137342311374,0.5602661009595464,0.6403900315059229,0.5219015655877142
hepg2,jurkat,centred,PCNA,0.17225453899417406,0.8901158906993226,0.5843928041219096,0.2388333485247495
hepg2,jurkat,centred,FOXL2,0.014862496903202526,0.4929865547453102,0.4615984187531214,0.03115602785655366
hepg2,jurkat,centred,MBTPS1,0.42237211973403443,0.7987336767962199,0.8104905176173226,0.5249528238196081
hepg2,jurkat,centred,POU5F1B,0.224895672315432,0.2728604814027844,0.4654013921433353,0.631098196119016
hepg2,jurkat,centred,DPM2,-0.004138065012322847,0.029183222234594214,0.26706346920178614,
hepg2,jurkat,centred,QARS,0.5981596038434771,0.9010611353812144,0.8414962739759808,0.6869321649907975
hepg2,jurkat,centred,URB1,0.1076777021255399,0.7421439274257492,0.8265334248318686,0.13748379114294507
hepg2,jurkat,centred,CBX1,0.4815178943709423,0.5849626913656644,0.6502786686433969,0.7807259113369689
hepg2,jurkat,centred,LST1,0.2411545863318453,0.7713035963627971,0.29471309014092933,0.5058050191758676
hepg2,jurkat,centred,TPRKB,-0.026277286044570254,0.5913165867588407,0.11154064866337739,
hepg2,jurkat,centred,PDRG1,0.32243440254466266,0.5820379060454158,0.2372555059748644,0.8676760069341092
hepg2,jurkat,centred,GLRX3,0.2292973524618338,0.3038128243403043,0.534683663654357,0.5689151927315916
hepg2,jurkat,centred,TSFM,0.14152839891300467,0.47524071526271505,0.32240648028447083,0.36156375822715625
hepg2,jurkat,centred,HSPE1,0.4182929937867107,0.8614392201374365,0.8935412243665678,0.47677225359515063
hepg2,jurkat,centred,NOS1AP,0.27452753138607544,0.47982670821323725,0.22825842059985854,0.8295265521231839
hepg2,jurkat,centred,HOXA3,0.2494110038050967,0.433163224269673,0.42822410364871855,0.5791009360384123
hepg2,jurkat,centred,CNOT2,0.5013620195054941,0.5602840297981723,0.9659412986859546,0.68150954360197
hepg2,jurkat,centred,RCC1,0.06052967115962728,0.8227693042747068,0.4740580227245315,0.09692002640115102
hepg2,jurkat,centred,DPY19L2,0.2401813573215314,0.06669967787312331,0.4453227827232249,
hepg2,jurkat,centred,NDUFS3,0.29201063617100903,0.12957493226108127,0.611549577039764,
hepg2,jurkat,centred,MMS22L,0.13932253256907715,0.34981893688211074,0.2515475812838199,0.4696665490717577
hepg2,jurkat,centred,NRDE2,0.2158271494987449,0.3014336571510586,0.533875433480174,0.5380098600807155
hepg2,jurkat,centred,CADM4,0.2278356038698218,0.5477630475255382,0.4897865594867731,0.4398674191266246
hepg2,jurkat,centred,DOLK,0.17021182490350464,0.7089409547181431,0.4140270015012479,0.31417408753269427
hepg2,jurkat,centred,VMP1,0.13775692482037113,0.404224153800625,0.6346765708539331,0.2719731778566035
hepg2,jurkat,centred,TBL3,0.11487395291719082,0.08361048271125349,0.6205916449330425,
hepg2,jurkat,centred,RPL38,0.24881491503102537,0.905424575246723,0.5570882199019525,0.3503388368355123
hepg2,jurkat,centred,SAP30BP,-0.06689763100350277,0.481625401226483,0.15580264026664106,
hepg2,jurkat,centred,MCM2,0.4199737947046516,0.5510785811313809,0.8255625874904846,0.6226448851200987
hepg2,jurkat,centred,FYN,0.01895718249016544,0.5346793068508764,0.7048071554242233,0.0308810423076285
hepg2,jurkat,centred,C17orf58,0.2980663631445215,0.4046360395508641,0.7005697725196177,0.5598284826410062
hepg2,jurkat,centred,ADNP2,0.10542517199266928,0.2873791183064528,0.5605300061551723,0.26267411708056815
hepg2,jurkat,centred,UHRF1,0.06487247489253829,0.6161403518048916,0.8436145029085371,0.08998054553747836
hepg2,jurkat,centred,NOM1,0.3024671338560649,0.7933913721601172,0.9291402540552638,0.3522847280402515
hepg2,jurkat,centred,RAD17,0.029733337274364734,0.2387597819505687,0.08151307258877674,
hepg2,jurkat,centred,CDAN1,0.0519622020949568,0.14169004788161516,0.44458562319801004,
hepg2,jurkat,centred,ZNF468,0.28137627472093446,0.45810106333812495,0.44704810859853406,0.6217699010690241
hepg2,jurkat,centred,SERBP1,0.42921832715633745,0.33160515923721734,0.7889523855959737,0.8391550670654137
hepg2,jurkat,centred,TANGO6,0.4181129876828784,0.8645447556732586,0.6301765627344121,0.5664594080891054
hepg2,jurkat,centred,CUL1,0.08780691394371616,0.6639733092402001,0.5348326282033303,0.14734807138458375
hepg2,jurkat,centred,DDX21,0.25748364701380316,0.8037469611646123,0.8986585661011034,0.3029651124026132
hepg2,jurkat,centred,TUBGCP4,0.18504818721947724,0.2621233197103057,0.43702056727051264,0.5467402751716515
hepg2,jurkat,centred,USP14,0.4718712140726714,0.7710704096056623,0.813092379013991,0.5959454670662702
hepg2,jurkat,centred,HMGA1,0.42553640406191934,0.7208012485107017,0.6692429847536893,0.6126847073910701
hepg2,jurkat,centred,USP10,0.2261680922525706,0.3668518772263164,0.4781038250105982,0.540038662195854
hepg2,jurkat,centred,ATP6V0D1,0.013489696064366952,0.4194732783131226,0.4029000831207833,0.032813407816747034
hepg2,jurkat,centred,ADAM10,0.17698977699983362,0.720870709165702,0.49546295905223026,0.29615147249941715
hepg2,jurkat,centred,DTL,-0.051021744399252264,0.49677007457132927,0.16301037883358885,
hepg2,jurkat,centred,PSMD7,0.13562787865093257,0.7541399201614647,0.07293253310602194,
hepg2,jurkat,centred,SMC6,0.016192482521390803,0.06149613729506154,0.4778853756384094,
hepg2,jurkat,centred,MZT1,0.17763460741845433,0.42573930655355385,0.24431559391786536,0.5507824740542508
hepg2,jurkat,centred,FOXD4,0.20477127610647342,0.10075266068032343,0.15944056264078535,
hepg2,jurkat,centred,PRELID1,0.4844564247549145,0.8838797386995859,0.5756346766440367,0.6791796367480488
hepg2,jurkat,centred,RPS20,0.6695123134706166,0.8912035795756634,0.8252498392681138,0.7806877837040275
hepg2,jurkat,centred,ABCG1,0.28214223251939274,0.5847971687110717,0.7969453759636449,0.4132864723818452
hepg2,jurkat,centred,OPA1,0.30777384277163217,0.6347050601385652,0.44458743343058343,0.5793848504443607
hepg2,jurkat,centred,CLASRP,0.3225234053493421,0.8908261791853024,0.7341013226387622,0.39882901660049025
hepg2,jurkat,centred,EXOC1,0.22201101058454908,0.283521885152069,0.41037989844377004,0.6508608963390373
hepg2,jurkat,centred,KRI1,0.30370029520548436,0.809561045230989,0.8552838683394532,0.36497681120385617
hepg2,jurkat,centred,NUP205,0.042745018877971656,0.7285413136453344,0.0816540391333847,
hepg2,jurkat,centred,SRRM1,0.3830216619559563,0.578365342226951,0.7033044010418077,0.6005518906609475
hepg2,jurkat,centred,NDUFAF7,0.07926209818917813,0.08145974651031992,0.254581872058538,
hepg2,jurkat,centred,TLCD1,0.15082593148140966,0.7294851678527345,0.38767320385703674,0.2836187191588205
hepg2,jurkat,centred,MTRNR2L1,0.052953130807906236,0.019283602297346412,0.08951120487132844,
hepg2,jurkat,centred,SMC4,-0.0191057795742344,0.1471401772413572,0.6890294157659771,
hepg2,jurkat,centred,CAMLG,0.16189243381797633,0.3711600403975756,0.36975335005293664,0.4370085024443967
hepg2,jurkat,centred,DDX6,0.3164413752856687,0.6333744108359116,0.8206546765419831,0.43891738424229965
hepg2,jurkat,centred,GNL3L,0.000891798586206549,0.7896131610456443,0.7162104351624807,0.0011858759680670203
hepg2,jurkat,centred,DNAJC17,0.5888676708572341,0.8692981621096867,0.8995100222145939,0.6659326799857866
hepg2,jurkat,centred,UBE2I,0.2974730336889183,0.6427283452556889,0.48210364210294404,0.534396579396127
hepg2,jurkat,centred,NOP14,0.3135708764571704,0.8787892766879657,0.8689286037039053,0.35884037230894616
hepg2,jurkat,centred,HIRA,0.041183240961276936,0.5659613363047782,0.5740003834832726,0.07225552284751043
hepg2,jurkat,centred,RPL10A,0.16839415239958938,0.979229886836941,0.7738121896217484,0.19344917987891389
hepg2,jurkat,centred,SAP18,0.3217864066612847,0.49031880441919323,0.7150117352839154,0.5434653183809596
hepg2,jurkat,centred,METAP1,0.07240007262169885,0.1763392228200009,0.31868306201941576,
hepg2,jurkat,centred,POLR3D,0.3706676183260798,0.7189206530847643,0.6876525442835517,0.5271808674388435
hepg2,jurkat,centred,TBP,0.4705151956736757,0.7460032673132692,0.8230944682866879,0.6004522100026866
hepg2,jurkat,centred,GNPAT,0.1604940963395059,0.3074260082680255,0.5707816218649947,0.3831367122725145
hepg2,jurkat,centred,EXOSC6,0.1496380518840012,0.0,0.03801267686498559,
hepg2,jurkat,centred,BDP1,0.16005659759617608,0.7691539790825611,0.26237414595161934,0.35629228309853594
hepg2,jurkat,centred,RNGTT,0.11715634063537758,0.49768110822109146,0.5143367393810503,0.23156154934554174
hepg2,jurkat,centred,DCUN1D5,0.31067035543124355,0.8505621540014762,0.39439222121220796,0.5363924010039993
hepg2,jurkat,centred,COG6,0.24768065343872966,0.6785085566172258,0.580367584539923,0.39469611032564184
hepg2,jurkat,centred,TRNP1,0.15226524281540837,0.0680548443661687,0.25609797239224763,
hepg2,jurkat,centred,TOPBP1,0.11043606874671934,0.21061687941208057,0.7217051096927694,0.2832594851628584
hepg2,jurkat,centred,SMAGP,0.10542713241303737,0.5819347969787116,0.283495543975006,0.2595625978256119
hepg2,jurkat,centred,ARL4D,0.13590783169452597,0.07442583474523737,0.4598096638178356,
hepg2,jurkat,centred,ZNHIT6,0.3786308059210085,0.6251915294084195,0.6593309256109954,0.5897360545527713
hepg2,jurkat,centred,EIF2B2,0.6820853702776157,0.9612557761233672,0.9426007038683094,0.7165646402343732
hepg2,jurkat,centred,DPAGT1,0.1359401494966386,0.4125784942164016,0.3249844117374575,0.37124719837993264
hepg2,jurkat,centred,CSH2,0.14036867339718448,0.3228353679546668,0.5560543436616986,0.3312996850033488
hepg2,jurkat,centred,CTU2,0.386860896973489,0.508592511073474,0.7291155205935328,0.6352895072667332
hepg2,jurkat,centred,REV3L,0.20692308966222317,0.35600968636512226,0.4645123068093213,0.5088378803716265
hepg2,jurkat,centred,NAA38,0.40493071138372155,0.896332521172585,0.3433286646173502,0.7299466290392219
hepg2,jurkat,centred,POLR3H,0.03721625577626642,0.6131244927937106,0.33870730335338717,0.08166689887702361
hepg2,jurkat,centred,DHX29,-0.23530226183700603,0.6729429909856015,0.298229566273939,-0.5252446244080118
hepg2,jurkat,centred,SRP68,0.4964537128873237,0.9008256264682097,0.8529868666539686,0.5663530251829553
hepg2,jurkat,centred,THG1L,0.4700193742430699,0.6832064668926767,0.6701324073364192,0.694639483877045
hepg2,jurkat,centred,DHX16,0.5758506619615772,0.9249109596068399,0.8567601886867071,0.6468897484107512
hepg2,jurkat,centred,TRAPPC4,0.18111374778496298,0.26497002484420973,0.6899128626892271,0.4235999725547258
hepg2,jurkat,centred,HMBOX1,-0.015940619628292647,0.5818003747459346,0.7302066266090961,-0.024456556926499944
hepg2,jurkat,centred,NUMA1,0.2112358338710704,0.5790156824844592,0.49685294512535627,0.3938297283769547
hepg2,jurkat,centred,ZNF236,0.5608454243296366,0.9254405808572143,0.9589454868638121,0.5953494427790685
hepg2,jurkat,centred,GFOD2,0.3027780833924461,0.8037320132096578,0.7821212595853201,0.3818842582376374
hepg2,jurkat,centred,RBBP8,0.18718008720381996,0.436677714219018,0.3546897505146616,0.47561419912035235
hepg2,jurkat,centred,SNRNP25,0.40913809817489305,0.6555710468842773,0.5757550398237501,0.6659492981554075
hepg2,jurkat,centred,SRPRB,0.07236961678287844,0.7607687794436421,0.4511455842218901,0.12352975402894342
hepg2,jurkat,centred,AIFM1,0.16587065454882058,0.32738485492800967,0.439720280504954,0.4371716773123277
hepg2,jurkat,centred,MAT2A,0.018495703841242404,0.4981792894777174,0.5277709870520952,0.03607075828112925
hepg2,jurkat,centred,CENPW,0.29428890022943716,0.3053050596389223,0.2619570071526836,1.0406192876448277
hepg2,jurkat,centred,SMC1A,0.15543358599986698,0.6831967384097928,0.6636394689884313,0.2308372388925499
hepg2,jurkat,centred,DCLRE1B,-0.030019982460568497,0.5079022322576184,0.22159939814030016,-0.08948208297760554
hepg2,jurkat,centred,POLA1,-0.018626549976199308,0.8165274537055632,0.03058413599363294,
hepg2,jurkat,centred,VARS2,0.08265427475055853,0.0,0.4989816017539873,
hepg2,jurkat,centred,GRPEL1,0.41580717526707534,0.7740477830725039,0.906299106666822,0.49644634523210457
hepg2,jurkat,centred,PPAN,0.011606637467929493,0.9331088149346811,0.835997980499896,0.013141279709579755
hepg2,jurkat,centred,DCTN1,0.138282187545626,0.6330957901546581,0.4413699484179639,0.26159542740068636
hepg2,jurkat,centred,PGS1,0.1141169760883479,0.0,0.24811913179507264,
hepg2,jurkat,centred,MED17,0.43804304656445925,0.5326843569765591,0.4428246689816481,0.9019156353819491
hepg2,jurkat,centred,PC,0.250085264246219,0.5256128737026527,0.41223735405966994,0.5372561984368617
hepg2,jurkat,centred,PRPF19,0.3189510305620931,0.8116123045081529,0.5701053481635627,0.4688912634486294
hepg2,jurkat,centred,MYB,-0.06493563259281956,0.052302448988181975,0.16315131195191418,
hepg2,jurkat,centred,RPL13A,-0.02715426919734559,0.7902245402971023,0.4045090088079339,-0.048028471308832546
hepg2,jurkat,centred,SEC61G,0.5978929999844359,0.9331227565666589,0.8336907434558842,0.6778780767043244
hepg2,jurkat,centred,NHLRC2,0.14945363389533553,0.34527569747424314,0.35375612055196354,0.42763327606673723
hepg2,jurkat,centred,DENR,0.37221928458411174,0.740790633414362,0.6363988178166102,0.542108786912319
hepg2,jurkat,centred,CDC27,-0.013825071960507607,0.10681735625702585,0.10085116683903891,
hepg2,jurkat,centred,HSP90B1,0.44087229659832927,0.6702642785593985,0.8221447278393592,0.5939031576209737
hepg2,jurkat,centred,NAA20,0.3165322475952768,0.3957258810369261,0.69670653791307,0.6028312968193537
hepg2,jurkat,centred,FAF2,0.28222446711760324,0.13450880328712783,0.3019040246034241,
hepg2,jurkat,centred,RFFL,0.06377232970425316,0.10816679648071942,0.0,
hepg2,jurkat,centred,CCND1,0.06892462506162224,0.3931438149613331,0.5774796543681288,0.14465396576103884
hepg2,jurkat,centred,FGFR1OP,0.009870798592366161,0.1612913430893437,0.287664499722976,
hepg2,jurkat,centred,RPS15A,0.6256501935580095,0.8213955067181894,0.8329968188355112,0.756369051502317
hepg2,jurkat,centred,HMX3,0.33590848205844104,0.5133643404926366,0.7907766750469353,0.5272070338741529
hepg2,jurkat,centred,RARS,0.5099513555571401,0.7311925633525288,0.77734688152649,0.6764028633422557
hepg2,jurkat,centred,NDUFB8,0.3646742300312429,0.5267962725717503,0.5067731989749242,0.7057922878396483
hepg2,jurkat,centred,MRM1,0.5057925189135841,0.6099015388496025,0.6971618508143914,0.7756677405339573
hepg2,jurkat,centred,MIER1,0.19593222639371968,0.5527511067328116,0.6377312865110092,0.3300062774727424
hepg2,jurkat,centred,NMT1,0.14470577872206164,0.0,0.3983185537964992,
hepg2,jurkat,centred,ZNF24,0.07226733267517706,0.01457105052579956,0.16886191345630358,
hepg2,jurkat,centred,TBCC,0.0860498193375555,0.1971145053316508,0.03700843670520711,
hepg2,jurkat,centred,NOP58,0.36038738961735994,0.843706455818918,0.8305355643758334,0.4305214387073397
hepg2,jurkat,centred,INTS9,0.5338670584163553,0.7536140815906318,0.7715337516504038,0.7001339814354821
hepg2,jurkat,centred,RPSA,0.5355013657657458,0.8957049709739953,0.8425312675403249,0.6164318601074228
hepg2,jurkat,centred,UBE2H,0.116627377240321,0.5293882185409621,0.2619527260112775,0.3131856913633573
hepg2,jurkat,centred,RPAP1,0.5271563081677104,0.9155643085199597,0.8887705938304299,0.5843864563626525
hepg2,jurkat,centred,HIST1H2BN,0.13960182098459425,0.5708566368540533,0.3414668554295067,0.31619374795401933
hepg2,jurkat,centred,FKBP9,0.18318457326251578,0.48824458347358574,0.5622712846230735,0.3496207723473447
hepg2,jurkat,centred,RPL9,0.06781943178573181,0.9413981680370942,0.6216572134878416,0.08865270340672797
hepg2,jurkat,centred,HS6ST1,0.2848845027478026,0.5569435994951994,0.40835449958170966,0.5973715613873661
hepg2,jurkat,centred,EMC3,0.04079624176689201,0.3101833210108803,0.49326735216999806,0.10429650375744234
hepg2,jurkat,centred,DNAJC8,0.4972999126988154,0.7652154840582266,0.7553845396611,0.6540974594996803
hepg2,jurkat,centred,RHPN1,0.2635262188579036,0.35892261878664034,0.43368288907157754,0.6679397244635762
hepg2,jurkat,centred,CHTOP,0.2637720893121763,0.3856880039773578,0.31986008483326517,0.7509841130762801
hepg2,jurkat,centred,MRGBP,0.20643929269288283,0.8840283798156141,0.8288853943866779,0.24116374269919127
hepg2,jurkat,centred,ATF5,-0.03443387996080934,0.8339454709286823,0.03733441904682624,
hepg2,jurkat,centred,MED29,0.3464486467464896,0.18098491306098055,0.5659642057314151,
hepg2,jurkat,centred,RFC4,0.1351247104235051,0.0,0.43355192906400736,
hepg2,jurkat,centred,GINS2,0.44752425163510184,0.6673817493954058,0.8018778919819252,0.6117518508532748
hepg2,jurkat,centred,LSM3,0.27243692523217167,0.5455592138846799,0.7943054749427902,0.4138578951574069
hepg2,jurkat,centred,DDN,0.2762297751045229,0.629284611460915,0.4800098678826404,0.5025992674298492
hepg2,jurkat,centred,FARS2,-0.0736298994665297,0.0,0.0,
hepg2,jurkat,centred,SEPSECS,0.18755768173121692,0.5903298702351716,0.3264175190980242,0.42726837297012277
hepg2,jurkat,centred,AFG3L2,0.26411437131311394,0.4391844299531116,0.6955534110521471,0.4778629098423989
hepg2,jurkat,centred,MRPL39,0.32745341002572786,0.6112811062158932,0.75039024453113,0.4834877127055408
hepg2,jurkat,centred,OSGEP,0.2489031949884028,0.4740092888397214,0.717277201668719,0.4268679334551194
hepg2,jurkat,centred,UBR5,0.15815703427596453,0.3505977060529001,0.6448797555977033,0.33261712525863985
hepg2,jurkat,centred,UQCRB,0.28835774642568773,0.35845887591384334,0.5482542645373242,0.650460523375183
hepg2,jurkat,centred,ACTR3,0.17650426662222,0.39283949823815384,0.2985727483737425,0.5153740547415671
hepg2,jurkat,centred,POLA2,0.008865665414670208,0.5293499166175801,0.2558212389866037,0.024091931171008663
hepg2,jurkat,centred,VARS,0.5740245451516284,0.8851953367892293,0.851320893274241,0.6612478278112146
hepg2,jurkat,centred,HMGB3,0.2319207913448233,0.5710987531543518,0.658007400606685,0.3783281782283624
hepg2,jurkat,centred,PSMB5,0.25484212931454375,0.9620977042620924,0.9390769848795345,0.2681087806645676
hepg2,jurkat,centred,RPS24,0.6359028634757091,0.8688886024703962,0.8080226449930933,0.758921688553396
hepg2,jurkat,centred,HSPA14,0.15051214898038645,0.34443493856078,0.6058959338517205,0.3294723231872397
hepg2,jurkat,centred,MRPL46,0.17878439109864241,0.40434963023616094,0.5604129014778807,0.3755752907945136
hepg2,jurkat,centred,NFYB,0.17344712296063647,0.8133272177679219,0.5635868200864251,0.25618519800355827
hepg2,jurkat,centred,SSBP3,0.40986971810751016,0.7481973978870972,0.7146883569702065,0.5605048602676233
hepg2,jurkat,centred,PXN,0.3309152326308471,0.6017873123515816,0.5784918535123921,0.560849867586107
hepg2,jurkat,centred,MRPL41,0.508979635428626,0.6694660946773955,0.8036792085045378,0.6938965788845616
hepg2,jurkat,centred,MCM5,0.2891070468591657,0.36342143378682246,0.7815477602629878,0.5424699023543407
hepg2,jurkat,centred,INTS10,0.2231615135998145,0.37334047255001124,0.6071913920702281,0.46870971889534385
hepg2,jurkat,centred,PRSS50,0.19449985371180534,0.5506959957861949,0.506935031540172,0.3681180965156298
hepg2,jurkat,centred,ORC5,0.12935670258523987,0.4608326763693407,0.528618727382486,0.26208733272702955
hepg2,jurkat,centred,CBLN1,0.2850416400706335,0.454600404510331,0.7775960857502027,0.47942024155060053
hepg2,jurkat,centred,IMPA2,0.11666441982822752,0.5339815293397276,0.10357206881295644,
hepg2,jurkat,centred,HECTD1,0.36311452667879535,0.435236909791715,0.6149202488883573,0.7018937372007611
hepg2,jurkat,centred,U2AF1,0.2735224792431894,0.7023995058389444,0.5341776978601892,0.4465376161759834
hepg2,jurkat,centred,VBP1,0.15532178416406636,0.18113991711743116,0.2506759459420969,
hepg2,jurkat,centred,RPN2,0.1801013283965421,0.07152648504245701,0.48086538234923276,
hepg2,jurkat,centred,DDX49,0.15157939410078272,0.08182789251125719,0.4335136935446666,
hepg2,jurkat,centred,SUGT1,0.2219168259201427,0.6379081607627134,0.5011405314130567,0.39249252351847325
hepg2,jurkat,centred,ITGB1BP1,0.18219922309923225,0.3823928742257235,0.6437220309797284,0.36723362447114394
hepg2,jurkat,centred,TSEN34,0.14107076176694164,0.6780987310052444,0.25384562106488645,0.3400209744453458
hepg2,jurkat,centred,PEX19,0.12700199484250074,0.3510209265931546,0.4029845260545777,0.33767573455347016
hepg2,jurkat,centred,NPLOC4,0.5847059815928203,0.8211319487557724,0.8256833740360453,0.7101078143200932
hepg2,jurkat,centred,PRPF3,0.2915170502026615,0.9114285860564474,0.3062353192316055,0.5517914908241757
hepg2,jurkat,centred,CCNH,0.3688826376103318,0.619745821648807,0.8562352614598054,0.5063896916389365
hepg2,jurkat,centred,COPS4,0.2105347184337383,0.6730511140599824,0.6601233635044332,0.31585455780981675
hepg2,jurkat,centred,MED19,0.5395778321051882,0.8076866666106945,0.8743031705717641,0.6420984410189934
hepg2,jurkat,centred,AATF,0.33397870522710177,0.7761855101769303,0.7968704066534577,0.42466078848502553
hepg2,jurkat,centred,TAF13,0.6935582807197334,0.9015403510856531,0.8810313384688339,0.7782062209593613
hepg2,jurkat,centred,VPS13D,0.14335698031075797,0.051289098518094024,0.6178847214947045,
hepg2,jurkat,centred,ANAPC1,0.0064112782072542835,0.6258852715029889,0.0,
hepg2,jurkat,centred,COX10,0.16490767475777643,0.5345836666233106,0.6517219778845432,0.2793842000480764
hepg2,jurkat,centred,SF1,0.21368050083176085,0.44309076952748927,0.39372101114001645,0.511592590165953
hepg2,jurkat,centred,MRPS10,0.07830275266454663,0.4065248608023331,0.30415325937404986,0.22268308908935772
hepg2,jurkat,centred,HIST2H3D,0.11488548606801838,0.3423482360031404,0.45012322960174905,0.29266137297647976
hepg2,jurkat,centred,PRMT5,0.24610104345816158,0.24203375344765055,0.779855012694232,0.5664590936693937
hepg2,jurkat,centred,EIF5A,0.28894170061099783,0.8207456487475676,0.3408938770317771,0.546256137722042
hepg2,jurkat,centred,KAT8,0.34102376089845926,0.3763448486073148,0.7415254347340082,0.6455481273286653
hepg2,jurkat,centred,ING3,0.26123455679651975,0.4323051175486931,0.7243060672326238,0.46684678908112226
hepg2,jurkat,centred,RPA2,0.21120025955870605,0.8428744519701175,0.25872788205611114,0.4522633400353401
hepg2,jurkat,centred,TARS,0.43056153431390404,0.5295256907984521,0.7776053734663091,0.6709838756414914
hepg2,jurkat,centred,NDUFB7,0.24216672706583636,0.45486259348483377,0.5692054592715308,0.47592643957696784
hepg2,jurkat,centred,PDAP1,0.20693831889306205,0.6086141150926263,0.6090938546155635,0.3398817123653836
hepg2,jurkat,centred,CCDC59,0.15844852822768452,0.46372514144558485,0.8346970639012588,0.2546791814980639
hepg2,jurkat,centred,ADSL,0.16928029136820777,0.4467415086129647,0.41072266366245097,0.3951881474790808
hepg2,jurkat,centred,INTS3,0.5451272428516573,0.7435070520926904,0.8166566727365352,0.6995770970681501
hepg2,jurkat,centred,TRAPPC8,-0.05656396374625468,0.4472434117250258,0.38437096811023463,-0.1364245627694029
hepg2,jurkat,centred,OR1D2,0.17731909585588643,0.37645637476003385,0.04954917539051913,
hepg2,jurkat,centred,COTL1,0.35288093286889766,0.7576559456255406,0.825020878875329,0.4463337269834162
hepg2,jurkat,centred,STX18,0.35801357752870616,0.030696652192342133,0.6970755305389481,
hepg2,jurkat,centred,DRAP1,0.3269657236244883,0.6279687025750671,0.712058596965328,0.4889622830958403
hepg2,jurkat,centred,BET1,0.1804316224199875,0.6366053712735756,0.52350600404284,0.31254796208039304
hepg2,jurkat,centred,INO80,0.31548249225029534,0.563698927889735,0.6782342396974608,0.5102250809155835
hepg2,jurkat,centred,UXS1,0.3027395741323937,0.3542861823334156,0.7373495942698934,0.592318593180016
hepg2,jurkat,centred,RBMXL1,0.2771353789579606,0.14939212192158452,0.4358138987458942,
hepg2,jurkat,centred,BMS1,0.5101898714142493,0.9035037634242137,0.8968060634671722,0.566783999634901
hepg2,jurkat,centred,MSL1,0.256509251914035,0.572147857114713,0.5778523183808526,0.4461084671402141
hepg2,jurkat,centred,UBC,0.05025467729318044,0.08348415719133828,0.21643071054683116,
hepg2,jurkat,centred,TNRC6A,0.1897368811098924,0.7049202450313904,0.612992254098873,0.2886385088701697
hepg2,jurkat,centred,MRPL14,0.44360952430518985,0.4844576368491189,0.668440160004703,0.7795458995006974
hepg2,jurkat,centred,WDR77,0.13734305082121337,0.5617347802588519,0.7507283951167307,0.2114947599609463
hepg2,jurkat,centred,MRPS21,0.4561774932109485,0.8001518040748784,0.774416684142338,0.5795091659848309
hepg2,jurkat,centred,CDCA5,0.07497201897174224,0.3586709332729819,0.174484288670126,
hepg2,jurkat,centred,MRPS16,0.4644072311165855,0.6329543128324652,0.6792318489572517,0.708278030264417
hepg2,jurkat,centred,CRKL,0.11658170914934103,0.5238418460090489,0.22414499174231106,0.34022467208871643
hepg2,jurkat,centred,RAD9A,0.18394256884441984,0.5100092811723823,0.5075310750551496,0.36154460755798995
hepg2,jurkat,centred,BOP1,-0.03662425044594545,0.8353091369259554,0.8420991746221086,-0.043668020786256534
hepg2,jurkat,centred,MST1,0.33657041008648253,0.43397368888923377,0.4111008364557359,0.7968380276163897
hepg2,jurkat,centred,INTS1,0.24068310754803499,0.20179936101097565,0.6564865081915222,0.6612608549519738
hepg2,jurkat,centred,EPB41L2,0.15333720135668719,0.40669813639661606,0.6789529437849108,0.2918042436324893
hepg2,jurkat,centred,UFL1,0.39988034352601337,0.7228639436374564,0.6453883138748696,0.5854519090624746
hepg2,jurkat,centred,XRN2,0.37743949233581026,0.31077475960494794,0.6001824518481911,0.8739424264395983
hepg2,jurkat,centred,NOL9,-0.0026601398559937366,0.041474923488656106,0.6448542842833891,
hepg2,jurkat,centred,PPIA,0.42852738456174116,0.6292842694599566,0.7937755139580535,0.6063261421369834
hepg2,jurkat,centred,MSTO1,0.020178706100800862,0.0,0.041959048248896576,
hepg2,jurkat,centred,COX7B,0.38108593802694984,0.2542063576248334,0.48784007196651735,1.0821587720245613
hepg2,jurkat,centred,PSMD4,0.6137609684324222,0.7499950774772063,0.7541945999716365,0.8160717623089959
hepg2,jurkat,centred,NBPF3,0.017870812005054807,0.41038802804683605,0.4180162855082601,0.043146974082889616
hepg2,jurkat,centred,PDPK1,0.10071781296754884,0.38977315931960516,0.21013475276343407,0.35192602193549755
hepg2,jurkat,centred,FASN,0.06853964297116676,0.29053259105925594,0.05793554810058521,
hepg2,jurkat,centred,WDR74,-0.09855182723790731,0.5840645651827543,0.5851224512877818,-0.16858187131813573
hepg2,jurkat,centred,DHX36,0.37965291565433973,0.38199544988285233,0.8160674928509846,0.6799775984403847
hepg2,jurkat,centred,RPL3,0.18385314176020606,0.8395379888308587,0.6475077229671418,0.24936092657176878
hepg2,jurkat,centred,GAPDH,0.019322662496672704,0.6027054582886706,0.01939945192668632,
hepg2,jurkat,centred,XAB2,0.3384612817050298,0.41383059333080097,0.49039566557549236,0.7513190252765473
hepg2,jurkat,centred,XRN1,0.4667074831860047,0.11325090375272853,0.7427260217483768,
hepg2,jurkat,centred,CTNNBL1,0.3411630402291482,0.21334284686083385,0.7228864443978745,0.8687361472130474
hepg2,jurkat,centred,PRPF18,0.37585559617729936,0.7968300824425459,0.21329902013619856,0.9116827340805599
hepg2,jurkat,centred,METAP2,0.34370798506866035,0.40099325534880936,0.4664271904796624,0.794747477206839
hepg2,jurkat,centred,LTV1,0.4355061575023544,0.9069837996028708,0.8720722573016784,0.4896866896437259
hepg2,jurkat,centred,BRIP1,0.008407954893052558,0.4627644785855911,0.3812877331165614,0.020016306786283106
hepg2,jurkat,centred,PRORP,0.20441593796694324,0.3489075500674183,0.5485530125984323,0.46725103073112473
hepg2,jurkat,centred,DDX17,0.5386762183027606,0.7150759534903678,0.5693138508880478,0.8442592753556805
hepg2,jurkat,centred,HNRNPA1,0.586911418119652,0.7301534849952381,0.7629486551570241,0.7863534952017502
hepg2,jurkat,centred,RMI1,0.09546509653043021,0.5533369798297465,0.47791662639008275,0.18564091424716794
hepg2,jurkat,centred,XRCC5,0.4953565855492402,0.5780126480005735,0.8361068874022884,0.7125549637913529
hepg2,jurkat,centred,BNIP1,0.29791832872865925,0.2542621552076461,0.7549348124424515,0.679988604623951
hepg2,jurkat,centred,ECD,0.08245335311646088,0.2348255420159887,0.0,
hepg2,jurkat,centred,PNN,0.5831662830492984,0.8811459116546211,0.7633762377136216,0.711048414837357
hepg2,jurkat,centred,CTDP1,0.09899769771404403,0.6316287169753377,0.7602404608075353,0.14286264007703747
hepg2,jurkat,centred,ZNF706,0.3303013779334975,0.674725450775507,0.5476324799253762,0.5433782369551959
hepg2,jurkat,centred,C19orf25,0.06867539147236496,0.28475431473126184,0.5479472868510781,0.17385876750742082
hepg2,jurkat,centred,ATP6V1G1,0.552807236886578,0.698193712920491,0.6734468347667251,0.806183851996442
hepg2,jurkat,centred,YBX1,0.25178783745408173,0.46488226944828787,0.534788276926186,0.5049778363984598
hepg2,jurkat,centred,MRPS30,0.35128075050737384,0.5295448442578521,0.47398153828415923,0.7011682896586648
hepg2,jurkat,centred,TFRC,0.2280894630756916,0.46132641363318344,0.2813273361268046,0.6331332114005488
hepg2,jurkat,centred,POLD2,0.25754717996764354,0.767720985981542,0.6606675254919379,0.36162930165797114
hepg2,jurkat,centred,TEAD3,0.3436630360858892,0.7330197681266537,0.38218024542699114,0.649293210536877
hepg2,jurkat,centred,SIN3A,0.3253140026539191,0.6329815575644513,0.503777781250327,0.5760865346633439
hepg2,jurkat,centred,PNKP,0.12114798344756061,0.0,0.4692755315546263,
hepg2,jurkat,centred,RPL36AL,0.36541931372804193,0.3832573976478051,0.44580444590066687,0.8840442969555132
hepg2,jurkat,centred,RTTN,0.09972366030614853,0.11679281399073813,0.17700537219438672,
hepg2,jurkat,centred,NAT10,0.31546325454328084,0.49663724492172096,0.46732004733636767,0.6548199924530111
hepg2,jurkat,centred,MAU2,0.009363803465860793,0.3421464976553482,0.7763133656815066,0.018168861266764407
hepg2,jurkat,centred,EEF1B2,0.2294343012488403,0.45260920638529484,0.5681434458281407,0.4524469393806463
hepg2,jurkat,centred,BUD13,0.4790118779585714,0.7151552816601906,0.830012907700374,0.6217326637511831
hepg2,jurkat,centred,NDUFS5,0.07962814851669738,0.0,0.33274509322869766,
hepg2,jurkat,centred,RPL12,0.3276658467437021,0.8360265252808877,0.3170641342186593,0.6364255241054806
hepg2,jurkat,centred,FRG2,-0.07633010974233981,0.35651618879919084,0.07920817392658532,
hepg2,jurkat,centred,RUVBL2,0.14527049698914749,0.8054971599256717,0.14816068157063048,
hepg2,jurkat,centred,CDC5L,0.37915236149582765,0.6958309465683613,0.482898467447572,0.65408468700284
hepg2,jurkat,centred,EHMT2,-0.06794088941710964,0.6804892964819081,0.7753800315905391,-0.09353265718862308
hepg2,jurkat,centred,NCAPH2,0.06531093401756773,0.21689440070493635,0.7359651029736912,0.16346813711346897
hepg2,jurkat,centred,TMSB10,0.22242815264251664,0.7003135695251856,0.5295372572294336,0.36525420402750564
hepg2,jurkat,centred,EIF3A,0.6484590343691766,0.9098409068391863,0.8794022977965439,0.724946600603464
hepg2,jurkat,centred,CDK7,0.11779242360995723,0.20964408972114856,0.41504214272686035,0.39932816978197816
hepg2,jurkat,centred,SPC25,0.008198587695736843,0.6389584122474141,0.06956444667696488,
hepg2,jurkat,centred,RPS10,0.40469795312623313,0.4364028054159101,0.607019664916639,0.7862956275091807
hepg2,jurkat,centred,ACOT12,0.30235316249250294,0.6272230304874783,0.5148549322535959,0.5320605738019539
hepg2,jurkat,centred,SPAG7,0.14057049999543636,0.40236507764665974,0.3854575395216531,0.3569404584433542
hepg2,jurkat,centred,CRNKL1,0.20169337258769943,0.5075516975248265,0.11085917383371147,
hepg2,jurkat,centred,SYS1,0.12133449404548671,0.4948970155650954,0.2939190540342983,0.3181361312680669
hepg2,jurkat,centred,ADAT2,0.2161565026932015,0.3991277155676417,0.3367393490020817,0.5896107971692043
hepg2,jurkat,centred,RANGAP1,0.03853614268274515,0.7980406174646233,0.31102713624392714,0.07734933824748483
hepg2,jurkat,centred,YBX3,0.1549291179634518,0.3687114729802529,0.18601944958530214,
hepg2,jurkat,centred,MMP17,0.24082212497007494,0.4110943306595918,0.5493225846546879,0.5067711851135588
hepg2,jurkat,centred,ZNF317,0.13904166933928971,0.540649323746357,0.5120825939048542,0.26425130102344385
hepg2,jurkat,centred,EXOC8,0.013327776383961898,0.07078647781167989,0.24990178391927306,
hepg2,jurkat,centred,SARS2,0.12503312343191006,0.3457015710204564,0.4377531246683283,0.32141028980610997
hepg2,jurkat,centred,PYROXD1,0.3576673716779679,0.616281165794701,0.6580286138717808,0.5616522281005041
hepg2,jurkat,centred,TADA3,0.28931497959728514,0.6756116860293989,0.6270029692530498,0.44451615088002316
hepg2,jurkat,centred,MAX,0.32709819908001797,0.6418108844136917,0.6918119187237266,0.4908859410234278
hepg2,jurkat,centred,CNOT1,0.49573405971252116,0.8632956520420958,0.7022523025985387,0.6366817416994521
hepg2,jurkat,centred,VPS33A,0.17676868138514293,0.29752001480524665,0.38281216027593984,0.523786579043196
hepg2,jurkat,centred,RIOK2,0.5190408515953794,0.7821923209260069,0.7784186526180413,0.6651784177281158
hepg2,jurkat,centred,COG4,0.003717643924433549,0.5302161416558974,0.4812555364329811,0.007359587089024575
hepg2,jurkat,centred,ZNF100,0.2803678481779513,0.36234841508907,0.39469928740380944,0.7413646162765379
hepg2,jurkat,centred,KIF18B,0.08953574833924031,0.6111051352773638,0.6044391160556039,0.1473201730363154
hepg2,jurkat,centred,MDN1,0.02790421144505889,0.9397064772782103,0.7791409711070331,0.03261111311173793
hepg2,jurkat,centred,UBA5,0.4071416235520775,0.6903291754709351,0.5936763618973981,0.6359786131500428
hepg2,jurkat,centred,TM7SF2,0.15037550916126208,0.46972529711631067,0.4427079454368226,0.3297588635301094
hepg2,jurkat,centred,PSMD8,-0.007656368010657843,0.5828219482379466,0.11313021788043487,
hepg2,jurkat,centred,DDX52,0.4360192740446791,0.8152704502450702,0.8993478021747371,0.5092030519063023
hepg2,jurkat,centred,YY1,0.4157027483971351,0.4904364157856652,0.6576838957586258,0.7319525650123146
hepg2,jurkat,centred,TFIP11,0.22681251729138907,0.5774375802649176,0.22620996440841423,0.6275648786673946
hepg2,jurkat,centred,NVL,0.007860277532532522,0.9221239813337274,0.8395397264232387,0.00893351963740262
hepg2,jurkat,centred,U2SURP,0.48716631456744575,0.8431722278565742,0.4754392561308706,0.7694343762087043
hepg2,jurkat,centred,SUDS3,0.33286921344260473,0.6858708975693026,0.7873790856960075,0.4529606805875233
hepg2,jurkat,centred,RPS3A,0.6388769606135665,0.8976127643976328,0.8308704716133626,0.7397859082697259
hepg2,jurkat,centred,GPKOW,0.5534843693793289,0.8589978014916381,0.6795588458525457,0.7244289534342497
hepg2,jurkat,centred,DDX19B,0.19605891113906435,0.611460644157398,0.5628612760649436,0.33419630674908035
hepg2,jurkat,centred,EIF4B,0.5543082503747,0.8989967906889914,0.9172898836221611,0.6104062476762693
hepg2,jurkat,centred,GART,0.19850158578235394,0.4690758134946698,0.12448466458370859,
hepg2,jurkat,centred,OLFML3,0.21522393794136255,0.6350029220741098,0.3813852795507147,0.43734155853621987
hepg2,jurkat,centred,SRP14,0.5618730645059,0.7789930141780272,0.7713595889850935,0.7248413994283238
hepg2,jurkat,centred,PRPF38B,0.2076328915807242,0.22929537078746035,0.48343180841525796,0.6236355982571583
hepg2,jurkat,centred,POP5,0.20971327036206167,0.418541594354707,0.8303168430644653,0.3557416186883001
hepg2,jurkat,centred,PRELID3B,0.3722638447303735,0.8680091726332475,0.5406961483841779,0.5433905271644571
hepg2,jurkat,centred,OSBP,0.013919466957563567,0.5283005836776273,0.12705564067091044,
hepg2,jurkat,centred,MED16,0.061230900159799526,0.27103050793916444,0.4858632694298849,0.1687347453635033
hepg2,jurkat,centred,HIST1H2BE,0.18079153095689596,0.24919492572491794,0.31848672998613525,0.6417454736189724
hepg2,jurkat,centred,PABPC4,0.287525909525782,0.6140431671336096,0.7499213513429266,0.4237109376649501
hepg2,jurkat,centred,THRAP3,0.3566735316517874,0.7238087642229739,0.6619527508064882,0.5152825883271356
hepg2,jurkat,centred,COQ2,0.04480796264225802,0.33069071887379897,0.3869953231077633,0.1252539227614899
hepg2,jurkat,centred,DDX1,0.255588401642131,0.605523271172531,0.6372635556364202,0.41144916156436623
hepg2,jurkat,centred,RRS1,-0.037689454173838254,0.9588574270274017,0.9086931627721229,-0.040377014102746474
hepg2,jurkat,centred,KRTAP4-7,0.06583131209047341,0.5411993713044899,0.36011027883303853,0.14912007399245736
hepg2,jurkat,centred,EIF3E,0.4304585908221366,0.7498365294837398,0.6448019159740428,0.6190631069389062
hepg2,jurkat,centred,PRODH,0.31548634966978395,0.7123107902775309,0.4019045138016955,0.5896365135767645
hepg2,jurkat,centred,CMPK1,0.1764807357386944,0.408865850568126,0.430739385659338,0.42053252818775566
hepg2,jurkat,centred,CCNB1,0.30950487663692255,0.48154875404450814,0.5189538091042665,0.6191316596927411
hepg2,jurkat,centred,PHB,0.32361711138382915,0.9452045159559493,0.7663800691030268,0.38023008989307594
hepg2,jurkat,centred,SMARCB1,0.15114077493734568,0.6757730416128556,0.6125926806051949,0.23490665007783584
hepg2,jurkat,centred,SLC35G6,0.1386848639841794,0.16225066031970395,0.2661557992746173,
hepg2,jurkat,centred,COPS6,0.1684767537238536,0.232623358540095,0.3708178353384242,0.5736315342142141
hepg2,jurkat,centred,MRPL15,0.20647951580464746,0.5227226754836898,0.45835111310503657,0.4218345602396707
hepg2,jurkat,centred,SCNM1,0.044675321823038974,0.39952323434324305,0.2167155945263684,0.15182790079955338
hepg2,jurkat,centred,CYCS,0.22039923018802818,0.4513318628202587,0.5002588820899544,0.46383623394041174
hepg2,jurkat,centred,RBMX,0.15027152010562567,0.20385736946697405,0.11739611365048438,
hepg2,jurkat,centred,HEATR1,0.11883782404497845,0.8363836736769764,0.787235105317862,0.14645347858307972
hepg2,jurkat,centred,CCDC137,0.06143233997060442,0.003950302489951121,0.34500239802568095,
hepg2,jurkat,centred,PMF1,0.2588798566908788,0.39853033409560207,0.6264102494706233,0.5181292858724524
hepg2,jurkat,centred,UPF2,0.5791571868074852,0.7068525743859577,0.8593470069790685,0.7431008251085895
hepg2,jurkat,centred,DICER1,0.03346336017799439,0.32156827440805563,0.6443213828811871,0.07351596767777356
hepg2,jurkat,centred,VPS41,0.11586538316713758,0.3390017284859226,0.4536364489255471,0.2954600553438042
hepg2,jurkat,centred,WEE1,0.05303784889878001,0.3856338503853993,0.0,
hepg2,jurkat,centred,ACSS2,0.1366894346478082,0.42532131726985506,0.6670234163636349,0.2566290592452248
hepg2,jurkat,centred,ELOVL1,0.2275163764960583,0.5110167466887197,0.5065559692992794,0.4471789761401738
hepg2,jurkat,centred,ERCC3,0.02403648239464887,0.2888860480703014,0.7509091189904399,0.051607632739547105
hepg2,jurkat,centred,NSMCE2,0.08153130173753921,0.7295688641928679,0.28218838498814064,0.17968907113583715
hepg2,jurkat,centred,AURKA,0.06714141174804479,0.5703568328502128,0.0,
hepg2,jurkat,centred,RBX1,0.298486220655955,0.587421436786469,0.7949567714336133,0.4367949765331026
hepg2,jurkat,centred,NOC2L,-0.07667000090390616,0.6391618093739574,0.7035986502974316,-0.11432930429647976
hepg2,jurkat,centred,PPRC1,0.7704295625788466,0.7853567511722623,0.8744705425461674,0.9296658029936653
hepg2,jurkat,centred,COMTD1,0.4926093663301066,0.552490778414698,0.7637375326706379,0.7583471891809723
hepg2,jurkat,centred,RRP9,0.26976723029409627,0.3608396407005158,0.8351676340801029,0.49141141951833106
hepg2,jurkat,centred,OR2T29,0.08575321741270361,0.22913374737140535,0.25091387121084274,0.3576379189402108
hepg2,jurkat,centred,CTBP2,0.06635990717930688,0.13563331270823673,0.3586060548726182,
hepg2,jurkat,centred,DMAP1,0.2507456423358504,0.4714071753827671,0.6373885370708282,0.45743898617765705
hepg2,jurkat,centred,CTCF,0.12261979647137661,0.49659761980891143,0.4838047620020372,0.2501630739270388
hepg2,jurkat,centred,SLC4A5,0.2659552123640572,0.49086107722430117,0.5024066610955739,0.535551837656775
hepg2,jurkat,centred,GINS3,0.23754706790638794,0.49915916806517113,0.5687775145548266,0.44581937483413697
hepg2,jurkat,centred,SRCAP,0.16838360942352334,0.17035122394639887,0.698638998840994,
hepg2,jurkat,centred,RBM28,-0.07388062526526187,0.9140142809897464,0.8371227277367037,-0.08446163905276068
hepg2,jurkat,centred,TBCD,0.1442006102431602,0.6994991360254743,0.24606095776205802,0.34757789763900976
hepg2,jurkat,centred,NSF,0.09753643556693269,0.47538039926465486,0.14652485994377623,
hepg2,jurkat,centred,POLR2B,0.24077750869857462,0.8838799563984961,0.22325253273547757,0.5420271945515683
hepg2,jurkat,centred,BCR,0.3708212878302822,0.4941399631589375,0.4502954765734944,0.7861236762566979
hepg2,jurkat,centred,UQCRC2,0.21618148711636853,0.14862147682980723,0.6093168701792309,
hepg2,jurkat,centred,FNBP4,0.27767109929095524,0.725227793211464,0.7372788912140611,0.3797323176650799
hepg2,jurkat,centred,CFDP1,0.19828654012155608,0.7516938022668544,0.6424420119412936,0.2853354839953105
hepg2,jurkat,centred,GNPNAT1,0.36571136185825215,0.6811985796195542,0.5780983871327542,0.5827747240594308
hepg2,jurkat,centred,AASDHPPT,0.05432186149583591,0.32911057077030337,0.27390282779235314,0.1809278698424098
hepg2,jurkat,centred,PALB2,0.12180948981559442,0.3238341317816041,0.3147598500133856,0.3815312793761713
hepg2,jurkat,centred,SNAPC2,0.5215750791328857,0.7689306907083637,0.75076502603181,0.6864694560066833
hepg2,jurkat,centred,DHPS,0.20121315299227444,0.31065017692485286,0.3499802727262713,0.6102373440800535
hepg2,jurkat,centred,ALG1L,0.20880855659542588,0.5839905176685244,0.5932508761294385,0.3547531001694756
hepg2,jurkat,centred,SKP1,0.11049954478721884,0.7922568889569085,0.04493902625346476,
hepg2,jurkat,centred,TXN,0.255133929431893,0.547861633633292,0.6428127709536269,0.42992284751033977
hepg2,jurkat,centred,CDC6,0.1320159591586592,0.6951685537593532,0.28361675999998637,0.2973140483752052
hepg2,jurkat,centred,HSPA9,0.30310205845787036,0.9699202669678036,0.6743044073851556,0.37479420693759435
hepg2,jurkat,centred,SPCS3,0.4138627392846291,0.5816419371063344,0.7880016548993588,0.6113147955680431
hepg2,jurkat,centred,PRPF38A,0.21072305039697478,0.027184890709032107,0.3582185909624644,
hepg2,jurkat,centred,RPL30,0.12004514247269868,0.9557955588400463,0.6901685314860546,0.1478034292709495
hepg2,jurkat,centred,RNF8,0.28491302097764887,0.632003064147752,0.43680635560022996,0.542260826037666
hepg2,jurkat,centred,MEIS3,0.4938348351697789,0.49662537542976753,0.8950094371532906,0.7407189600693536
hepg2,jurkat,centred,FAM72D,0.16690766814141142,0.3467439738023228,0.15279556512239204,
hepg2,jurkat,centred,ISG20L2,-0.0190043561623216,0.8947160592150415,0.7753649737086558,-0.02281694289861955
hepg2,jurkat,centred,CACNB3,0.33817586664620697,0.5075030308997132,0.6038991363327679,0.6108591552931623
hepg2,jurkat,centred,LAMTOR3,0.2660834581008861,0.5495516957216319,0.5304144593499217,0.49283997023983156
hepg2,jurkat,centred,USPL1,0.06466762641063463,0.6306488989233426,0.06366746342327649,
hepg2,jurkat,centred,CACTIN,0.46740393293410454,0.8681576592848743,0.356129297963265,0.8405996600705093
hepg2,jurkat,centred,NUFIP1,0.09732031989018303,0.0,0.482495017128763,
hepg2,jurkat,centred,RINT1,0.23928094485364132,0.24788561675019596,0.6984824396236635,0.5750488043983075
hepg2,jurkat,centred,NELFE,0.4222408641857426,0.7496238583886825,0.8438464417061008,0.5308928175333141
hepg2,jurkat,centred,USP19,0.07786029391910261,0.567670712727878,0.17818278524460365,
hepg2,jurkat,centred,CNOT11,0.13670475517343808,0.644475185899951,0.6543484971471898,0.21051156821881079
hepg2,jurkat,centred,MYSM1,0.3778549197353004,0.4485841723194295,0.7675962522145934,0.6439270738586724
hepg2,jurkat,centred,LYRM4,-0.031211955672030976,0.20748621374749568,0.2994864782084596,-0.12520963490831755
hepg2,jurkat,centred,NUDC,0.36239148347742517,0.617450400070093,0.8622933132450625,0.49664885146762777
hepg2,jurkat,centred,SETD5,0.24252760789835473,0.0755776590028159,0.4669012062279354,
hepg2,jurkat,centred,LRRC37B,0.18608088736180983,0.18509332070541673,0.5065425291386928,
hepg2,jurkat,centred,WDR55,-0.12943213551859134,0.226436612472907,0.6178683371282635,-0.34603563259262515
hepg2,jurkat,centred,WDR24,-0.16598737221756374,0.6852884832361616,0.3190203150840979,-0.35500066217490345
hepg2,jurkat,centred,LIN54,0.19907526630541622,0.7588310591770139,0.5129899462486229,0.31907320101657444
hepg2,jurkat,centred,PTBP1,0.2622173435284229,0.10946868543851389,0.3539800172299321,
hepg2,jurkat,centred,ZNF506,0.1187762308676558,0.16089024298566632,0.4612510360558599,
hepg2,jurkat,centred,USP9X,0.028870473909426743,0.24004910416529618,0.22574099749471568,0.12402197648427805
hepg2,jurkat,centred,MRPS23,0.35028374315961175,0.5499421929938354,0.5195606507414511,0.6553047792427646
hepg2,jurkat,centred,STAT5A,0.20696106878245416,0.21594719828293601,0.36617063704005076,0.7359920339654822
hepg2,jurkat,centred,NF1,0.24229708096073768,0.43713641396473113,0.5678795696152852,0.48630817156712947
hepg2,jurkat,centred,LURAP1,0.1288325799820644,0.0,0.3372250277044687,
hepg2,jurkat,centred,FBXW7,0.17800432454323617,0.4362287698020066,0.6626597584672136,0.3310763070763561
hepg2,jurkat,centred,RPS19,0.5165382170002034,0.9617815965641049,0.9281800380393015,0.5466987938581599
hepg2,jurkat,centred,NAA10,0.21772577583033761,0.5864486650256647,0.7952771082923682,0.3188126938433044
hepg2,jurkat,centred,YEATS4,0.35680262117091366,0.4415703911108665,0.7702095581582395,0.6118199185981634
hepg2,jurkat,centred,SRSF6,0.30022350154616,0.7289351224890798,0.6873894561788478,0.42412982618487627
hepg2,jurkat,centred,RBM25,0.35158168692009545,0.6592744111563488,0.6820899024627597,0.5242909070328038
hepg2,jurkat,centred,CDC40,0.23927617465224085,0.02053519709434878,0.4653145338473536,
hepg2,jurkat,centred,PPY,0.17697941794559796,0.23124029398258983,0.37595322703644113,0.6002388446924455
hepg2,jurkat,centred,COASY,0.15837467072616337,0.16817365699295247,0.4766160713523006,
hepg2,jurkat,centred,ZNF559,0.3830135295388975,0.33787112209936476,0.5054241137287057,0.9268524431204576
hepg2,jurkat,centred,USP37,0.15562653905260335,0.3951946827943036,0.1791282758489239,
hepg2,jurkat,centred,PPIL1,0.06112972433074864,0.32204075965596834,0.29850020903312846,0.19716267250307543
hepg2,jurkat,centred,GEMIN8,0.16604698009983443,0.36779502255072405,0.4220116840515913,0.4214691778829056
hepg2,jurkat,centred,GABPA,0.3157549126736637,0.7897044475478856,0.841469847880448,0.38734552680928924
hepg2,jurkat,centred,ZBTB11,0.21644970703784183,0.3059688246835324,0.5712427272461902,0.5177356509494785
hepg2,jurkat,centred,ADRM1,0.38812486078447406,0.5626108212699097,0.6575212780888428,0.6381349268205404
hepg2,jurkat,centred,MRPL33,0.20282074802028505,0.08483685251227267,0.4738215964756203,
hepg2,jurkat,centred,GTF2H3,-0.036924556522516305,0.6163523107572313,0.6116684349979838,-0.06013713569555361
hepg2,jurkat,centred,LSM12,0.40724331746441733,0.573362401302419,0.6675121149985751,0.6582786734453848
hepg2,jurkat,centred,ATP6V0B,0.37228578556819536,0.6712019211921727,0.3540745318171809,0.763664345236055
hepg2,jurkat,centred,N6AMT1,0.10276889116246851,0.11146197027622719,0.30716420997013527,
hepg2,jurkat,centred,NEDD1,-0.10011067987540802,0.09181495891460308,0.27876685650916305,
hepg2,jurkat,centred,PFDN6,0.12049870612038298,0.33520847123320885,0.32008558072730153,0.36786785136570144
hepg2,jurkat,centred,EXOSC8,0.5494383829408884,0.8389225039452773,0.7934030413208961,0.6734589713213297
hepg2,jurkat,centred,NUP54,0.4250152979892041,0.5382907806223386,0.4297571916888567,0.8836586131960473
hepg2,jurkat,centred,CCDC115,0.08543824414732487,0.5835700333782473,0.5948017454695065,0.14501726364896134
hepg2,jurkat,centred,TOMM40,0.3855239166736085,0.3781406235983015,0.6447430423791736,0.7807847554933862
hepg2,jurkat,centred,TTC4,0.3659398819590837,0.46041615021602667,0.6275714971965575,0.6807738476435932
hepg2,jurkat,centred,RPL35,0.20288128201666866,0.9701476193554299,0.583734339979532,0.26959724384826134
hepg2,jurkat,centred,MED21,0.4656003844469611,0.5432267339051718,0.6494337659591071,0.7838903719067202
hepg2,jurkat,centred,ZMAT5,0.010758434637028639,0.501999776570452,0.5648462145099291,0.020203760537466302
hepg2,jurkat,centred,ZBTB44,0.12759789728740245,0.4309367821938058,0.3637771304593735,0.32226937659480637
hepg2,jurkat,centred,POLR3E,0.11066667877323799,0.6440778882807187,0.4841319284832179,0.1981827356541987
hepg2,jurkat,centred,EXOSC4,0.5410895531002008,0.8756160170480193,0.9114523985591289,0.6056828885061433
hepg2,jurkat,centred,KEAP1,0.3739938206465355,0.8749106995802358,0.6529078848689022,0.4948306658040268
hepg2,jurkat,centred,MTHFD1,0.17543055661060036,0.2305138792404306,0.7669997659332333,0.4172142044022117
hepg2,jurkat,centred,PES1,-0.01533735722520501,0.8641909550991157,0.8436485138818768,-0.017962422268005047
hepg2,jurkat,centred,WBP1L,0.13233467685377523,0.27508120587562207,0.29782895822257777,0.46233816000381006
hepg2,jurkat,centred,GTF2E1,0.1458832484987814,0.6123294774072695,0.6638826256625631,0.22880588506703153
hepg2,jurkat,centred,RNF14,0.17086145101980446,0.5723671856539035,0.5714126033646386,0.2987664446699087
hepg2,jurkat,centred,HSPA8,0.14844581301702883,0.18436518251371112,0.5698142953232206,
hepg2,jurkat,centred,KLHL11,0.21890838241986163,0.10002202961758108,0.44230842639616486,
hepg2,jurkat,centred,RPL13,0.20187031554639945,0.9290627035875002,0.7704940937058696,0.23859717202021447
hepg2,jurkat,centred,MPG,0.09071278337189831,0.47100240646258373,0.5187020885212608,0.18352614040894985
hepg2,jurkat,centred,PSMB3,-0.06886367735718411,0.8724560689017066,0.14467826795562128,
hepg2,jurkat,centred,BRD8,0.1877334771360642,0.3892682209027663,0.629680058396071,0.3791903523395151
hepg2,jurkat,centred,ELP6,0.250960952545723,0.22843481696498488,0.41832024610152857,0.8118402196857334
hepg2,jurkat,centred,GAR1,-0.002416867410677469,0.30217533665336876,0.6729441522006633,-0.005359617624756064
hepg2,jurkat,centred,RABGGTB,0.12826290275485722,0.6554274917945714,0.6465099944403321,0.1970385105310915
hepg2,jurkat,centred,TREX2,0.22460594960259234,0.6960684121076152,0.3742582735917801,0.44005766328021945
hepg2,jurkat,centred,PRRC2A,0.35093373125898664,0.6119262155512203,0.7415676540055205,0.5209549815153627
hepg2,jurkat,centred,RPS28,0.6154559323126093,0.7655712872400344,0.7929236913587093,0.7899297069482069
hepg2,jurkat,centred,MRPL20,0.35394955466855543,0.3825688070706231,0.49091829337816967,0.81673653634853
hepg2,jurkat,centred,MRPL50,0.18633877003807947,0.11981867093365213,0.5476371366251016,
hepg2,jurkat,centred,CHCHD1,0.2668205065018624,0.5584460009623018,0.4269810353639357,0.5464171460150066
hepg2,jurkat,centred,CARS,0.25582235295674016,0.5178869682058157,0.4962969824598926,0.5046034091807394
hepg2,jurkat,centred,RPS12,0.6382687198814844,0.9085913909797992,0.737510057500539,0.7797139041603796
hepg2,jurkat,centred,FDXR,0.06490092025809725,0.4133512868409486,0.38593223533913934,0.16249338297849114
hepg2,jurkat,centred,ARGLU1,0.2977249381225049,0.748691507193009,0.6595277462497273,0.42368903513620343
hepg2,jurkat,centred,CCND3,-0.12232828539902822,0.4392498827269508,0.0,
hepg2,jurkat,centred,CASP8AP2,0.07106301422554281,0.2620356773365101,0.029079492769036618,
hepg2,jurkat,centred,NOL12,0.02480951449400771,0.758674357624921,0.7635569674890064,0.03259641515620609
hepg2,jurkat,centred,CD2BP2,0.1987536089267172,0.27174337192356607,0.49636760252918116,0.5411701446172779
hepg2,jurkat,centred,UPF3A,-0.02062092685792825,0.3395568253868012,0.2626626217686948,-0.06904827163087866
hepg2,jurkat,centred,ATP5F1A,0.30412962845502867,0.7429275683142154,0.5856156092435353,0.4610830658185998
hepg2,jurkat,centred,TLN1,0.23868002733937987,0.3176273020241259,0.39406086812670865,0.6746453187477482
hepg2,jurkat,centred,MCM10,-0.021359098708904428,0.4664351821041837,0.05221469582370429,
hepg2,jurkat,centred,PPA1,0.403513420028536,0.6300539241520793,0.6738084374044926,0.6192997435697254
hepg2,jurkat,centred,PRDM10,0.07517540683318671,0.35736030488078996,0.5616796286561905,0.16779472189026584
hepg2,jurkat,centred,COX17,0.030842127812822348,0.3217052293745348,0.3770873377238453,0.08855116875140555
hepg2,jurkat,centred,WARS,0.37079892737525016,0.5853304803138013,0.5850166752349671,0.6336563282890701
hepg2,jurkat,centred,PFDN2,0.601923230019132,0.7438653209620183,0.7237560215042141,0.8203474891877056
hepg2,jurkat,centred,HNRNPR,0.3232070148088719,0.4540240084173876,0.5542899898097308,0.6442773311035218
hepg2,jurkat,centred,GSK3B,0.14447619707927373,0.619353470609435,0.6151049114630851,0.23407359022579932
hepg2,jurkat,centred,AKIRIN2,-0.041743717973888365,0.569496686224709,0.3539378420094885,-0.09297839126046557
hepg2,jurkat,centred,ATP5PO,0.2765504349564424,0.37412001401769956,0.6749933339710098,0.5503248614761178
hepg2,jurkat,centred,PEX1,0.0014330064610544061,0.467649023781435,0.4070906525992242,0.003284298086275762
hepg2,jurkat,centred,PGK1,0.43422958407043205,0.6827075822428081,0.7017956129224627,0.627330959511416
hepg2,jurkat,centred,OR7A17,0.14708271815125115,0.44719612292367433,0.36591197847436324,0.36360037210431706
hepg2,jurkat,centred,AHCTF1,0.09482941650564662,0.5094929010904305,0.15321617354932468,
hepg2,jurkat,centred,CWF19L2,0.264270758794085,0.44357204919856463,0.7062073502241587,0.4721727384982481
hepg2,jurkat,centred,SF3B2,0.28121533285935435,0.7368274972445686,0.28213635529265313,0.6167747104452023
hepg2,jurkat,centred,POGZ,0.09921060846769765,0.1791518049989216,0.3259901376619582,
hepg2,jurkat,centred,RPS11,0.6257815462853468,0.9055840359947268,0.6974792932891817,0.7873951105516497
hepg2,jurkat,centred,TIMM9,0.18852544046055258,0.0,0.5962522627163269,
hepg2,jurkat,centred,WAC,0.05678012367344909,0.34529112331793343,0.6279479554478953,0.12193876773380838
hepg2,jurkat,centred,SLBP,0.4664576335018634,0.5671857852615609,0.7988037319555253,0.692994029551187
hepg2,jurkat,centred,POLR3C,0.26105577129912255,0.5255044511247218,0.6543023615557839,0.4452007173797365
hepg2,jurkat,centred,POLR2L,0.04965158333645573,0.4624127834774354,0.0,
hepg2,jurkat,centred,AAMP,0.14769490527255158,0.23633428878267657,0.5576656421024161,0.40683209051408065
hepg2,jurkat,centred,SNRPG,0.16422986331886036,0.7938178168098385,0.18829055597439842,
hepg2,jurkat,centred,EIF3M,0.5289590218267163,0.9248517248198702,0.9068217853069978,0.5775970957467955
hepg2,jurkat,centred,TIMM13,0.31930071185413067,0.6093700766828699,0.6757275645795139,0.4975921347795777
hepg2,jurkat,centred,C7orf50,0.06535089703746967,0.5220670541285859,0.2533300325484648,0.17969875582739278
hepg2,jurkat,centred,SPATA5,0.08191941835044485,0.4440408559084794,0.4577410522419687,0.18170440783641365
hepg2,jurkat,centred,PTPN11,0.46095702476019734,0.6667418904257151,0.6094410547115494,0.7231288912597139
hepg2,jurkat,centred,MRPS5,0.06512558601706843,0.5261157285339948,0.4120587047269482,0.13987221583605014
hepg2,jurkat,centred,BYSL,0.17309104032680805,0.9046638475897365,0.8158449813353817,0.20147777557846552
hepg2,jurkat,centred,HMGCS1,0.5820621326638092,0.6297113608779069,0.8054394827563088,0.8173011771063582
hepg2,jurkat,centred,ACTR1B,0.050659066237910305,0.2646904915275872,0.4907727805743866,0.14055547799351917
hepg2,jurkat,centred,TMED10,0.4499029872625283,0.632081226076181,0.7016013107080241,0.675596257873233
hepg2,jurkat,centred,STARD7,0.05503958737935483,0.31337527293117867,0.08709378032548233,
hepg2,jurkat,centred,SFSWAP,0.18332244269280462,0.6589187785876981,0.2660222920072025,0.43786544924067644
hepg2,jurkat,centred,MRPL19,0.3348616499537725,0.4617228579284224,0.5906086754692469,0.6412462142941363
hepg2,jurkat,centred,WDR54,0.24425279975459763,0.7204323159107892,0.47160566728204034,0.4190380403989336
hepg2,jurkat,centred,MPHOSPH10,0.46595818351937923,0.8750587451022396,0.8350330462804663,0.5451004083708424
hepg2,jurkat,centred,C1orf131,0.3277586537238118,0.7807004648174543,0.8013507112893861,0.41438176389161796
hepg2,jurkat,centred,EXOC5,0.24615013817071357,0.6434932918474817,0.6062165638925324,0.3941070216898587
hepg2,jurkat,centred,ACTR6,0.26027293465868195,0.5303560759440547,0.7714717754402748,0.4068976799966808
hepg2,jurkat,centred,GPR61,0.05369735986586154,0.22520378827036897,0.4115579497581475,0.17638010219901637
hepg2,jurkat,centred,TIPIN,-0.022024916766270167,0.2675092652292062,0.4140287506773627,-0.06618043410555564
hepg2,jurkat,centred,SF3A1,0.1183671168167049,0.49832569304297686,0.27359734104578354,0.32056676408433843
hepg2,jurkat,centred,RBM39,0.09576650146118848,0.6069034534723982,0.0,
hepg2,jurkat,centred,CDC45,0.08533103217561556,0.041403200173751695,0.5527184909106199,
hepg2,jurkat,centred,BRF1,0.07075186649593027,0.20045993333584214,0.6359777311314762,0.19815414260230405
hepg2,jurkat,centred,PLA2G10,0.25804199042504966,0.1425643535204432,0.37338101950274394,
hepg2,jurkat,centred,OVCA2,0.14847264585980854,0.3710459600242758,0.26559523946868036,0.47295786406793316
hepg2,jurkat,centred,LSM2,0.23116879664181003,0.8087863664108116,0.1936825358405449,
hepg2,jurkat,centred,PMPCA,0.26718799560697015,0.5070782604412393,0.7431876470044912,0.4352414063366754
hepg2,jurkat,centred,GUK1,0.3744658901702627,0.6424691886431257,0.39027030902698734,0.7478308134391146
hepg2,jurkat,centred,MTBP,0.526569519894757,0.7725839683047468,0.941866388591856,0.6172885497613325
hepg2,jurkat,centred,TUBA1C,0.38177358782970205,0.32655067612909516,0.3806486645958991,1.0828503231272246
hepg2,jurkat,centred,MZF1,0.11165363059608942,0.5196305641197525,0.4453271782652727,0.23210575298157923
hepg2,jurkat,centred,VEZT,0.11247933972373414,0.3962434118779316,0.46796045204807096,0.2612084097128417
hepg2,jurkat,centred,PFDN1,0.106318860847135,0.20431784684458054,0.4910300963618141,0.3356627182017008
hepg2,jurkat,centred,RPS13,0.7449406667041246,0.9745730529363404,0.9604975751666901,0.7699567797065813
hepg2,jurkat,centred,GABPB1,0.4345500376256224,0.6974305036613815,0.5906314027622213,0.6770660783665434
hepg2,jurkat,centred,SLC7A6OS,0.3294990966423368,0.7347004752363943,0.5757903383533554,0.5066019781539526
hepg2,jurkat,centred,PRPF4B,0.18098529105961056,0.44290838193401666,0.6036783939486781,0.3500124678437718
hepg2,jurkat,centred,ERAL1,0.2338595453261272,0.2691796369185677,0.416082805017966,0.6987858709301458
hepg2,jurkat,centred,CHEK1,0.0135657401205241,0.3575831807757779,0.0,
hepg2,jurkat,centred,NHP2,0.2509292136442948,0.38070043164883266,0.8278417691855626,0.44697771747623927
hepg2,jurkat,centred,ZNF676,0.053950402047038326,0.120330826323793,0.03514951557131225,
hepg2,jurkat,centred,SP2,0.13891019683670294,0.0,0.14863640754869328,
hepg2,jurkat,centred,ECT2,0.17201473338854997,0.2016970888724127,0.06757214742305274,
hepg2,jurkat,centred,EIF3I,0.5861490369584462,0.9716790671260158,0.811832864237435,0.659953472341325
hepg2,jurkat,centred,SUPT5H,0.34647908416081846,0.8247737091860906,0.512924386878462,0.5327003037103895
hepg2,jurkat,centred,ATP6V1F,0.35000955661879407,0.7031330968802725,0.5707858319262618,0.5524901500903316
hepg2,jurkat,centred,ZC3H8,0.46718228089532804,0.5938554917924828,0.5977550713301507,0.7841232647722114
hepg2,jurkat,centred,CDC123,0.21983814284058756,0.6560546060931761,0.5648796351970483,0.36112295296075714
hepg2,jurkat,centred,HMGB1,0.16680888814731423,0.668622778823324,0.19203992764938527,
hepg2,jurkat,centred,RPL37A,0.2661343211900383,0.9598837611168674,0.8606148450997951,0.29281083750175785
hepg2,jurkat,centred,LAMTOR2,0.12485827228299681,0.12429649643872712,0.4677987894802838,
hepg2,jurkat,centred,RPS15,0.642858870903188,0.9212763801571426,0.7553751510030555,0.7706183136287146
hepg2,jurkat,centred,HNRNPDL,0.37446690405075006,0.5817737221692033,0.6154925126225305,0.6257847891006341
hepg2,jurkat,centred,SF3A3,0.4868766579920954,0.8211760000858616,0.47584558091583123,0.7788750814576342
hepg2,jurkat,centred,MRPS33,0.18755726162946754,0.6163340246394664,0.4046734062650325,0.37555494004022355
hepg2,jurkat,centred,BRD2,0.2940939598019134,0.6605303596064085,0.7528436332156624,0.4170492284923658
hepg2,jurkat,centred,HTATSF1,0.34266872455634967,0.33202782740168796,0.32234388020131033,1.0474360366554736
hepg2,jurkat,centred,POLD1,0.20716218424707755,0.8131240179502545,0.5347608868466518,0.31416099901918343
hepg2,jurkat,centred,SLC39A9,-0.14110434768319335,0.4065030644933742,0.4567601727347501,-0.3274646082415829
hepg2,jurkat,centred,TAF1A,0.08637382045404882,0.28113719974643625,0.6250402567632415,0.20604827229776798
hepg2,jurkat,centred,EPRS,0.5612790064211679,0.8145047120552693,0.7656001803204118,0.710773102265988
hepg2,jurkat,centred,WDR75,0.2697297405784888,0.8124625329469117,0.892743067815225,0.3167115634552713
hepg2,jurkat,centred,RPL28,0.35683060224958446,0.4997642059337821,0.7101999742789668,0.5989481018075047
hepg2,jurkat,centred,DSN1,0.09679088872096893,0.21315289713030855,0.36769887675892254,0.34573448972428483
hepg2,jurkat,centred,MRPS14,0.34504147065929647,0.672198963834288,0.6184405490185281,0.5351473736295262
hepg2,jurkat,centred,SDR39U1,0.0650867256032727,0.15442458102287968,0.5853795769695306,
hepg2,jurkat,centred,NCAPG,-0.16192123563703306,0.0,0.23796785672301574,
hepg2,jurkat,centred,CUL2,0.10503368939826332,0.6532208283128587,0.7267264824175282,0.152444975724446
hepg2,jurkat,centred,EIF4A1,0.3718789561995124,0.6882287339392669,0.7466616174560711,0.518768132127763
hepg2,jurkat,centred,SARNP,0.26595992120839185,0.22905078082597516,0.3820921157893537,0.8990136154277976
hepg2,jurkat,centred,SP1,0.3061744235574469,0.5898948491781816,0.7074731754914356,0.4739435507571716
hepg2,jurkat,centred,UNC50,-0.03934649173964311,0.3776699184665769,0.1901594495503153,
hepg2,jurkat,centred,EXOSC1,0.17409188969937298,0.448878998884659,0.546279231972086,0.351565743407738
hepg2,jurkat,centred,TSSK3,0.14207806645745433,0.007847341031881547,0.4406247957436677,
hepg2,jurkat,centred,REXO2,0.12845429641704126,0.545323638040759,0.4008103721870587,0.27475904435493287
hepg2,jurkat,centred,SMG8,0.3181070700154184,0.24482867046132367,0.6236572332826322,0.8140839688440478
hepg2,jurkat,centred,PGPEP1,0.0680187416756787,0.36340902298671585,0.0,
hepg2,jurkat,centred,NELFCD,0.4293079103404936,0.6928467771571908,0.8639245980442045,0.5548969917625491
hepg2,jurkat,centred,MED30,0.5148415131225419,0.8044675051898176,0.8172504315112552,0.6349532136059244
hepg2,jurkat,centred,POTEI,0.06962232737749381,0.15163637765452817,0.39193127852542853,
hepg2,jurkat,centred,TAF7,0.4457697223143181,0.6435598414300746,0.7997712609043676,0.6213455636267374
hepg2,jurkat,centred,CLPB,-0.04837434451423741,0.46198323519674583,0.4361219529818672,-0.10777003185650663
hepg2,jurkat,centred,POP1,0.10331924625084017,0.797716353104924,0.8383347665320467,0.12634214415817382
hepg2,jurkat,centred,PIK3C3,0.18732963081165688,0.2933792337831633,0.29428503197651174,0.6375403925434168
hepg2,jurkat,centred,DGCR8,0.37422947302539966,0.3903583783071948,0.6335507922853136,0.7525156152941542
hepg2,jurkat,centred,DOHH,0.36900603153546285,0.8063019979186333,0.6415352760192199,0.5130672881258395
hepg2,jurkat,centred,C1D,0.259613231262688,0.44712477785870813,0.4011007846305443,0.6130356038267493
hepg2,jurkat,centred,GTF2F1,0.11219121436243798,0.0,0.21334016585646243,
hepg2,jurkat,centred,ZFC3H1,0.4811859958564097,0.5337659642582496,0.6947985972398725,0.7901473251040582
hepg2,jurkat,centred,MTPAP,0.469747806335714,0.32863762416194475,0.7517827477562785,0.9450612188329444
hepg2,jurkat,centred,MOCS3,-0.09147889311065066,0.3557429691386882,0.49520991183774926,-0.21795060251086695
hepg2,jurkat,centred,NAA30,0.06265132098163315,0.3906972188481877,0.48727620269838195,0.14358942998450186
hepg2,jurkat,centred,TUBGCP3,0.051880596658573364,0.0,0.0,
hepg2,jurkat,centred,RPUSD4,0.12040435127576157,0.296585331119472,0.5652721941883908,0.29406174965803794
hepg2,jurkat,centred,PELP1,0.11178354570383117,0.9040152703096435,0.7928208655843749,0.1320390716116918
hepg2,jurkat,centred,CYFIP1,0.1264025577932107,0.46423685360680744,0.32908677178807083,0.3233931691741602
hepg2,jurkat,centred,RBM4,0.2633984634071993,0.45680383943349645,0.43723978302615213,0.5893706833862824
hepg2,jurkat,centred,RNF40,0.025542242205697,0.4606153022746638,0.6960553310498834,0.04510949403430826
hepg2,jurkat,centred,AAR2,0.10446829587053966,0.4743196569668759,0.5553152120312111,0.20355377618236015
hepg2,jurkat,centred,RBM48,0.3048109025100371,0.5909258423157581,0.8134093573184711,0.4396523747446546
hepg2,jurkat,centred,GTF3C2,-0.06821613748094707,0.6803990692133834,0.6133727989638977,-0.10559491709409893
hepg2,jurkat,centred,FAM32A,0.2956062037261718,0.8125040546443866,0.4309967434152859,0.4995325371329332
hepg2,jurkat,centred,SDC1,0.13397980692125205,0.12967368563647025,0.8105786734704253,
hepg2,jurkat,centred,NOP56,-0.028824677778814457,0.3990109897868106,0.2504224812840252,-0.09118751386059507
hepg2,jurkat,centred,USP7,-0.02959740266071458,0.1578256975670203,0.31059767434329894,
hepg2,jurkat,centred,WDR46,0.34230740276031524,0.7173194588477952,0.7887324507636335,0.45508773447550405
hepg2,jurkat,centred,SPOUT1,0.025355596796985236,0.5638549044228008,0.7207438320941466,0.03977403839426316
hepg2,jurkat,centred,VPS28,-0.004341187247064613,0.6096712899073086,0.26471593685966077,-0.010806140313543247
hepg2,jurkat,centred,MVD,0.25007275897322045,0.48979253492185365,0.6582920582993117,0.4404037384210475
hepg2,jurkat,centred,CENPP,0.007751498141012996,0.2769527734176973,0.5587943512426985,0.019704108229957277
hepg2,jurkat,centred,UTP15,0.2745768661494989,0.8555836587948682,0.8538513472148126,0.32124884089990074
hepg2,jurkat,centred,PRPF39,0.1309412639566214,0.19535888875017615,0.5898241603539109,
hepg2,jurkat,centred,RBM15,0.33951036337362894,0.7269970386953745,0.5147219740054101,0.5550094271842213
hepg2,jurkat,centred,DCTN5,-0.015806758922008286,0.29168931455987884,0.07912952833818702,
hepg2,jurkat,centred,CEP68,0.15163597076227195,0.4026636574303647,0.4940104653091499,0.33998749551539986
hepg2,jurkat,centred,EIF2S3,0.23136124743319098,0.9239594338467189,0.246622505236912,0.48467186811642987
hepg2,jurkat,centred,HDAC7,0.07910497909987191,0.31347684263446696,0.22048031902376597,0.3008958333392906
hepg2,jurkat,centred,HERC1,0.14683716302449826,0.497573314902375,0.6864837933020242,0.251242033760989
hepg2,jurkat,centred,HYOU1,0.489478017640149,0.3865031762726609,0.7135610440803336,0.932054038850077
hepg2,jurkat,centred,ZCRB1,0.2705241101298762,0.571261176213217,0.7426793946227839,0.4153248672139058
hepg2,jurkat,centred,DHODH,0.2256045936981553,0.41175243893015656,0.6698973029877524,0.42956187915947874
hepg2,jurkat,centred,RNF113A,0.5349303925595912,0.8034552798279612,0.8254299998871304,0.6568652610420828
hepg2,jurkat,centred,ASCC3,0.21687869106797666,0.6463532542841617,0.8178311476803032,0.2982978273033797
hepg2,jurkat,centred,WNK1,0.12297865649993492,0.10381548715809406,0.3655991013428663,
hepg2,jurkat,centred,MRPL44,-0.03629826724497128,0.33851128132107533,0.5040973065309118,-0.08787030462295777
hepg2,jurkat,centred,BTAF1,0.3585087634150631,0.554298341016051,0.6392717722864957,0.602261667987951
hepg2,jurkat,centred,SUPT16H,0.33947763970585854,0.5377219359385562,0.8466633956801302,0.5031261671516929
hepg2,jurkat,centred,YTHDC1,-0.027792488356418756,0.8331520610190855,0.17431483293134725,
hepg2,jurkat,centred,TDGF1,0.07252369220489398,0.1940031914246684,0.07348636758920414,
hepg2,jurkat,centred,EIF3H,0.1785875675442505,0.0,0.8338892732800169,
hepg2,jurkat,centred,EMC4,0.12060366352209964,0.5759949570189591,0.6643455726490552,0.19496387015116026
hepg2,jurkat,centred,BCLAF1,0.4710484981944307,0.5498933931913832,0.6051156137159659,0.8165958962084754
hepg2,jurkat,centred,PHF5A,0.39853750045395814,0.45633628914410224,0.7023312043787405,0.7039725211374736
hepg2,jurkat,centred,COPG1,0.19268853142726847,0.42863031455390815,0.45608606756096176,0.43580380973001537
hepg2,jurkat,centred,RAD51,0.15886072856849967,0.561537837265801,0.14367545479307783,
hepg2,jurkat,centred,TMEM161B,0.09554652203062183,0.6166181044970002,0.5207849247406701,0.16860775468007078
hepg2,jurkat,centred,POLG,0.24899356884732227,0.29993233835334315,0.4819020394223189,0.6549333430702519
hepg2,jurkat,centred,MRPL55,0.20302127095167158,0.41021291162613976,0.5017568588569038,0.44749709498570006
hepg2,jurkat,centred,CLK2,0.1647212436129188,0.015041888352793152,0.2579637307907716,
hepg2,jurkat,centred,RPAP3,0.4044421066556529,0.7040514946765674,0.8082297811476399,0.536150514345766
hepg2,jurkat,centred,HIST2H2AA3,0.045684186911590534,0.14034235012036256,0.21174469812005667,
hepg2,jurkat,centred,C1QBP,0.1280121595192816,0.461896895044676,0.1814511902002885,
hepg2,jurkat,centred,NDUFB4,0.43284793874404864,0.5606840255682665,0.7222621457019666,0.6801877958785885
hepg2,jurkat,centred,PSMC6,0.1301949550070021,0.7483635273915465,0.10732624234591501,
hepg2,jurkat,centred,ARMC7,0.37624819639552537,0.690981085352665,0.7477921832242997,0.5234206910963719
hepg2,jurkat,centred,SBNO1,0.368548899596533,0.665031041813769,0.5122938920382112,0.6314145293809657
hepg2,jurkat,centred,ANAPC10,0.2206467897347448,0.33394261643929524,0.6029980349007931,0.49170400075578924
hepg2,jurkat,centred,AARS,0.49351273813327173,0.8926517713804496,0.666731633592736,0.6397080276759763
hepg2,jurkat,centred,SBDS,0.17090957563048872,0.0,0.46071755934529535,
hepg2,jurkat,centred,LARS,0.47162158932414705,0.860919807312347,0.7127765237692568,0.602054260371064
hepg2,jurkat,centred,SLC16A5,0.23035601582655157,0.2776466988325929,0.7879804355780883,0.49248792191198076
hepg2,jurkat,centred,BRF2,0.00015340970782809894,0.36207300132010306,0.0,
hepg2,jurkat,centred,TP53RK,0.3699163699905908,0.30996710631024155,0.6776685356245153,0.8071180975315178
hepg2,jurkat,centred,UQCRC1,0.21210335854677098,0.25282242982561687,0.42776693709816094,0.6449649855256571
hepg2,jurkat,centred,PSMB7,0.2171514489339213,0.007940709448903061,0.37947971918490864,
hepg2,jurkat,centred,CTR9,0.24411364193737956,0.4705210348560958,0.4222274914109711,0.5476830177222001
hepg2,jurkat,centred,ZNF658,0.03909635129959045,0.18811172854800312,0.2092259258289765,
hepg2,jurkat,centred,IPO9,0.12035911880780555,0.005142261363918104,0.6467021521198278,
hepg2,jurkat,centred,ELOF1,0.3292276425318727,0.33326509308776103,0.7863016435063892,0.6431418742679286
hepg2,jurkat,centred,KRT10,0.2549347712249079,0.7283321848887159,0.5356488897024765,0.4081541518974463
hepg2,jurkat,centred,TAF1C,0.09838838279241685,0.03295790931825658,0.5181355940381782,
hepg2,jurkat,centred,ATXN10,0.13892727314065928,0.1970793975508663,0.5180512219766795,
hepg2,jurkat,centred,ATP5PD,0.394320117064759,0.8927568311374604,0.7794055856587734,0.47271630918412266
hepg2,jurkat,centred,DNAJA3,0.5294335866708868,0.5116405544523145,0.787744951685073,0.8339426670172232
hepg2,jurkat,centred,HAUS7,0.17647176065214723,0.3715787399302139,0.198018130266024,
hepg2,jurkat,centred,ELAC2,0.1812813561388011,0.37300311251186397,0.6598018374224897,0.3654181825080607
hepg2,jurkat,centred,OR4F4,0.14798029262347417,0.3872411912472155,0.19588051896617426,
hepg2,jurkat,centred,PYURF,0.15302839801466006,0.5918084051259209,0.6321575919295347,0.25018933247778685
hepg2,jurkat,centred,URM1,0.2845692952254875,0.13051144632438255,0.5514011278040627,
hepg2,jurkat,centred,NOMO1,0.18040450756601048,0.4535145180431867,0.49843209279486816,0.3794449598942095
hepg2,jurkat,centred,RAD51C,0.03915598237263119,0.39100943159053025,0.595211242651761,0.08116502837760085
hepg2,jurkat,centred,TBC1D28,0.28679864675264366,0.3539518326770291,0.6031819577932284,0.6206987115101648
hepg2,jurkat,centred,MRPS35,0.3473356587485687,0.36621490849744626,0.6917349103609486,0.6900991851950444
hepg2,jurkat,centred,BARD1,-0.0635506665430122,0.17367254337397686,0.3348183552668665,
hepg2,jurkat,centred,DDX20,0.5592162264964493,0.7995186063422225,0.7922816902988937,0.7026283474442094
hepg2,jurkat,centred,UBA3,0.2889282367065016,0.5797173589795628,0.6567811957609243,0.46824320053848373
hepg2,jurkat,centred,SFPQ,0.15675146084247008,0.8723282722020699,0.18446134656504914,
hepg2,jurkat,centred,CENPC,-0.09972866792079195,0.23345655719049538,0.07372203780053412,
hepg2,jurkat,centred,CA5A,0.18245963660604184,0.6262499807882621,0.3419883814379253,0.39426412998251154
hepg2,jurkat,centred,RPL37,0.08629442666370968,0.670327122259807,0.43867651146720366,0.15913553230541716
hepg2,jurkat,centred,URB2,0.08674058799273994,0.8607719413002902,0.7708972432057953,0.1064829476180742
hepg2,jurkat,centred,PIGH,-0.004896953811569887,0.14816505650035883,0.371729561435246,
hepg2,jurkat,centred,TFAP4,0.2248327881529754,0.32093723887825826,0.09936507476821678,
hepg2,jurkat,centred,PSMD6,-0.04025246099918884,0.8202180543717253,0.16153311002638707,
hepg2,jurkat,centred,CCT5,0.11508771776413673,0.841950756737681,0.0,
hepg2,jurkat,centred,CCNK,0.36003050042804574,0.729259473618559,0.5752689667924737,0.5558566184946695
hepg2,jurkat,centred,DMRTA2,0.3291624395787037,0.6040947916317058,0.2542402859557423,0.8399153968664205
hepg2,jurkat,centred,HARS,0.6332275762674917,0.8931672832923757,0.8738578844064312,0.716758763903958
hepg2,jurkat,centred,TIMM8A,0.08978798033811446,0.5237917486718778,0.41988580302069617,0.1914578956057378
hepg2,jurkat,centred,NOP9,0.07852293989994755,0.35077529928449647,0.5867985746742062,0.1730762688440892
hepg2,jurkat,centred,ELP5,0.5780014961014349,0.6171857899816144,0.8000151585816011,0.8225681610411869
hepg2,jurkat,centred,TOMM22,0.6275175862647753,0.7753085292785268,0.8794058043959901,0.7599656392439493
hepg2,jurkat,centred,JMJD6,0.2639296756172179,0.6447630589759729,0.5700589872715212,0.4353396782925941
hepg2,jurkat,centred,PPME1,0.15337957265787985,0.10576637602139045,0.47923515406697936,
hepg2,jurkat,centred,C19orf53,0.21659722435810225,0.38147030743646726,0.5678228693740753,0.4653889606127637
hepg2,jurkat,centred,VPS37C,0.21193138995620087,0.4498808846801991,0.30304937283170397,0.5739708299050919
hepg2,jurkat,centred,EIF3L,0.6251267986020405,0.6144720855261189,0.8305740667862282,0.8750398960956999
hepg2,jurkat,centred,PRPF40A,0.2947884258708496,0.6025657941655546,0.47773269837496646,0.5494342228706289
hepg2,jurkat,centred,RPL5,0.3435740961403864,0.9244457021143858,0.8539635074724035,0.3866874281228484
hepg2,jurkat,centred,RPL34,0.24438061794521795,0.9172331180123866,0.7335980101348218,0.29791874013905106
hepg2,jurkat,centred,LSM10,0.28793882845405966,0.5336873773939063,0.5588844710324972,0.5272246976287618
hepg2,jurkat,centred,CD8B,0.3281720940333713,0.5911513382083239,0.5322284552523214,0.5850638499650955
hepg2,jurkat,centred,MIS18A,0.0070141360350037055,0.0,0.21022944214363243,
hepg2,jurkat,centred,SEC62,0.04109366493742407,0.40102472236238357,0.36652309501145347,0.10718613955133341
hepg2,jurkat,centred,CMTR1,0.5520399930175438,0.7569508172452961,0.8639111737717362,0.682656398217709
hepg2,jurkat,centred,MRPL43,0.29197709112708686,0.19709337393100781,0.5520542746381989,
hepg2,jurkat,centred,ATP1A1,0.18075599344054247,0.6089670207226193,0.46162245528069107,0.3409199030737373
hepg2,jurkat,centred,PRPF31,0.265332641274283,0.8868293816794938,0.37478797610883735,0.46023306704306544
hepg2,jurkat,centred,CAD,0.19755426737023324,0.0,0.4333738511056739,
hepg2,jurkat,centred,COPA,-0.17330878974340874,0.53161879904128,0.11709163413430873,
hepg2,jurkat,centred,PPP1R12A,0.10184741081059115,0.3864322137844027,0.36223250885904035,0.27221974281811073
hepg2,jurkat,centred,SPTLC1,0.1369442262309398,0.21164625958852074,0.2807313363144949,0.5618145483512769
hepg2,jurkat,centred,DR1,0.27607643484191446,0.2541923606687948,0.587466991239972,0.714424527231556
hepg2,jurkat,centred,SKP2,0.0771638928859238,0.37236175076385625,0.3808705826312718,0.20490043601965205
hepg2,jurkat,centred,DYNC1H1,-0.0448290415189404,0.3732321767075502,0.1667027522682394,
hepg2,jurkat,centred,PAF1,0.3119366901489601,0.7849320665228328,0.4675122414895046,0.5149368006911755
hepg2,jurkat,centred,MTG2,0.1359930155580874,0.5120717857659869,0.5244560850809828,0.26241980950294885
hepg2,jurkat,centred,SNRNP70,0.27193596530874853,0.8802273502359752,0.022143628593424232,
hepg2,jurkat,centred,GCOM1,0.1772359480198049,0.5909990268011915,0.2577610978525788,0.4540981612339378
hepg2,jurkat,centred,CHMP4B,0.022589363532124252,0.27418178585414643,0.34369502373772487,0.07358648730418768
hepg2,jurkat,centred,METTL1,0.1608621409537056,0.45258452354203993,0.4645835614918811,0.35081008965993066
hepg2,jurkat,centred,NOL11,0.12684365128803674,0.8426236841664662,0.8837130875249218,0.14699286700791023
hepg2,jurkat,centred,HNRNPK,0.4618687825540371,0.783666432031692,0.40654386562124645,0.8182749969587021
hepg2,jurkat,centred,CSNK1A1,0.2363795099072735,0.3211610278639318,0.6999440482728069,0.4985592126242634
hepg2,jurkat,centred,RPL31,0.2418808203839062,0.9630914928348553,0.5039352189273925,0.34720046962813667
hepg2,jurkat,centred,RFC3,0.29644681308505094,0.5006582268628577,0.4047290580568547,0.6585578247997411
hepg2,jurkat,centred,HPS5,0.29894493902907354,0.43872685344139434,0.5692040808819151,0.5982188508459452
hepg2,jurkat,centred,BAG6,0.3837579359344995,0.5113144190811149,0.610855021986054,0.6866639939562161
hepg2,jurkat,centred,UNC45A,0.22394627216217997,0.38292683889850265,0.42274368167224313,0.5566053437872382
hepg2,jurkat,centred,XRCC3,0.19723096358070177,0.3918537337033174,0.6007412939973522,0.4065082454194293
hepg2,jurkat,centred,TAF5,0.6058437408691127,0.8677040842926735,0.8274890394796593,0.7149796477679342
hepg2,jurkat,centred,SKA3,0.31514327791018565,0.3528886530485407,0.5600554054277512,0.7088816008343221
hepg2,jurkat,centred,MIPEP,-0.03246687832500813,0.587437528208822,0.26820416996487567,-0.08179503198990672
hepg2,jurkat,centred,GNB1L,0.14984553308823517,0.4117057296501672,0.2851270878135616,0.4373519894372658
hepg2,jurkat,centred,POLG2,0.13413416768767883,0.2947009764547554,0.582668000379506,0.3236965327574486
hepg2,jurkat,centred,TARS2,0.2074343189255253,0.5194479982238785,0.5903914944896608,0.3745756356431341
hepg2,jurkat,centred,ALG14,0.10860687831650948,0.21641019656289873,0.33683450770231094,0.4022630874408974
hepg2,jurkat,centred,TOE1,0.029150568271633835,0.6581119480223089,0.46686852835521175,0.05258959644315092
hepg2,jurkat,centred,DPH1,0.1792054350321613,0.6329531818304468,0.5937074511383079,0.29233386844458736
hepg2,jurkat,centred,TEN1,0.21681201061418245,0.6265759168527114,0.25676495710557545,0.540540964187933
hepg2,jurkat,centred,UQCRFS1,0.03923492866938534,0.33843182042840286,0.7075190830259686,0.08018039535580067
hepg2,jurkat,centred,CDK12,0.18060686554815616,0.06398076112827558,0.40020042056562866,
hepg2,jurkat,centred,MARS2,0.00909405239910483,0.0,0.23036611333344958,
hepg2,jurkat,centred,RPS19BP1,0.28416449708834507,0.7531377912161523,0.8002758080796047,0.3660266884576423
hepg2,jurkat,centred,ARHGAP11B,-0.032868084075319014,0.3654832204173016,0.3237765541890564,-0.09554720103676392
hepg2,jurkat,centred,USP8,0.04161498165368131,0.0,0.5734058788678419,
hepg2,jurkat,centred,HAUS8,0.11100458763846731,0.2582707312250659,0.4795939096332773,0.31540349546706214
hepg2,jurkat,centred,PSAT1,0.43557750120297273,0.7315967458392054,0.5539609527768267,0.6842108862740512
hepg2,jurkat,centred,AARS2,0.18488424897589079,0.1599855574272183,0.24729757439375388,
hepg2,jurkat,centred,CDC7,-0.026142079735899472,0.0,0.25233290022604327,
hepg2,jurkat,centred,CYS1,0.21973408214773016,0.582201485210677,0.6336305687141164,0.36177846265027264
hepg2,jurkat,centred,MARS,0.6351485427726181,0.7354445400443833,0.764155729741303,0.847245761815317
hepg2,jurkat,centred,TMA16,0.16623847057399163,0.640474525866632,0.6665371255315252,0.25443006687776565
hepg2,jurkat,centred,COX5A,0.29850741912848455,0.7677966003803847,0.8341333000029751,0.37300470292315774
hepg2,jurkat,centred,TOR2A,0.18776587431446132,0.6302503845874413,0.271554360284483,0.4538702469397841
hepg2,jurkat,centred,NRF1,0.46883198676035603,0.5635250491370071,0.8353879363419667,0.6833080260560482
hepg2,jurkat,centred,YAE1,0.4637112287090353,0.1010947714702344,0.7695023368333157,
hepg2,jurkat,centred,NASP,0.37222176841679433,0.413553226934999,0.7055634294596234,0.6890774372971044
hepg2,jurkat,centred,EFR3A,0.14188182073890748,0.4039397026885173,0.5376963103282685,0.30443876684095905
hepg2,jurkat,centred,CYC1,0.20099806111681212,0.48255719753374476,0.537620075427382,0.3946205799883383
hepg2,jurkat,centred,UBAP1,0.21452782830374437,0.6801385223309631,0.6082104109958283,0.3335477571129834
hepg2,jurkat,centred,MFN2,0.31602779573841766,0.7484625350570183,0.37025526784032464,0.6003294181816755
hepg2,jurkat,centred,PSMB1,-0.04442138633229377,0.8311767999941325,0.039419380535088526,
hepg2,jurkat,centred,DPH2,0.42321388154377854,0.6847564119597412,0.7266859024575828,0.5999547317751271
hepg2,jurkat,centred,UBE2M,0.21705973761831596,0.596476980010069,0.6569449119965659,0.3467511844683028
hepg2,jurkat,centred,STRIP1,0.13106612126134434,0.3035608980203432,0.43085579788637496,0.36241115936967566
hepg2,jurkat,centred,RPIA,0.16264791316907343,0.5670770846164588,0.6815600980669909,0.2616226667464121
hepg2,jurkat,centred,PTPN23,0.204894087754433,0.0,0.6579601781762415,
hepg2,jurkat,centred,PPARGC1B,0.23372973242259656,0.6804723927003424,0.5396357667023318,0.38570773064896535
hepg2,jurkat,centred,FBL,0.5441732048964141,0.8206257396957882,0.7334502554624192,0.7014217907133682
hepg2,jurkat,centred,EXOSC10,0.18903495693772915,0.5250951345897219,0.6879805813161829,0.31451041777448463
hepg2,jurkat,centred,ZNHIT1,0.36713313965790156,0.7487680191415902,0.8200792301436227,0.4685134235067973
hepg2,jurkat,centred,DNTTIP2,0.6298455947557356,0.9242333852558425,0.7912275923124272,0.7365335905330666
hepg2,jurkat,centred,MEMO1,0.23975294922749474,0.5133094319386399,0.7441007397924015,0.3879345568078981
hepg2,jurkat,centred,MEPCE,0.18986159002551017,0.3263636625899669,0.27486196937704205,0.6339118751217677
hepg2,jurkat,centred,AP2S1,0.29961133662576306,0.4807389544680279,0.45402414880927133,0.6413042356410027
hepg2,jurkat,centred,THUMPD1,-0.2089837371968287,0.5451953093956219,0.5087388842668428,-0.3968158120741349
hepg2,jurkat,centred,HUWE1,0.42382575365152875,0.5130991765492275,0.7832424418387464,0.6685572115208586
hepg2,jurkat,centred,INPPL1,0.053970928327212696,0.0,0.4263420336858907,
hepg2,jurkat,centred,KRT8,0.20256806110624678,0.5590158538861693,0.48095023069079684,0.3906689004018959
hepg2,jurkat,centred,UTP11,0.3080686249552346,0.7651993430275913,0.44646096435915716,0.5270701599993646
hepg2,jurkat,centred,TOP2A,0.003331731095795079,0.5218942499121155,0.19907336085638042,
hepg2,jurkat,centred,KAT5,0.135741106274258,0.06920880250398069,0.08016856974332703,
hepg2,jurkat,centred,MYBBP1A,0.14573528981675637,0.8639871720298692,0.7293695114411669,0.18358503604964316
hepg2,jurkat,centred,BRK1,0.4015260468737451,0.4741186619390876,0.47185383299092104,0.8489193921060658
hepg2,jurkat,centred,BUD31,0.1834035277655881,0.4047690918275034,0.20423736893896677,0.6378762175999424
hepg2,jurkat,centred,MRPS27,0.2696795386673139,0.478201420403054,0.7101489095357004,0.46277283043969475
hepg2,jurkat,centred,HCFC1,0.03979416062784273,0.3508218999208471,0.058310340865585154,
hepg2,jurkat,centred,SCFD1,0.07560462837874775,0.5762249272740313,0.21064929383864117,0.21700630807069587
hepg2,jurkat,centred,HIST2H2BF,0.11466467837436803,0.36930098795592053,0.17024408979684214,
hepg2,jurkat,centred,PPIL2,0.1271040756958779,0.6157872182332749,0.3750449334989971,0.26448587925720685
hepg2,jurkat,centred,MRPS11,0.25470294490358647,0.32249935101571614,0.6073275325388082,0.5755168705214806
hepg2,jurkat,centred,TBC1D3,0.27690724418091067,0.306102777235898,0.4854802296583738,0.7183149547109504
hepg2,jurkat,centred,HDAC3,0.15578080083219636,0.3308980165619563,0.7706012841185761,0.3084977393807902
hepg2,jurkat,centred,LSM11,0.06393749821088994,0.0,0.16141563866152173,
hepg2,jurkat,centred,IMP3,0.1366716485246728,0.19605921711750746,0.12492289574071906,
hepg2,jurkat,centred,KIF4A,0.10808416895400125,0.054315309055292686,0.4373815768435738,
hepg2,jurkat,centred,NOP16,0.02874260330529534,0.8618118183585542,0.8509363383722547,0.03356381689450725
hepg2,jurkat,centred,PAXBP1,0.3559050563056193,0.891851152408363,0.8372097961270067,0.4118801084663908
hepg2,jurkat,centred,DHDDS,0.5385940132090296,0.6319686600613357,0.8179850363537712,0.7491021978162743
hepg2,jurkat,centred,TEFM,0.5933383933697701,0.5861832058505437,0.8368535463570969,0.8471514040844726
hepg2,jurkat,centred,TAF1,0.19090253842647872,0.7367874242773785,0.3118633003993973,0.3982524586349395
hepg2,jurkat,centred,RPE,0.049374894682732276,0.1385005575925888,0.19234166057892382,
hepg2,jurkat,centred,SNAPC1,0.30410281844163833,0.5263301167344024,0.3618548338168726,0.6968256769859008
hepg2,jurkat,centred,LAMTOR4,0.2573354102028957,0.28996655024643714,0.5278504977196663,0.6577640478946316
hepg2,jurkat,centred,SEC63,0.4479901169726218,0.49669337582055806,0.6513382585550481,0.7876276518673057
hepg2,jurkat,centred,GOSR2,0.25623370866582573,0.5487099405224525,0.03360114021912466,
hepg2,jurkat,centred,EXOC2,0.19736032733269365,0.6351407592185467,0.0,
hepg2,jurkat,centred,NDOR1,-0.026750546768470475,0.3441188081051019,0.30903231534270437,-0.08203071752428595
hepg2,jurkat,centred,GTF2H1,0.43893635676290504,0.6235534902040758,0.6721778730684767,0.6779889119349872
hepg2,jurkat,centred,RGP1,0.06738377279721341,0.3651242501316723,0.3764254423403201,0.1817588221170089
hepg2,jurkat,centred,AP2A1,0.21403705344163787,0.5649429323516166,0.7427843700080649,0.33041160714968426
hepg2,jurkat,centred,MRPS25,0.19001645491849975,0.3122073401306321,0.47141700053228763,0.495298527153147
hepg2,jurkat,centred,NFATC2IP,0.17699645538284905,0.5026290693097136,0.22271515246668439,0.5290124405759071
hepg2,jurkat,centred,GLI4,0.19210041659952573,0.04195497758453724,0.0,
hepg2,jurkat,centred,MRPL3,0.5279189442579091,0.6073242369664218,0.7841694159361358,0.7649833631828148
hepg2,jurkat,centred,MT2A,0.39374435113231665,0.176561105791391,0.4504810809660984,
hepg2,jurkat,centred,WDHD1,0.23388414179283598,0.24898197948666131,0.6945525152452442,0.5624245559967375
hepg2,jurkat,centred,COX6C,0.2676818352232122,0.4209586296256641,0.6167747501971437,0.5253344718357886
hepg2,jurkat,centred,TUBGCP2,0.14617319123682718,0.3742589801604288,0.029113471276952546,
hepg2,jurkat,centred,RFT1,0.07949997767549057,0.3429281456414485,0.2761759685099374,0.25832860476246156
hepg2,jurkat,centred,DHX30,0.30787603137207287,0.42211948419088025,0.6562795112722403,0.5849432817363466
hepg2,jurkat,centred,CABIN1,0.11736626350094811,0.4387584852492773,0.6254447209850974,0.22404540879336968
hepg2,jurkat,centred,TMEM127,0.2502731658012649,0.4399329382770756,0.6642272691650257,0.4629804971931257
hepg2,jurkat,centred,CHCHD2,0.37197658261439853,0.4773632767884261,0.5947400540480483,0.6981158578546824
hepg2,jurkat,centred,SNRPA,0.29973038908759964,0.08473182691626388,0.6930257924212005,
hepg2,jurkat,centred,TWISTNB,0.2126986217357755,0.8725228491117422,0.7615631803981946,0.2609295719875729
hepg2,jurkat,centred,SEC61B,0.4651053585201507,0.6611916416070728,0.7597073901657451,0.6562427071669876
hepg2,jurkat,centred,RBBP6,0.040088441373500615,0.31128879003701226,0.4000729981061622,0.11359724798544067
hepg2,jurkat,centred,CLNS1A,0.21197157794754434,0.07362652421736876,0.5516231551292641,
hepg2,jurkat,centred,DNM1L,-0.08869169880898778,0.44460130770616163,0.20409898960275205,-0.2944266911378285
hepg2,jurkat,centred,TRIM49C,0.07522849027856666,0.15376768104908245,0.32021186166506843,
hepg2,jurkat,centred,MED27,0.2538884207474156,0.23159591713541436,0.6089884334205882,0.6760408244365907
hepg2,jurkat,centred,MANF,0.4919000713658156,0.48377591905093803,0.6775436587692076,0.8591838790735917
hepg2,jurkat,centred,DRG1,0.21374556644194356,0.20996842173459623,0.36428503975994686,0.7728575524093831
hepg2,jurkat,centred,MRPS22,0.13333912771849044,0.3334775625856757,0.32840428458444787,0.4029209907322093
hepg2,jurkat,centred,WDR83OS,0.4179754463531721,0.6595934093664197,0.5762974881604989,0.6779368687579072
hepg2,jurkat,centred,MAK16,0.02045228614927922,0.8939318768286569,0.6728649614901392,0.02637094490947346
hepg2,jurkat,centred,RPS5,0.4935143024548931,0.6940188839683124,0.6590403637389984,0.7297230966823817
hepg2,jurkat,centred,NPB,0.25025118502749616,0.4784799059606175,0.38191912434543257,0.5854079118952574
hepg2,jurkat,centred,SEC13,-0.004350560063405712,0.01633283656414201,0.004924020268909775,
hepg2,jurkat,centred,CCT3,0.18314434169904098,0.8787514503524121,0.04749473304843055,
hepg2,jurkat,centred,NOL10,0.3571924264480443,0.6468797349136491,0.6058442560683748,0.5705713642741155
hepg2,jurkat,centred,KIN,-0.03439349420214585,0.8445580205109092,0.7582924312282261,-0.042977702397318567
hepg2,jurkat,centred,OXA1L,0.2574892157320329,0.6241627003986279,0.37333548769143904,0.5334091994182754
hepg2,jurkat,centred,KIF23,-0.24652081042877005,0.0,0.33784540809915636,
hepg2,jurkat,centred,CWC22,0.49113644995308975,0.8207925903754006,0.571698149703999,0.7169717760616714
hepg2,jurkat,centred,XPO1,-0.09740982863083635,0.8865403478523953,0.0,
hepg2,jurkat,centred,PPP4R2,0.17092297649620997,0.24741691358458687,0.69079427771347,0.4134389499437088
hepg2,jurkat,centred,NSRP1,0.43162588412917974,0.5564110905184183,0.4269743658371553,0.8855410354356393
hepg2,jurkat,centred,NOP2,-0.06865770403440107,0.8444053602557167,0.6063117059534218,-0.09595460209653424
hepg2,jurkat,centred,GFER,0.07635110009228112,0.4277961531821775,0.742513910645829,0.13547044712594267
hepg2,jurkat,centred,EEF1G,0.5416384803288812,0.5694517492991691,0.8362423812610359,0.7849011369769584
hepg2,jurkat,centred,MED18,0.25003743547280954,0.0,0.4772284222737092,
hepg2,jurkat,centred,TUBGCP5,0.24905479233013297,0.44236772844035827,0.6039611235515976,0.4818353869289921
hepg2,jurkat,centred,EWSR1,0.19719562374757282,0.45537293315167665,0.23186194916804337,0.6068745495220517
hepg2,jurkat,centred,ZFR,0.2445619248194589,0.3572977429735717,0.7890269567597743,0.4606040867538927
hepg2,jurkat,centred,UROD,0.255178713515454,0.5239672152633909,0.430094711689798,0.5375394409703337
hepg2,jurkat,centred,FIP1L1,0.45660671804496294,0.47432237778727016,0.6012732592003591,0.855006753078602
hepg2,jurkat,centred,ANAPC13,0.19890480399616417,0.41982693160462353,0.3992722732537297,0.4858201780214203
hepg2,jurkat,centred,LUC7L3,0.25032059733728557,0.39805098455948856,0.41657667947238314,0.6147234184930073
hepg2,jurkat,centred,HCRTR1,0.1466020392572782,0.13758236577541494,0.1859893034730464,
hepg2,jurkat,centred,PSMD2,0.0038584198932755257,0.6992911615966352,0.0,
hepg2,jurkat,centred,INO80E,0.20327827902538392,0.35824517608584966,0.2731112326318403,0.6498767778357916
hepg2,jurkat,centred,RNPC3,0.239566097075403,0.32149612135534394,0.37031950107323847,0.6943032486529787
hepg2,jurkat,centred,RBM8A,0.19414488952964018,0.6565104129594012,0.030793406875272298,
hepg2,jurkat,centred,MCM4,0.07300866770218357,0.33728448449050835,0.577991739782322,0.16535427428610908
hepg2,jurkat,centred,CIAPIN1,0.4273242945228262,0.7552823193752394,0.777573021286724,0.5576122848791124
hepg2,jurkat,centred,SAMM50,0.25900406855254454,0.32080621963644257,0.28775396156039423,0.8524610423310176
hepg2,jurkat,centred,YPEL1,0.07501745553324965,0.0,0.25783362638757484,
hepg2,jurkat,centred,PSMC1,0.11181985681030777,0.8843551753743503,0.06605098346884658,
hepg2,jurkat,centred,ZBTB14,0.3944550649338589,0.7713091903030884,0.5475478355156795,0.6069770221057591
hepg2,jurkat,centred,ISCU,0.17618107628797006,0.7682406821138221,0.016386222217591128,
hepg2,jurkat,centred,SOD1,0.3398992019171816,0.35765241945309867,0.3843801512828207,0.9167250197726476
hepg2,jurkat,centred,AURKB,0.0014321829563351785,0.0,0.012102889946263806,
hepg2,jurkat,centred,FCF1,0.3159749112938259,0.6258006579300287,0.7876818106567927,0.4500483611106657
hepg2,jurkat,centred,HMGCR,0.1353647513503098,0.3021613456617254,0.0,
hepg2,jurkat,centred,SNRPF,0.5193677911580318,0.8405227016819156,0.6881397285161872,0.6829076430841823
hepg2,jurkat,centred,SEC16A,0.1613671810617141,0.688608933715949,0.45338828935916076,0.2887977043599148
hepg2,jurkat,centred,SGPP1,-0.0029549449165824967,0.0,0.2993510006902039,
hepg2,jurkat,centred,ACTR10,0.09613505606143082,0.298918622642004,0.5306962284770144,0.24136944791238032
hepg2,jurkat,centred,RBBP4,0.05484957847163567,0.5271182543645483,0.40033524098302714,0.11940083256125399
hepg2,jurkat,centred,PRKRA,0.03005235117421416,0.42411544246323096,0.2800623509217624,0.08719850661423528
hepg2,jurkat,centred,TBRG4,0.20510462005534627,0.6870370035040588,0.4081852672500687,0.3873082215653753
hepg2,jurkat,centred,RPS10-NUDT3,0.553426375316781,0.7161096291872295,0.6647606432695964,0.8021164933820203
hepg2,jurkat,centred,UTP3,0.19714269588923924,0.4837701180652852,0.6562110336116973,0.349896346276064
hepg2,jurkat,centred,PUM1,0.31051810724717316,0.31301825901627195,0.5787505481110917,0.729552225827066
hepg2,jurkat,centred,HIST1H2BM,0.10975483384840788,0.5772507996842126,0.04954352091706705,
hepg2,jurkat,centred,PCF11,0.2918570995212183,0.6652330133461926,0.0,
hepg2,jurkat,centred,RIOK1,0.5521129843898115,0.8072643686042861,0.9020098798076723,0.6470151080161608
hepg2,jurkat,centred,MEF2A,0.20555615479082887,0.5085072000060893,0.24347944277784722,0.5841855120714107
hepg2,jurkat,centred,PPIL4,0.5871203234949319,0.5916839718288112,0.7449161772779239,0.8843588140705368
hepg2,jurkat,centred,PIP4K2C,0.043571287491937984,0.4626388819456097,0.5854515655101366,0.08372089114716696
hepg2,jurkat,centred,RPL18,0.26121163035904327,0.9662559715106821,0.6939257262596761,0.3189994395863401
hepg2,jurkat,centred,SARS,0.21255305264921331,0.5499281067331562,0.11641256262935176,
hepg2,jurkat,centred,GEMIN5,0.5824738510438189,0.8733757647977044,0.8372472743128699,0.6811597758948857
hepg2,jurkat,centred,SMG9,0.3545425248635322,0.4494230813217921,0.5736674841237219,0.6982493329003793
hepg2,jurkat,centred,COPE,0.09701811725095173,0.06966501030919699,0.6140990822952079,
hepg2,jurkat,centred,HSPD1,0.25257825715419496,0.3841620077290006,0.8127483338588583,0.4520231860298854
hepg2,jurkat,centred,TFPT,0.1775379988332893,0.5456998542993536,0.3306435980614526,0.4179596359691371
hepg2,jurkat,centred,PSMC3,0.168609950533413,0.7159178127051065,0.11494350997972944,
hepg2,jurkat,centred,MRPL53,0.19967984890314047,0.38359034828352584,0.16287017663732595,
hepg2,jurkat,centred,GNL2,0.052333297493340654,0.9569337460364872,0.8135103843461956,0.05931378173139631
hepg2,jurkat,centred,SRSF10,0.42305294626384926,0.2689953217257574,0.5944948442885395,1.0579090056816534
hepg2,jurkat,centred,MICOS10,0.45427563765000956,0.5727633683421421,0.5763002897362299,0.7906921196579791
hepg2,jurkat,centred,MRPL17,0.21751958728666887,0.4321454984090449,0.5449331093749848,0.4482412039581395
hepg2,jurkat,centred,DPPA2,0.16795240756942267,0.4025755556250233,0.4318843184484975,0.40279012591490615
hepg2,jurkat,centred,MRPL45,0.028469302350964613,0.0808953563908447,0.1097616978760988,
hepg2,jurkat,centred,KIAA0586,0.10732715287945857,0.0,0.583004892463512,
hepg2,jurkat,centred,PSMG4,0.1807162645559603,0.2188094527482434,0.21428934650086914,0.8345721938589525
hepg2,jurkat,centred,PPP2R3C,0.03211508197361941,0.5694307335260741,0.4604313513185354,0.06272001296021172
hepg2,jurkat,centred,COG1,0.13828898583078486,0.19492364850723706,0.4849409165773425,
hepg2,jurkat,centred,OR4N2,0.21952391982519034,0.3723867326973084,0.22199688263821246,0.7635039901410379
hepg2,jurkat,centred,ARMC6,0.1620048440616591,0.13016298430887752,0.5522266200201713,
hepg2,jurkat,centred,PSME1,0.15630840166169296,0.5692319390772266,0.5061564649326734,0.2912026334156773
hepg2,jurkat,centred,FAM50A,0.4830635574706282,0.6758571189970168,0.6642606500843455,0.720954016910793
hepg2,jurkat,centred,KDM5C,0.11842102835109154,0.15874658071097156,0.3758715123397902,
hepg2,jurkat,centred,CPNE7,0.3028044014166695,0.6668275958258678,0.4306496033702429,0.5650584523629052
hepg2,jurkat,centred,MIOS,0.23343348244326942,0.5049063646086479,0.704555602368181,0.39138131682811167
hepg2,jurkat,centred,CHMP2A,-0.07064586520765259,0.40429252301194435,0.08564510838636696,
hepg2,jurkat,centred,INO80C,0.30491567385696117,0.6082632832481111,0.7319807946002297,0.45696622848988
hepg2,jurkat,centred,ARPC3,0.16175477574749342,0.4941200856883207,0.36999448990463973,0.3783060002805045
hepg2,jurkat,centred,IST1,0.0058354443998669065,0.508563172435756,0.4901332392811505,0.01168811305369516
hepg2,jurkat,centred,SNUPN,0.10227162520779136,0.5674038297524566,0.1632582994432914,
hepg2,jurkat,centred,NDUFAB1,0.4562714083631834,0.7418065463455426,0.7901892077777182,0.5959535036939629
hepg2,jurkat,centred,GPN1,0.2793056735485862,0.7062791627414,0.6221082472447569,0.4213651190273297
hepg2,jurkat,centred,COG2,-0.014738999389437948,0.38320118213680604,0.0,
hepg2,jurkat,centred,RAC1,0.29838910052000733,0.5167621296421943,0.5747785994361317,0.5475040306211248
hepg2,jurkat,centred,SETD2,0.038776526480468386,0.2438934719866379,0.5347060525496103,0.10737699977419168
hepg2,jurkat,centred,FTSJ3,0.19367260671740633,0.5705265346403504,0.3031515767849401,0.46569369520736964
hepg2,jurkat,centred,KDM2A,0.13097423447566914,0.06255734466528198,0.20767892880540792,
hepg2,jurkat,centred,HYPK,0.16837713256521325,0.4198833805313988,0.5240483699032942,0.35894927420418027
hepg2,jurkat,centred,GTF3C6,0.23959680732502156,0.6889463721248058,0.7625958169245548,0.3305530042038776
hepg2,jurkat,centred,MRPS12,0.3103626038635347,0.4435912805021596,0.41285642901218933,0.7252343411136748
hepg2,jurkat,centred,PRMT1,0.3403981235877997,0.6206714780750007,0.7327374021509112,0.5047566890358202
hepg2,jurkat,centred,XRCC2,0.1377708245444249,0.42528643745539835,0.5096964912397666,0.2959106998421185
hepg2,jurkat,centred,CHD4,0.16670981243327926,0.6984470644605347,0.8030934723286794,0.22259293030125196
hepg2,jurkat,centred,EBNA1BP2,0.0328954384245075,0.9143008580545283,0.5695598531048393,0.04558494452605992
hepg2,jurkat,centred,BANF1,0.20781492808164298,0.25330045210287344,0.2580930430145814,0.8127755108174674
hepg2,jurkat,centred,LSM6,0.5046746647851346,0.8669244767580616,0.8463409280930037,0.5891802753364926
hepg2,jurkat,centred,COPB2,-0.08818046553434271,0.4720758902077184,0.15654036840712285,
hepg2,jurkat,centred,DIS3,0.194800356700648,0.31340275843321164,0.6305459468123815,0.43820766646299675
hepg2,jurkat,centred,HOXC10,0.06358703692091112,0.4095127944044041,0.08707735801207331,
hepg2,jurkat,centred,PTK2,0.23183434769217304,0.47559354980300705,0.3180060431460552,0.5961315610358392
hepg2,jurkat,centred,CYREN,-0.030604866706467306,0.3354638950034969,0.20480402344786325,-0.11676114834966954
hepg2,jurkat,centred,NSL1,0.22642930978558318,0.1970821302892818,0.0,
hepg2,jurkat,centred,KDM8,0.19110369846923078,0.45844120806461214,0.400569047618192,0.44595247035577257
hepg2,jurkat,centred,GTF2H2C,-0.03342447009425262,0.44414356544447886,0.7243900162704188,-0.05892730988419137
hepg2,jurkat,centred,MTREX,0.4040644920974376,0.45631465307385605,0.43149871625924124,0.910602264999967
hepg2,jurkat,centred,NOL7,0.25720479942855223,0.36515278866520584,0.5774703736549729,0.5601146130259794
hepg2,jurkat,centred,TYK2,0.16050410220955263,0.47264129148510875,0.34978642619172606,0.3947469929788524
hepg2,jurkat,centred,MEX3A,-0.01373002954520202,0.50673853645402,0.3733690932308401,-0.03156532918952343
hepg2,jurkat,centred,GGPS1,0.026812448269538026,0.28958891169748174,0.48963177014007514,0.07120503634253601
hepg2,jurkat,centred,VCP,0.030367426900067426,0.34183976604289634,0.15953821294573226,
hepg2,jurkat,centred,VPS18,0.2209041086660571,0.43090007238838024,0.4009024309006012,0.5314913064274626
hepg2,jurkat,centred,EIF5,0.14771968450133025,0.43691815245321747,0.43073633648795007,0.3405121181261611
hepg2,jurkat,centred,EXOC4,0.11451592642694927,0.5375793798403912,0.2804312015330826,0.2949384703347381
hepg2,jurkat,centred,CCDC84,0.36080243233552667,0.43955271710627475,0.6384582402957265,0.6810793672273129
hepg2,jurkat,centred,TMEM240,0.11672754204055545,0.39101606049401344,0.2601773658319211,0.3659664611451837
hepg2,jurkat,centred,CKAP5,0.07471063900638462,0.5318359653818885,0.5960347710718016,0.13269599075358107
hepg2,jurkat,centred,RFC1,0.14505165045429558,0.22445823835364226,0.22597646227983204,0.6440555055236465
hepg2,jurkat,centred,KCNA10,0.018240613221923708,0.30629295120632777,0.14096065391267354,
hepg2,jurkat,centred,CLSPN,0.005269062577881342,0.47628852845673864,0.06366921754799978,
hepg2,jurkat,centred,RFC2,0.28889685724443565,0.5001234049115073,0.6179269099879173,0.519679605405556
hepg2,jurkat,centred,HIST1H2AI,0.13497916680922376,0.0,0.10630798715242044,
hepg2,jurkat,centred,PPP1CA,0.2429384763795172,0.24278974360807856,0.40588070731301634,0.7738948042488385
hepg2,jurkat,centred,PTGR2,0.10019691628485336,0.27507084206534665,0.4634330674514661,0.2806328893689448
hepg2,jurkat,centred,PGD,0.22459662504920724,0.0,0.7918762210472977,
hepg2,jurkat,centred,ATP6V1D,0.012088493124707734,0.5935210764899369,0.6681597120847783,0.019196141924764997
hepg2,jurkat,centred,GEMIN7,-0.06406844822180537,0.4580547472208653,0.4239031734433106,-0.1453959056935358
hepg2,jurkat,centred,IGBP1,0.2712008628271905,0.7191824971432103,0.6596885203985544,0.39373321119454147
hepg2,jurkat,centred,NBPF15,0.08100673267304337,0.4872410366941497,0.4032103872104079,0.18276091791247404
hepg2,jurkat,centred,NCBP2,0.4158827250892654,0.5278317878098276,0.7778839592672028,0.6490313910097533
hepg2,jurkat,centred,POLR3K,0.2822662547790995,0.6837500314793951,0.3429720148567943,0.5828823956195971
hepg2,jurkat,centred,AURKAIP1,0.14891304586554702,0.5057921580168583,0.6216607685053102,0.26556447022989504
hepg2,jurkat,centred,ELOB,0.5310567491159915,0.7022862112585969,0.8389875367903356,0.6918406996315021
hepg2,jurkat,centred,PDCD7,0.23850397143886487,0.3675316949455626,0.6551555852384985,0.486044454554184
hepg2,jurkat,centred,EXOC7,0.4131169120796711,0.481941764579865,0.5340608432161413,0.814292292507367
hepg2,jurkat,centred,PSMG1,0.10752313078720711,0.6586242072887177,0.3460189981002804,0.2252335514670867
hepg2,jurkat,centred,MRPS31,0.09336486855953609,0.05952688837116693,0.2816985914236632,
hepg2,jurkat,centred,EMG1,0.11196701879636942,0.565939281421601,0.5337546314730345,0.20372032821130132
hepg2,jurkat,centred,ALYREF,0.013159148044877273,0.0918091404047561,0.051550211009197947,
hepg2,jurkat,centred,CCP110,0.1341624630479179,0.7480694311765556,0.15983764878723472,
hepg2,jurkat,centred,HINFP,0.28044868256020056,0.46394550064420825,0.538077478404218,0.5613031935965104
hepg2,jurkat,centred,MALSU1,0.37315401323149344,0.4365210643409752,0.6008882962926032,0.7285991184682138
hepg2,jurkat,centred,MRPS9,0.15702190379751838,0.39088809000897035,0.5399653715729881,0.34178347814800164
hepg2,jurkat,centred,NDUFA11,0.28466955571659414,0.4405611301742237,0.5147447781035187,0.5977807973542724
hepg2,jurkat,centred,PDCD2,0.34324271387699945,0.787241317463474,0.7664538576939997,0.441880035414458
hepg2,jurkat,centred,EIF3D,0.4550613116668174,0.840077109159135,0.79180402967345,0.5579579692904187
hepg2,jurkat,centred,COPB1,-0.25713487455948036,0.5200425225520482,0.39852053914091984,-0.5648279772522393
hepg2,jurkat,centred,RPL11,0.3862772659514208,0.8834121453018341,0.559887638004736,0.5492461566888329
hepg2,jurkat,centred,TULP1,0.16108647153503097,0.5109244381059947,0.1806535783316959,
hepg2,jurkat,centred,PPP1CB,0.0439616788481459,0.03906967713170215,0.2601674906864854,
hepg2,jurkat,centred,KRTAP4-2,0.1538727403612905,0.5173948662486271,0.08897277145586704,
hepg2,jurkat,centred,CUL7,0.11994934041157516,0.676103944794609,0.26617576634503776,0.28275277291173595
hepg2,jurkat,centred,HHEX,0.292686952167125,0.21268427414941582,0.505030597058244,0.8930521642876617
hepg2,jurkat,centred,PGAM5,0.21914345371923794,0.5457951219893584,0.6519984555735537,0.367358754083426
hepg2,jurkat,centred,BUB3,0.045020481187194476,0.30517365716542094,0.20009384368112373,0.18218799145825024
hepg2,jurkat,centred,TFB2M,0.2729462960150163,0.6588483348404163,0.35367030673690525,0.5654382442259052
hepg2,jurkat,centred,DCAF6,0.23749306935272874,0.4657437811349662,0.5978268962685911,0.45007996698330033
hepg2,jurkat,centred,KLHL17,0.29715427795290955,0.612779763314751,0.7062303582512813,0.45170675837804414
hepg2,jurkat,centred,NFKBIE,-0.011526323563621479,0.3018372862010987,0.27501462842777075,-0.04000612296212853
hepg2,jurkat,centred,SSRP1,0.27768917159591583,0.6197216068145339,0.5535127990084413,0.47412929727963404
hepg2,jurkat,centred,CENPN,0.20601800764060227,0.3658423076237823,0.20020228075484905,0.761243694991189
hepg2,jurkat,centred,SRP19,0.3255167464546415,0.3823956610221116,0.6329123402594072,0.6616755339016015
hepg2,jurkat,centred,NRBP1,0.2996130060908585,0.4660848326890134,0.5772687152297284,0.5776159351127321
hepg2,jurkat,centred,MBD3,0.12458015738290047,0.3572229402090816,0.6527730789426786,0.25798715729927174
hepg2,jurkat,centred,ZNF674,0.1258178645495093,0.6771901152367417,0.4579309803761354,0.2259368095586592
hepg2,jurkat,centred,DDX24,-0.013730447422477858,0.6659043648283548,0.5279253514505242,-0.02315754410169554
hepg2,jurkat,centred,PSMA2,0.1950155110779427,0.8149637420463117,0.16117720263053156,
hepg2,jurkat,centred,ZNF720,0.1634132594640928,0.23704024954037078,0.4884545405574778,0.48024645662568144
hepg2,jurkat,centred,RPL26L1,0.05266324842296066,0.23994723849485466,0.3457587896523888,0.1828366062505359
hepg2,jurkat,centred,MRPL18,0.4206345503673564,0.7160836669372443,0.6420281632504478,0.6203631871423647
hepg2,jurkat,centred,MOG,0.09513833041431477,0.47292847373688196,0.25801258963070095,0.2723562498320654
hepg2,jurkat,centred,METTL14,0.4483572537429848,0.7329798126312861,0.8673934856154889,0.5623026308715043
hepg2,jurkat,centred,ACTL6A,0.027486675857385297,0.3905216423308388,0.6268259252138637,0.055555388918562536
hepg2,jurkat,centred,ALG1,0.144036738046652,0.0,0.24330485924696998,
hepg2,jurkat,centred,RBM22,0.059628965075245434,0.3786503999016315,0.0,
hepg2,jurkat,centred,POLE,-0.022080032975903115,0.6094593261252729,0.11886698188196915,
hepg2,jurkat,centred,COPS8,0.26682319556431416,0.3494407014815712,0.5072756590988888,0.6337454071560623
hepg2,jurkat,centred,CYP2A13,0.13620732122652632,0.431008787523865,0.38964234471049924,0.3323719119642362
hepg2,jurkat,centred,NCBP1,0.21313772290225397,0.3011200488119649,0.705657560964229,0.46237408606613273
hepg2,jurkat,centred,PPWD1,0.2308785005368666,0.32558237185501715,0.23802106696368622,0.8293643302054223
hepg2,jurkat,centred,CHAF1A,-0.015310126619646265,0.34374960698465706,0.18764873358669967,
hepg2,jurkat,centred,DEPDC5,0.20144089471479565,0.5369944430234088,0.7412482348692015,0.31928676002049833
hepg2,jurkat,centred,CCT8,0.21990319575343387,0.6637810316155992,0.20563715706768196,0.5952074060113984
hepg2,jurkat,centred,KARS,0.10489137201625692,0.27367857520947103,0.3694796571644806,0.32985578116742825
hepg2,jurkat,centred,EXOC3,0.11488088679813488,0.26235995820376884,0.3998022891438404,0.35471239498502455
hepg2,jurkat,centred,UNCX,0.2886614607426572,0.6264385323972538,0.5131477450413794,0.5091296163000705
hepg2,jurkat,centred,PPP1R15B,0.3332096291021959,0.31233370380107855,0.5694417537775626,0.7901025499352224
hepg2,jurkat,centred,IFITM2,0.26663106618242677,0.20522802702451304,0.17557099598172657,
hepg2,jurkat,centred,DNAJC9,0.33231982423363626,0.3338893549496693,0.6445650919896888,0.7163439084915124
hepg2,jurkat,centred,TICRR,-0.026813494629866905,0.32336013980373657,0.0,
hepg2,jurkat,centred,TSEN54,0.015026993093790627,0.28434031770335044,0.6095381018863626,0.036095447920719365
hepg2,jurkat,centred,ATL2,0.01886229434537444,0.25105519632964507,0.44562516011690206,0.05639298180177536
hepg2,jurkat,centred,KIF14,0.007843428704747052,0.0,0.0,
hepg2,jurkat,centred,SDHA,0.033283336059067185,0.3458364329821281,0.32364628718585725,0.09948467003924351
hepg2,jurkat,centred,FXN,0.28536644533317373,0.4940216025529203,0.4716742405428151,0.5911651937020181
hepg2,jurkat,centred,VPS72,0.2523090861682275,0.3993288774520233,0.7135670512501022,0.472661400845408
hepg2,jurkat,centred,TIMM22,0.15804603654860475,0.20700550104810203,0.46815634839626713,0.50768836122083
hepg2,jurkat,centred,NEPRO,0.31281332065852147,0.794796174599965,0.6124608550438616,0.44835104494199085
hepg2,jurkat,centred,YKT6,0.2821327037182862,0.5052317954335496,0.6071761147297589,0.5093903981821105
hepg2,jurkat,centred,MED20,0.2736533854979348,0.5608024701791527,0.8488214544991343,0.3966319474931583
hepg2,jurkat,centred,FUNDC2,0.19758522824981492,0.0,0.701345032479831,
hepg2,jurkat,centred,EIF4E,0.6620226556261565,0.888997566128628,0.8285734858361584,0.771359886310818
hepg2,jurkat,centred,INTS6,0.2431666540658122,0.4396196341531603,0.5289025251821673,0.5042868674611057
hepg2,jurkat,centred,PFDN4,0.3411380135078241,0.4321196045098981,0.5009941832750412,0.7331819918105155
hepg2,jurkat,centred,RNF4,-0.07882094059693058,0.30130154509281803,0.25928802895816,-0.2820003845797862
hepg2,jurkat,centred,KATNB1,0.12745057154358028,0.0,0.2407626997895878,
hepg2,jurkat,centred,RNF20,0.4038409200445229,0.4395861436543451,0.8804748394023237,0.6491272641770202
hepg2,jurkat,centred,PSMA5,0.2459104466699205,0.5521310214921066,0.34733902166070724,0.5615379548984801
hepg2,jurkat,centred,FDPS,0.38359426653351675,0.3985275244666555,0.5348531656940527,0.8308558101202201
hepg2,jurkat,centred,RPS25,0.4249816713372582,0.6305667348073856,0.6715389479074726,0.6530840377474495
hepg2,jurkat,centred,CLCC1,0.03561258522972584,0.07043981734932453,0.17112520655614138,
hepg2,jurkat,centred,TELO2,0.3177118431745421,0.326238917314305,0.6801800418145264,0.6744559312616089
hepg2,jurkat,centred,RPL14,0.10039384093302868,0.9593707250291701,0.5964731424433164,0.13271450526167938
hepg2,jurkat,centred,TUBGCP6,0.07211100805613545,0.04009725220639391,0.0,
hepg2,jurkat,centred,CWC15,0.4794528848202166,0.7739098715535352,0.5915228315771782,0.7086225799773442
hepg2,jurkat,centred,HIST2H3A,0.21508173837955577,0.2933592944371392,0.3401463000011956,0.6808802487152764
hepg2,jurkat,centred,ISY1,0.3088706740934218,0.19224035763766345,0.5561358981716614,
hepg2,jurkat,centred,GATA1,-0.0006085316231779645,0.0,0.09294514760640119,
hepg2,jurkat,centred,MRPS18C,0.05012775478822918,0.3495901448169002,0.30828969947709167,0.15269300965814067
hepg2,jurkat,centred,ANLN,0.03762769265091366,0.0,0.33213306752249067,
hepg2,jurkat,centred,TNFSF10,0.188138597454613,0.5446268393125147,0.0,
hepg2,jurkat,centred,HAPLN2,-0.11546825936681455,0.24577858082529275,0.3160494444439973,-0.41429823903264457
hepg2,jurkat,centred,CDC23,0.1394966094581823,0.3599026518812062,0.0055312690790591335,
hepg2,jurkat,centred,NKX6-1,0.15445499155968945,0.5640495565033395,0.7252853883510189,0.24148427351990778
hepg2,jurkat,centred,TADA2B,0.23587346813182666,0.6392951582434628,0.36568592688374013,0.4878364666013537
hepg2,jurkat,centred,MRPS24,0.2230962470895969,0.4745734221919833,0.5592536248049227,0.4330481170616611
hepg2,jurkat,centred,TREML2,0.05981109899623723,0.25693308600514975,0.38206467475979566,0.19089885485851432
hepg2,jurkat,centred,EP400,0.1222556590848015,0.43322019271627893,0.7940591874786207,0.20844341904456
hepg2,jurkat,centred,PPP1R7,0.06004114231165136,0.48449284611428406,0.08150675094264312,
hepg2,jurkat,centred,BIRC5,0.0424988289161843,0.010165147507769486,0.13827531109756133,
hepg2,jurkat,centred,WDR61,0.2898337247212025,0.2472864248047708,0.7698103431070643,0.6642887679135933
hepg2,jurkat,centred,CPSF6,0.44238756588169037,0.6342403259723123,0.790274572018105,0.6248661255143366
hepg2,jurkat,centred,ANAPC4,0.08450502543930052,0.34360884322734825,0.12160580986827545,
hepg2,jurkat,centred,EIF3F,0.3886053374107119,0.24930255672408758,0.6958522242533899,0.9330112602162098
hepg2,jurkat,centred,WDR44,0.222617409365991,0.6166849176912415,0.3166394573117748,0.503784666298939
hepg2,jurkat,centred,MRPL2,0.24691221971332583,0.13790005680652273,0.5860116301721607,
hepg2,jurkat,centred,POLE2,0.060535215090985514,0.1213955926356982,0.0,
hepg2,jurkat,centred,LCE1E,0.22166503351730577,0.5371219525698882,0.5427101631029747,0.4105601206112483
hepg2,jurkat,centred,GET3,0.21465630893323503,0.2620526315438495,0.513449215301671,0.5851950547577035
hepg2,jurkat,centred,ATP5MD,0.003812521389814703,0.3287278061091847,0.6621109895914039,0.008172005874115124
hepg2,jurkat,centred,METTL21A,0.20388137014941723,0.024359534243795215,0.6800287770484745,
hepg2,jurkat,centred,PRDM8,0.09892868558885945,0.26662997345478034,0.2483101994907388,0.38447709737651664
hepg2,jurkat,centred,CHMP1A,0.0319650838879232,0.21448908576602882,0.3301286999448272,0.1201245043306057
hepg2,jurkat,centred,RAB6A,0.04732700863003778,0.5410358650214799,0.4614828449775126,0.09471488730350977
hepg2,jurkat,centred,PAFAH1B1,0.1343537545925653,0.08026878986972867,0.2675128922924694,
hepg2,jurkat,centred,PLRG1,0.3055649548466143,0.3663867722745514,0.20541160996016575,1.11383576143509
hepg2,jurkat,centred,DUT,0.1769326616742963,0.4257258298403114,0.5483790013080638,0.3661867301680875
hepg2,jurkat,centred,WDR25,0.29213429031553406,0.3751056334051921,0.512153997135255,0.6665081438962889
hepg2,jurkat,centred,OR7A10,0.0782065163222644,0.0,0.03709933983167997,
hepg2,jurkat,centred,LCN10,0.11924951306333027,0.5967430938139681,0.16643602241627242,
hepg2,jurkat,centred,CRLS1,0.03209176156958969,0.4827154563750506,0.07163476089524934,
hepg2,jurkat,centred,GMPPB,0.3226978545059133,0.5126682243388867,0.6925542224791998,0.541565496122197
hepg2,jurkat,centred,UQCRH,0.31482182505590905,0.4853999932577299,0.33460908399332945,0.78117095226637
hepg2,jurkat,centred,DNAJA1,0.3264544815078016,0.5743222608668175,0.7011364581704254,0.5144504301595237
hepg2,jurkat,centred,NDC1,0.10639264637383461,0.6238216847621656,0.3043772969264185,0.24416041246512907
hepg2,jurkat,centred,NCAPD2,0.18975073244930457,0.509512560918667,0.26648244795014875,0.5149578807624493
hepg2,jurkat,centred,DDX59,0.07478686597294922,0.4543367140683637,0.3814285578123001,0.17965107269748815
hepg2,jurkat,centred,PSMA6,0.06482965000243872,0.6412891058110178,0.0,
hepg2,jurkat,centred,DONSON,0.09086196383040394,0.1617705278741274,0.16459572964677588,
hepg2,jurkat,centred,DNAJC11,0.023580238259593607,0.037755817937321,0.2600902302729201,
hepg2,jurkat,centred,TAF1B,-0.02600866991707327,0.24259682881213843,0.14136499774718075,
hepg2,jurkat,centred,HAUS1,0.10414220260166103,0.20866054656345365,0.10695390088953585,
hepg2,jurkat,centred,KANSL3,0.37438083057410704,0.6002113271246992,0.8506677402619648,0.5239399667130576
hepg2,jurkat,centred,NUS1,0.26787431722932475,0.47888144118878395,0.4123060932389578,0.6028471295007873
hepg2,jurkat,centred,MCRS1,0.25199958850002363,0.436791810557789,0.4343834571342221,0.5785300864040894
hepg2,jurkat,centred,MED31,0.34492798698254185,0.78358590110617,0.5704575520357986,0.5159094230118728
hepg2,jurkat,centred,ZWINT,0.096504375157565,0.10177649795473205,0.14727810111030204,
hepg2,jurkat,centred,SUPT4H1,0.01159589139451991,0.293225400112905,0.2924927866688433,0.03959549396635102
hepg2,jurkat,centred,PWP1,-0.019108585442765735,0.7052107831726163,0.5636864184107613,-0.03030751166151847
hepg2,jurkat,centred,WDR92,-0.06286604393759974,0.0,0.5463188848544023,
hepg2,jurkat,centred,CEP152,0.0002049981614128775,0.25821349309637986,0.1302876125795547,
hepg2,jurkat,centred,KXD1,0.13111233341545875,0.0,0.43577241118078724,
hepg2,jurkat,centred,MRPL4,0.40111496306738775,0.45034026484396456,0.6367876454806151,0.7490333577271885
hepg2,jurkat,centred,NUP160,-0.10667375319150119,0.7457429740415956,0.19381547344447364,
hepg2,jurkat,centred,TTI1,0.2661310026061333,0.5167805627736289,0.7986465206387341,0.41425244734349354
hepg2,jurkat,centred,CAPZB,0.21021448906005824,0.053175839885667556,0.59355259539168,
hepg2,jurkat,centred,U2AF2,0.2922232851442917,0.48715418985278663,0.48243136442312584,0.6027869343099337
hepg2,jurkat,centred,RANBP2,0.09431129384166898,0.4053603228232734,0.0,
hepg2,jurkat,centred,NPAT,0.048911734140661814,0.04284864235811762,0.37745324700116334,
hepg2,jurkat,centred,EIF3G,0.2830352823010077,0.866970507847966,0.36107523163130895,0.5058707460718866
hepg2,jurkat,centred,POLD3,0.16631900326519017,0.3670976943554825,0.725664819106501,0.3222426430055304
hepg2,jurkat,centred,NCOA4,0.12418350008110872,0.27512166139834743,0.3697567138731568,0.3893529497019057
hepg2,jurkat,centred,NCAPD3,0.13984232044073874,0.030427011926892605,0.23411867449533966,
hepg2,jurkat,centred,WDFY3,0.28838975212392903,0.585282696938194,0.5160094132870167,0.524768996756515
hepg2,jurkat,centred,HAUS3,-0.08391254446594974,0.0,0.007064444888818596,
hepg2,jurkat,centred,TCERG1,0.5139708106572107,0.6410656129952435,0.7201460184791678,0.7564442612583986
hepg2,jurkat,centred,RNF168,0.03028921522649447,0.0,0.23981377805970575,
hepg2,jurkat,centred,PSMA7,0.021909289865368387,0.6773853235169753,0.0,
hepg2,jurkat,centred,SNRPD2,0.525416673332278,0.7935512941967883,0.5753287483960936,0.7776036857004561
hepg2,jurkat,centred,ZNF492,0.012425789815345133,0.4423081468460273,0.41694599107033864,0.028934876469765655
hepg2,jurkat,centred,SNRPA1,0.5212474990026434,0.7776972893331048,0.5639970216309574,0.7870463085559037
hepg2,jurkat,centred,ATP5F1C,0.28507068079684855,0.5002686605485801,0.5490908435252473,0.5439122041116958
hepg2,jurkat,centred,KLC2,0.1397877442223504,0.22459814820591426,0.27386351805896914,0.5636362537163261
hepg2,jurkat,centred,PSMD3,0.14474950647424858,0.5304329977274459,0.0,
hepg2,jurkat,centred,TOP3A,0.053470336400206965,0.2800480384562395,0.6621239691133096,0.12417294860422944
hepg2,jurkat,centred,ARID3A,0.09229687094498243,0.48124658473945353,0.37241994684292096,0.2180151533318171
hepg2,jurkat,centred,POT1,0.0644226418598972,0.05323615852709006,0.0,
hepg2,jurkat,centred,NAE1,0.2549349374976468,0.6080434434403511,0.6458428685643556,0.4068165553813109
hepg2,jurkat,centred,TTF2,-0.0018386257080689407,0.09114649719252896,0.13434693568312822,
hepg2,jurkat,centred,SNAPC5,0.027971427179083207,0.4951324849045999,0.5315601976592642,0.054522741947747144
hepg2,jurkat,centred,BUD23,0.3424402872284429,0.520581694529804,0.7306856970435152,0.5552327863319608
hepg2,jurkat,centred,SAMD4B,0.19419470966789676,0.4535267735610665,0.6962190019587705,0.34559145298203325
hepg2,jurkat,centred,NDUFV2,0.43099018696488084,0.4042588230362398,0.6742116176820926,0.8255426449621905
hepg2,jurkat,centred,RPLP2,0.1223789168818988,0.788642857315616,0.6965209063076808,0.16511987066324868
hepg2,jurkat,centred,CPOX,0.11592766561151095,0.0,0.1644030241280853,
hepg2,jurkat,centred,CTPS1,0.1828817514206754,0.5516988497951671,0.5992123559589165,0.3180745730623834
hepg2,jurkat,centred,ATP6V1C1,0.13442299551328585,0.2859657673604719,0.14102434018714113,
hepg2,jurkat,centred,RPL39,0.03068055471806281,0.8295812386441548,0.8634853807808953,0.03624985319877468
hepg2,jurkat,centred,NDUFB6,0.26499652438055066,0.40814656034740515,0.4507390022831162,0.6178307759135002
hepg2,jurkat,centred,HARS2,0.22275435415105363,0.0,0.49618268145954747,
hepg2,jurkat,centred,CMC4,0.017428776564482114,0.0,0.1525848331955129,
hepg2,jurkat,centred,DDX41,0.607032791429476,0.8926038766949453,0.7937463084713149,0.7211770676358815
hepg2,jurkat,centred,GTF2A2,0.4167426964916748,0.6004865933368484,0.6496301972081046,0.6672417880265127
hepg2,jurkat,centred,TSG101,-0.01435403382381782,0.4988218471577277,0.23334017518226385,-0.04207328985834661
hepg2,jurkat,centred,PCM1,0.11841118027431081,0.4105076574440493,0.3975528990348445,0.29311268670704727
hepg2,jurkat,centred,MRPS2,0.1381577918392577,0.2660288853780082,0.36667958149167623,0.44235162032608
hepg2,jurkat,centred,SSBP1,0.5135407490624209,0.5118024821522189,0.5511351335061161,0.9669291826711383
hepg2,jurkat,centred,UBA1,0.1338696848256249,0.6183980477456644,0.49972884958520714,0.24081358044383241
hepg2,jurkat,centred,SRSF1,0.3811259718713327,0.6704205386044308,0.4640985461403957,0.6832659610194496
hepg2,jurkat,centred,COPS3,0.16818100179878295,0.5676717127723696,0.5322044274582639,0.30597720039362114
hepg2,jurkat,centred,RPL7A,0.1910765717757272,0.7165197127236266,0.0970157743876824,
hepg2,jurkat,centred,LIN52,-0.07033614739640294,0.35327489301290976,0.5006317616893396,-0.16724879219689845
hepg2,jurkat,centred,TRMT10C,0.2141664859510724,0.3634390107500131,0.451123889735129,0.5289173664543313
hepg2,jurkat,centred,SET,0.2290522083137514,0.3289496474606354,0.5717028445576007,0.5281832128805606
hepg2,jurkat,centred,NEDD8-MDP1,0.25702205763430547,0.7234051012168579,0.7954753978351539,0.33881781418725754
hepg2,jurkat,centred,PAK1IP1,0.03466840120139605,0.0,0.49567944926239244,
hepg2,jurkat,centred,F8A1,0.23569927384795614,0.21465694692897763,0.3042463421139304,0.9223018669214021
hepg2,jurkat,centred,MED24,0.006281700559899753,0.0,0.5498617545830295,
hepg2,jurkat,centred,SPDL1,0.08544421542342939,0.31294752262356895,0.09327740389346767,
hepg2,jurkat,centred,SH3KBP1,0.29789441366913455,0.041546025066719956,0.7074321971186748,
hepg2,jurkat,centred,GLMN,0.20787594804262866,0.4570954796835312,0.27233727233104,0.5891789715115
hepg2,jurkat,centred,SMARCE1,-0.003861917556090138,0.3837863488958444,0.7265829418443378,-0.007313337870293419
hepg2,jurkat,centred,TWNK,0.25968763833037717,0.3663521766910508,0.6871389800885932,0.5175825139958264
hepg2,jurkat,centred,KLF7,0.1925010565187449,0.558703432233292,0.21014528340273475,0.5618011505475294
hepg2,jurkat,centred,CDC16,0.07530211608722873,0.709131338577923,0.07654736539028693,
hepg2,jurkat,centred,UTP25,0.2938883509645483,0.45254840972431176,0.6362884333433633,0.5476748981824372
hepg2,jurkat,centred,NANOG,0.11132075200316338,0.5284011814739065,0.4326428346274817,0.232824931451619
hepg2,jurkat,centred,PRXL2A,0.08297259499845909,0.3104963886952945,0.48811899614809895,0.21312948798736917
hepg2,jurkat,centred,SACM1L,-0.05740111561671185,0.3312091325267853,0.16253603156921376,
hepg2,jurkat,centred,SSX4,0.18023866912217748,0.4949622009638431,0.44432670277022185,0.38433571856134896
hepg2,jurkat,centred,HGS,0.25755961992944154,0.7389196251536699,0.44976898642811697,0.4467704310260397
hepg2,jurkat,centred,NDUFA8,0.20715488255122566,0.6110389137906739,0.4574237536555683,0.39183333687833743
hepg2,jurkat,centred,POLR1B,0.15958667761121,0.5607081583218714,0.6008717554527745,0.2749396027050695
hepg2,jurkat,centred,HBS1L,0.2993463614558037,0.40282738484224995,0.31553544124261024,0.8396347740353745
hepg2,jurkat,centred,DAXX,0.28772847372843274,0.6339341496822225,0.6143600482866085,0.4610513364464871
hepg2,jurkat,centred,UQCRQ,0.2575350266946644,0.39334493508196083,0.7451787637885974,0.4756848157731807
hepg2,jurkat,centred,HEXIM1,0.0736333914182637,0.1858213819634453,0.37426719434171457,
hepg2,jurkat,centred,PPIE,0.30182277428597626,0.396453613773435,0.48530719044653625,0.688093496710644
hepg2,jurkat,centred,GBF1,0.3170836383962189,0.4943129302593157,0.0,
hepg2,jurkat,centred,NOP10,0.26452696382479507,0.0,0.745943711210313,
hepg2,jurkat,centred,DCTN6,-0.001132643639171416,0.1058490566855142,0.5135517827391739,
hepg2,jurkat,centred,PPP1R10,0.12774332886767803,0.36186908940979035,0.3250036141108109,0.3724932354190224
hepg2,jurkat,centred,SLC9B1,0.09775872842601385,0.244789446674183,0.29739543269941865,0.36231978618688954
hepg2,jurkat,centred,SPCS2,0.3906274283206332,0.2983091721535904,0.7606618980169364,0.8200372860694487
hepg2,jurkat,centred,SRSF3,0.14407104950042546,0.5328373023845151,0.19024749852906253,
hepg2,jurkat,centred,GTF2H2,0.07751556674773567,0.33509773124093223,0.7373838574388787,0.15593958351619455
hepg2,jurkat,centred,PPP4C,0.3221514129960932,0.2912084809303738,0.41382800472447706,0.9280002486476733
hepg2,jurkat,centred,CPSF2,0.049460115564593066,0.006256813077732679,0.5080803707574539,
hepg2,jurkat,centred,SMC2,0.16797653876411656,0.0,0.7186736785780015,
hepg2,jurkat,centred,TERF1,0.0783090104537577,0.09057509063259894,0.2713104967222467,
hepg2,jurkat,centred,ESYT2,0.11995042472757958,0.45044283041707,0.5226339748700124,0.24721973209537784
hepg2,jurkat,centred,TMED2,0.3155363181084214,0.2046978231463005,0.2542470574368064,1.3831356453904573
hepg2,jurkat,centred,DHX9,0.22655761386936962,0.0892221401247566,0.5788040050018425,
hepg2,jurkat,centred,NAPA,0.16714924030142758,0.3912237491240361,0.33865705993719564,0.4592104207874057
hepg2,jurkat,centred,ERH,0.09314038059957058,0.32155142688050115,0.02819261277907183,
hepg2,jurkat,centred,RPL19,0.20185253173106762,0.9150614483443442,0.5234764145595854,0.2916490135936903
hepg2,jurkat,centred,CHMP3,0.10871320800792039,0.0,0.19558616761899109,
hepg2,jurkat,centred,ATIC,0.07140922550864702,0.0024478903310548843,0.4989489471122487,
hepg2,jurkat,centred,FARSB,0.4526666070914226,0.7820971704172552,0.7323761260773414,0.5981099280760996
hepg2,jurkat,centred,PRIM1,0.08843101515640073,0.7286900083107799,0.2801577228589906,0.19571851138794563
hepg2,jurkat,centred,RPLP1,0.013726322560726823,0.6738137289005202,0.5556074851544244,0.022433664914928583
hepg2,jurkat,centred,KIF20A,-0.028447053419421352,0.0,0.19280347422450356,
hepg2,jurkat,centred,DBF4,0.16166486537029087,0.4671630953047422,0.208043257275138,0.518566621168203
hepg2,jurkat,centred,TTI2,0.12154067396343238,0.06058762760908917,0.0673255160353035,
hepg2,jurkat,centred,RBM19,0.17541858454211418,0.5090065728202116,0.41686743336110665,0.380815768466884
hepg2,jurkat,centred,RPS16,0.5909129642085074,0.770416165210739,0.5514125559987291,0.9066141630645069
hepg2,jurkat,centred,AGBL5,0.07700467627712765,0.5459679692743945,0.032431389416961255,
hepg2,jurkat,centred,XPO5,0.13343611109166917,0.5825395307272846,0.6324562680060777,0.21983428483959933
hepg2,jurkat,centred,TMEM199,0.20480086361867414,0.0,0.3256100010430267,
hepg2,jurkat,centred,MRPL22,0.15111865964289506,0.25886636967978227,0.4019516658307587,0.4684824862581013
hepg2,jurkat,centred,UBE3C,0.0702543328051904,0.1590776877018163,0.19355060855409004,
hepg2,jurkat,centred,NR2C2AP,0.20453580698628537,0.5521115716013144,0.2736019232261626,0.526255140297914
hepg2,jurkat,centred,CENPH,0.09714138280184181,0.049558375243648756,0.0,
hepg2,jurkat,centred,RPN1,0.32809468064818104,0.30371685587105135,0.7364570732543512,0.6937308738132971
hepg2,jurkat,centred,CAP1,0.18515160004011372,0.35777555275528194,0.3342800805039207,0.5353858511755808
hepg2,jurkat,centred,OGT,0.08540237414709224,0.4441033260778855,0.0,
hepg2,jurkat,centred,MFAP1,0.29995495363405356,0.6586711328846765,0.29180207182808143,0.6841912847139862
hepg2,jurkat,centred,GPN2,0.40276354118867846,0.5704680435987204,0.6125968005938309,0.6813137093613215
hepg2,jurkat,centred,HSPH1,0.43226474835510253,0.6905890337950967,0.7562528548323125,0.5981449871394255
hepg2,jurkat,centred,TRMT5,0.3562159900794922,0.24111052227899818,0.6558123527683835,0.8958092286383262
hepg2,jurkat,centred,RPL27,0.2811058636107355,0.0,0.29110860435170516,
hepg2,jurkat,centred,SLC25A3,0.3453616015881716,0.35212839753274516,0.42751343364035355,0.8901201685548473
hepg2,jurkat,centred,RAD51D,0.22874943096218975,0.36576345771740904,0.41920832568956046,0.5841776207144559
hepg2,jurkat,centred,GEMIN6,0.1801219301025596,0.06424123074749846,0.42955401997291,
hepg2,jurkat,centred,NUDT21,0.062163261835223006,0.5302027227111725,0.5930790021078449,0.11085532099277624
hepg2,jurkat,centred,RPF2,-0.06129504409567628,0.7072687560653896,0.5237006010352783,-0.10071440444889623
hepg2,jurkat,centred,DROSHA,0.11181834903742084,0.13951891491449683,0.625486932880903,
hepg2,jurkat,centred,TMEM258,0.48830186045166823,0.456110994603746,0.8030869733474669,0.8068110130270358
hepg2,jurkat,centred,ARIH1,-0.07293287415974006,0.0,0.5173657325987574,
hepg2,jurkat,centred,RTF1,0.11225411375532786,0.5028719897001406,0.4723002095917073,0.23033740695630678
hepg2,jurkat,centred,NDC80,-0.08687945514016719,0.48365553087842034,0.08334311847949925,
hepg2,jurkat,centred,SNF8,0.3528566554835613,0.03345162280721544,0.41643200349832166,
hepg2,jurkat,centred,CBLL1,0.32769477934715946,0.5410174279271022,0.6803174258097364,0.5401421853496804
hepg2,jurkat,centred,RPL21,0.3809837932011736,0.7657414243286303,0.7758079679062099,0.49429738481406826
hepg2,jurkat,centred,LRPPRC,0.5171509797265589,0.26495639914136077,0.7448905947597656,1.1640828740111884
hepg2,jurkat,centred,HAUS5,0.004679903707046122,0.47957916482990465,0.26726934732673263,0.013071703461963803
hepg2,jurkat,centred,BRD4,0.11372182670458689,0.03403506137013161,0.11445148863755684,
hepg2,jurkat,centred,TIMELESS,0.15086753671468117,0.36647855000837354,0.6250473731984253,0.315220934389584
hepg2,jurkat,centred,ZRANB2,0.09657019843644653,0.14571820139750544,0.45370651156876524,
hepg2,jurkat,centred,ACD,0.11448985398712277,0.3954418852543334,0.3216743407296681,0.3210091840791756
hepg2,jurkat,centred,PIK3R4,0.007575530009539534,0.0,0.4168312349662013,
hepg2,jurkat,centred,RPS17,0.5528871284697813,0.8654415760005768,0.7023741754200732,0.7091422064695354
hepg2,jurkat,centred,HIST1H2BJ,-0.11451035171355631,0.20773974287603061,0.25838306419217005,-0.4942571169666092
hepg2,jurkat,centred,MED12,-0.07876875415504356,0.44877870812342235,0.21835237202684338,-0.2516279604072737
hepg2,jurkat,centred,DNM2,0.09097480594615757,0.30657616684306693,0.0010718434106559308,
hepg2,jurkat,centred,ZNF830,0.2819284198254482,0.5915260884329467,0.25956845608409596,0.7194919654534234
hepg2,jurkat,centred,PLEKHN1,0.173154341201759,0.1800937126281726,0.3723200500303389,
hepg2,jurkat,centred,VPS25,0.10359290548521437,0.37753057613014573,0.4309612444044688,0.2568235473133094
hepg2,jurkat,centred,KANSL2,0.4166010297172271,0.41226116222993847,0.8786710564134806,0.6921830608095156
hepg2,jurkat,centred,MRPL21,0.03753848863429444,0.2120350907660085,0.05151005239791225,
hepg2,jurkat,centred,LEO1,0.1730944887312291,0.4187527913964318,0.6147061379631344,0.34116982125597867
hepg2,jurkat,centred,SPC24,0.20373309776971588,0.46299182519684146,0.22086782750771136,0.6371016025694473
hepg2,jurkat,centred,DAD1,0.30254647795605005,0.6485914632110108,0.7688442390518737,0.4284373310137853
hepg2,jurkat,centred,BCAS2,0.04501501644328122,0.27975210012962975,0.3087341422839874,0.1531716551924362
hepg2,jurkat,centred,NUF2,-0.17108819081900858,0.0,0.1462246134954339,
hepg2,jurkat,centred,ZC3H18,0.023571823718973674,0.3051049825855951,0.5933280667539265,0.055401444480635546
hepg2,jurkat,centred,TCP1,0.09827785019619413,0.0,0.10062040346638446,
hepg2,jurkat,centred,NEDD8,0.37597402340960084,0.4373329207411589,0.8314994311492386,0.6234774872126289
hepg2,jurkat,centred,MED1,0.13532715374405382,0.4127888117383109,0.5073992874687426,0.2956964171300943
hepg2,jurkat,centred,SDHD,0.11157457700667495,0.15537333232754102,0.14022170161256264,
hepg2,jurkat,centred,UBR4,0.07937715209772904,0.3365060622276265,0.22258758685723917,0.2900337890529663
hepg2,jurkat,centred,CHTF8,0.14482442520468075,0.0,0.4845712404725555,
hepg2,hct116,raw,TFAM,0.498068375658208,0.9356630147320747,0.2515731188788838,1.0265902118659957
hepg2,hct116,raw,BAP1,0.15434417030803507,0.7385380827333462,0.29360925224005274,0.3314506802695879
hepg2,hct116,raw,NUP107,0.49646970722404765,0.8731165606263501,0.7163267120667574,0.6277707383607833
hepg2,hct116,raw,ABCE1,0.49115402539884917,0.883449354528184,0.9042997262510637,0.5495037736265079
hepg2,hct116,raw,UBTF,0.11708769563878164,0.12480117827375406,0.4592600598364947,
hepg2,hct116,raw,PCNX3,0.022299716688928186,0.3242321166030476,0.0,
hepg2,hct116,raw,ZBTB17,0.2964368597065836,0.5408959138694255,0.509055631919186,0.564927518372951
hepg2,hct116,raw,YPEL5,0.04359689949548235,0.15644319149505054,0.29850560136040827,
hepg2,hct116,raw,NOL6,0.3082750729618942,0.9144810818732655,0.5481558413937695,0.43541062559720195
hepg2,hct116,raw,PSMB6,0.4717003684255008,0.6809317426980896,0.574070824402813,0.7544521277156951
hepg2,hct116,raw,YRDC,-0.10964538419391076,0.0,0.0,
hepg2,hct116,raw,RARS2,0.17249317971964157,0.6987619461168263,0.0,
hepg2,hct116,raw,SAP130,0.18881942443622476,0.21040620170068308,0.2860969152719351,0.7695924769021641
hepg2,hct116,raw,GRSF1,0.30250915949520224,0.4483305270783571,0.3433117398643474,0.7710722007789379
hepg2,hct116,raw,OGFOD1,0.39760168108650207,0.5599277386485982,0.784206996756671,0.6000215715865733
hepg2,hct116,raw,PRPF6,0.3628171257919988,0.8695871009768745,0.17583152372467514,
hepg2,hct116,raw,SF3B1,0.43737425660170903,0.7947255146520961,0.310512624413923,0.8804506294457838
hepg2,hct116,raw,THOC3,0.29604377221979855,0.39229425073540897,0.8370489911448579,0.516623930298436
hepg2,hct116,raw,PLK4,-0.14169695653164927,0.8303154801901155,0.4936858393455624,-0.22131641143623654
hepg2,hct116,raw,HNRNPC,0.45811941949640184,0.8412161681701603,0.8524799589916362,0.5409819900493708
hepg2,hct116,raw,IRF2BP2,0.03132841341628031,0.0,0.11663742808238327,
hepg2,hct116,raw,PPP2R1A,0.09311556159449134,0.6294448732209735,0.0,
hepg2,hct116,raw,TTK,0.1913110280485286,0.8641863245004737,0.209572694505025,0.4495406427058958
hepg2,hct116,raw,C12orf60,0.07764054563494574,0.0,0.15462975202241902,
hepg2,hct116,raw,RPP14,0.5486131144945684,0.8970109412787809,0.6656867148744626,0.7099575303832713
hepg2,hct116,raw,DESI1,0.2714658040996941,0.30773249873673625,0.5365167513383343,0.6680928218132338
hepg2,hct116,raw,ARRB2,0.2775368219175275,0.5256280864523903,0.3116911648519315,0.6856762125640582
hepg2,hct116,raw,PRDM4,0.1393569873556046,0.22598144521454422,0.5159579216975053,0.40811749833952476
hepg2,hct116,raw,ANAPC15,0.03463896260658347,0.034224828679550214,0.05869891446581613,
hepg2,hct116,raw,INTS13,0.33543957384440093,0.692880145493369,0.5460613558058138,0.5453364387741315
hepg2,hct116,raw,ZNF407,-0.10670083702706064,0.29450186618908497,0.1657719040985005,
hepg2,hct116,raw,LPIN1,0.1285602720227181,0.07984719004105428,0.5187331964230181,
hepg2,hct116,raw,ANKS6,0.027871916444604374,0.0,0.02839994914614109,
hepg2,hct116,raw,XRCC1,0.1042419942589803,0.0,0.0,
hepg2,hct116,raw,TUFM,0.2646855839034958,0.5436218940524816,0.377405762251009,0.5843560638498337
hepg2,hct116,raw,NDUFB10,0.3350791620325902,0.5843294854598549,0.5329967449998222,0.6004215088278407
hepg2,hct116,raw,TIMM44,0.6010334896641709,0.9187936574585723,0.8317628046781949,0.6875272715874218
hepg2,hct116,raw,RBBP5,0.17514454201838237,0.8137167020441307,0.39548811479630297,0.308740266450358
hepg2,hct116,raw,DDX55,0.6972237229578646,0.9436135916855235,0.7525767200404396,0.8273698135476696
hepg2,hct116,raw,TRAPPC4,0.1371954012366202,0.024546908721293042,0.0,
hepg2,hct116,raw,CDC27,0.06287079461458643,0.17699290299162085,0.09103982141375329,
hepg2,hct116,raw,CCND1,0.03957758179038206,0.536997873080442,0.48059324215793625,0.07790658047590836
hepg2,hct116,raw,MRM1,0.10233213517440631,0.6732762840433609,0.17932113105901387,
hepg2,hct116,raw,RPL9,0.7254530055715317,0.9576396142642607,0.8821061874415383,0.7893103518077927
hepg2,hct116,raw,AFG3L2,0.49214150002603996,0.6123766818113701,0.6620124542521322,0.7729432094954033
hepg2,hct116,raw,NFYB,0.25060918685989453,0.6128475585869834,0.43871014392672253,0.4833168307515861
hepg2,hct116,raw,PRODH,0.10375313378264957,0.0,0.44456591965696685,
hepg2,hct116,raw,MRPL19,0.17824670551717653,0.4840120170641644,0.34653837888799366,0.4352289442110364
hepg2,hct116,raw,KAT5,0.18083183996232732,0.0,0.47338275271292396,
hepg2,hct116,raw,CLNS1A,0.09490626221566242,0.39905358825938536,0.46802918051336556,0.2196052881224974
hepg2,hct116,raw,KIN,0.05957133759291611,0.9098501616600402,0.6926175026307791,0.07504222154048286
hepg2,hct116,raw,MCM4,0.15222182173142176,0.16851973184275723,0.36189653870814575,
hepg2,hct116,raw,HYPK,0.12766813519181075,0.6806761491321129,0.019228044979962288,
hepg2,hct116,raw,GGPS1,0.06000603439419017,0.22018975618226858,0.29955186560470753,0.23364707953921351
hepg2,hct116,raw,CLSPN,0.14801532855719557,0.7276386432458429,0.14359453725490362,
hepg2,hct116,raw,PGD,0.37803168059366804,0.27518469983691934,0.6165984703166427,0.9177297991729662
hepg2,hct116,raw,PPWD1,0.380875987830101,0.5007560938824221,0.7172961977495518,0.6355082717702838
hepg2,hct116,raw,NCAPD3,0.0004989860151958942,0.0,0.24329193233861124,
hepg2,hct116,raw,TCERG1,0.3487281401196674,0.5696205380928755,0.6269665855312974,0.5835418070670725
hepg2,hct116,raw,GTF2A2,0.4059745634392433,0.5145527203504459,0.5267018216911086,0.7798327571996432
hepg2,hct116,raw,PCM1,0.042191922880853466,0.23976448031958167,0.2594416969521704,0.16916752981935265
hepg2,hct116,raw,SRSF1,0.5069314536933063,0.7272430140346502,0.8658027151921064,0.6388516018480456
hepg2,hct116,raw,PPP4C,0.2342289425922886,0.4743382463407038,0.13486174028249812,
hepg2,hct116,raw,DAD1,0.19999662703106946,0.736734766063401,0.5161627182935301,0.3243200308407891
hepg2,hct116,centred,TFAM,0.4777874215858195,0.9617356175619716,0.3722472631459312,0.7985297582332758
hepg2,hct116,centred,BAP1,0.22579774149602638,0.647239356905224,0.3916038837151237,0.44850123129890374
hepg2,hct116,centred,NUP107,0.474323766237524,0.8328335305659614,0.6715203326681389,0.6342583614993729
hepg2,hct116,centred,ABCE1,0.4650654722604264,0.848295285680933,0.8953324644917351,0.5336400358568444
hepg2,hct116,centred,UBTF,0.2927221078603193,0.4730356794148389,0.5342062085865656,0.5823098126821107
hepg2,hct116,centred,PCNX3,-0.03239425587900797,0.7052039135940333,0.0,
hepg2,hct116,centred,ZBTB17,0.271764534763118,0.7206286270151896,0.5132919174379231,0.4468428494959192
hepg2,hct116,centred,YPEL5,0.16447836753915462,0.5422380694918933,0.31666855047131315,0.3969276173597045
hepg2,hct116,centred,NOL6,0.24272252852266285,0.8628401673447489,0.5198491843256193,0.3624150522656177
hepg2,hct116,centred,PSMB6,0.32397285201288084,0.50571879472359,0.47230323480343783,0.6628932731868727
hepg2,hct116,centred,YRDC,0.26485425399755674,0.4808181373673124,0.21774515856164736,0.8185444688871254
hepg2,hct116,centred,RARS2,0.0933747500363478,0.3322482030420527,0.183736724186848,
hepg2,hct116,centred,SAP130,0.20840469600219758,0.24664983226249487,0.28621980221070503,0.7843632726281953
hepg2,hct116,centred,GRSF1,0.35637505753280374,0.5247267409510423,0.36400847927035884,0.8154267450742524
hepg2,hct116,centred,OGFOD1,0.29073210822050366,0.5868113671241013,0.7671690305867596,0.433309496477197
hepg2,hct116,centred,PRPF6,0.29433357458991444,0.7766919070231271,0.11476983975430335,
hepg2,hct116,centred,SF3B1,0.3700733917993345,0.6606498545323836,0.25742897002625575,0.8973739933124313
hepg2,hct116,centred,THOC3,0.2886224665856913,0.4304717520294057,0.8119249257058403,0.4882023524809158
hepg2,hct116,centred,PLK4,-0.03581826320849623,0.6324425668448241,0.5720424147304898,-0.05954973889358198
hepg2,hct116,centred,HNRNPC,0.3643931443403018,0.7236015586453345,0.8284646527409094,0.47063417370835936
hepg2,hct116,centred,IRF2BP2,0.21889071967762005,0.022710813977240004,0.21190990539302273,
hepg2,hct116,centred,PPP2R1A,0.19038323508037117,0.7988971752555277,0.0,
hepg2,hct116,centred,TTK,0.04292787793860385,0.7798533550388578,0.15786278356359557,
hepg2,hct116,centred,C12orf60,0.04998097019614788,0.0,0.0922749783419702,
hepg2,hct116,centred,RPP14,0.45410533379938817,0.8185453955962959,0.6076923203677808,0.6438628150830926
hepg2,hct116,centred,DESI1,0.3702355236222519,0.5504366073297373,0.5803061941090125,0.6550822448907612
hepg2,hct116,centred,ARRB2,0.22364577641886463,0.34230811562000185,0.3074595694786783,0.6893790729141049
hepg2,hct116,centred,PRDM4,0.046550392073421,0.37663040260056313,0.4500214876681966,0.1130704265339227
hepg2,hct116,centred,ANAPC15,0.1485996971905175,0.6474012053398864,0.13781726512276324,
hepg2,hct116,centred,INTS13,0.5250218046948953,0.7516807680841955,0.6200750057519817,0.7690215464825694
hepg2,hct116,centred,ZNF407,-0.05053302533833989,0.5451216232491705,0.1278718814235712,
hepg2,hct116,centred,LPIN1,-0.15906539637896994,0.45082388508239163,0.42667209845284754,-0.3626812730540679
hepg2,hct116,centred,ANKS6,0.21624831071362113,0.5555274306653578,0.14638975535152401,
hepg2,hct116,centred,XRCC1,0.3610251385409133,0.3644341946793689,0.2893750019678607,1.111725014679156
hepg2,hct116,centred,TUFM,0.3667175137143209,0.5718866681914077,0.45984356582872044,0.7151079533222383
hepg2,hct116,centred,NDUFB10,0.29089074570178886,0.3362459299348829,0.5535358821389238,0.6742617099047181
hepg2,hct116,centred,TIMM44,0.52969078308597,0.8850356117731508,0.7903997755162698,0.6333133441834787
hepg2,hct116,centred,RBBP5,0.09226603817278996,0.6908709937897503,0.36666533563800746,0.18331941648812247
hepg2,hct116,centred,DDX55,0.6367633419967264,0.88258743782742,0.7006350536169234,0.8097542790850277
hepg2,hct116,centred,TRAPPC4,0.18816158127287758,0.2636580715912109,0.04631367893528181,
hepg2,hct116,centred,CDC27,0.0014063303867907291,0.0921310146305958,0.022899688791304988,
hepg2,hct116,centred,CCND1,0.10212610814148058,0.45904221948892315,0.4825529517043635,0.21698912990515176
hepg2,hct116,centred,MRM1,0.06648566417596836,0.6089201681640709,0.17964965644370595,
hepg2,hct116,centred,RPL9,0.6968484659784526,0.9442400695866524,0.8663933730461082,0.770441333745239
hepg2,hct116,centred,AFG3L2,0.34874675839906144,0.48913317193086864,0.5909252670808082,0.6486797506522239
hepg2,hct116,centred,NFYB,0.203735266895039,0.7971030977117936,0.44455512655446533,0.34225212453064985
hepg2,hct116,centred,PRODH,0.3400029827825213,0.7186262234362408,0.4041215195513539,0.6309213266801452
hepg2,hct116,centred,MRPL19,0.1394959908394403,0.39663039992414395,0.3214090274093293,0.39069665393462033
hepg2,hct116,centred,KAT5,0.22310726625398847,0.10070191691613387,0.4989619877835184,
hepg2,hct116,centred,CLNS1A,-0.014673543805508298,0.06142644440775229,0.5096323104225327,
hepg2,hct116,centred,KIN,-0.1168993781163441,0.8616983295764955,0.6521250956312966,-0.15594416114557486
hepg2,hct116,centred,MCM4,0.16698420513244344,0.3640903577269884,0.23021932226766245,0.5767663561906999
hepg2,hct116,centred,HYPK,-0.0027543233385798668,0.41269717350755614,0.06542332734121595,
hepg2,hct116,centred,GGPS1,0.14612910758393388,0.33576462165938614,0.3556770443979823,0.42285487977660563
hepg2,hct116,centred,CLSPN,0.016808351059843078,0.5654542365866836,0.025991615194122197,
hepg2,hct116,centred,PGD,0.37105149684927247,0.047742428233475416,0.6133425726945542,
hepg2,hct116,centred,PPWD1,0.3231008602974844,0.3112918260653019,0.6766224441343743,0.7040136116735578
hepg2,hct116,centred,NCAPD3,0.07923495332834515,0.184151414762084,0.1842563711928534,
hepg2,hct116,centred,TCERG1,0.4384315677816685,0.6516745318240748,0.639389153367001,0.6792095910398267
hepg2,hct116,centred,GTF2A2,0.45934198390919095,0.6084110724269003,0.5423204668161483,0.7996677652061323
hepg2,hct116,centred,PCM1,0.2614178969300694,0.4608029204440032,0.3764255117253651,0.6276798403592694
hepg2,hct116,centred,SRSF1,0.4642959942607862,0.6611084010554118,0.8528449387331258,0.618334616607195
hepg2,hct116,centred,PPP4C,0.21767367890898368,0.3173352279516893,0.15779503759886396,
hepg2,hct116,centred,DAD1,0.10499681185721603,0.6574036437544811,0.5593408643247275,0.17314971627192172
hepg2,hek293t,raw,TFAM,0.484183551395391,0.942594178452702,0.18195209511364688,
hepg2,hek293t,raw,BAP1,-0.044660421779020736,0.7340028971871793,0.3100727085878451,-0.09361429299877518
hepg2,hek293t,raw,NUP107,0.34353122337950975,0.8740464972434181,0.866859520950031,0.3946613397843688
hepg2,hek293t,raw,ABCE1,0.4980468683809655,0.8845456062420185,0.9127879566542468,0.554274818236677
hepg2,hek293t,raw,UBTF,0.015745158539830627,0.14030108988816273,0.23331103117237556,
hepg2,hek293t,raw,PCNX3,-0.04687532898965756,0.252802594618476,0.27031499353937377,-0.17931577503147472
hepg2,hek293t,raw,ZBTB17,0.13810961319466805,0.4994217881995509,0.5882784851902216,0.2547995657746891
hepg2,hek293t,raw,YPEL5,0.030354721721558606,0.24221372373439162,0.22247462264427878,0.13076353216944772
hepg2,hek293t,raw,NOL6,0.2109541589475931,0.9142547159312615,0.6364987874577716,0.27653855994872173
hepg2,hek293t,raw,PSMB6,0.1816013836769848,0.6911443993716392,0.16595347165005309,
hepg2,hek293t,raw,YRDC,-0.0059033714739369055,0.0,0.5454562089261752,
hepg2,hek293t,raw,RARS2,0.20702782029140504,0.6748205213121444,0.3134850801346814,0.45011774151255424
hepg2,hek293t,raw,SAP130,0.12529980131485272,0.11152314062794233,0.3018295257414452,
hepg2,hek293t,raw,GRSF1,0.15382241516446762,0.34595148101137607,0.5615062358699487,0.3490074816388822
hepg2,hek293t,raw,OGFOD1,0.36926265490484106,0.5401074035966454,0.6550766720550781,0.6207964940475051
hepg2,hek293t,raw,PRPF6,0.1109304354083579,0.8577404170364031,0.0,
hepg2,hek293t,raw,SF3B1,0.21341421324394746,0.7911704263109296,0.2053509034062516,0.5294683547523753
hepg2,hek293t,raw,THOC3,0.27394827452173026,0.3487847195692555,0.4201987598551642,0.7155870313011296
hepg2,hek293t,raw,PLK4,-0.09908071348802829,0.7857240543539831,0.3452137464294089,-0.19024360209292793
hepg2,hek293t,raw,HNRNPC,0.36053071334890746,0.8239125556072945,0.6473305731923379,0.4936721728734859
hepg2,hek293t,raw,IRF2BP2,0.013968383244035397,0.0,0.29523796992070483,
hepg2,hek293t,raw,PPP2R1A,0.04643846007554675,0.5919294262191086,0.24246863024769108,0.1225787152463613
hepg2,hek293t,raw,TTK,0.18987805193453264,0.8474810579233529,0.0,
hepg2,hek293t,raw,C12orf60,0.03769305149870514,0.0,0.7472812970158087,
hepg2,hek293t,raw,RPP14,0.172752992486898,0.904044522881225,0.3595225438370872,0.30301742648806373
hepg2,hek293t,raw,DESI1,0.10929118765308181,0.2208029716648836,0.5115619002574178,0.32518731219895874
hepg2,hek293t,raw,ARRB2,0.0033659938566999595,0.5571840218683798,0.2704641452280998,0.00867079946484967
hepg2,hek293t,raw,PRDM4,0.07082413976709051,0.19426685292234908,0.25724343947655953,
hepg2,hek293t,raw,ANAPC15,0.049813928331534765,0.02061926108255927,0.0694148662181902,
hepg2,hek293t,raw,INTS13,0.34005869089228463,0.6963159346580048,0.4145043678159799,0.6329744150132257
hepg2,hek293t,raw,ZNF407,-0.2598689014905871,0.26024105556229704,0.5212607040585129,-0.7055680580964953
hepg2,hek293t,raw,LPIN1,0.02724681996365237,0.13143283983625562,0.39358204574275846,
hepg2,hek293t,raw,ANKS6,-0.026468293339071292,0.0,0.5799701127905947,
hepg2,hek293t,raw,XRCC1,0.02065447157588371,0.0,0.26484543247433023,
hepg2,hek293t,raw,TUFM,0.3208284033788977,0.5326995321145409,0.43545051607067553,0.666134991757661
hepg2,hek293t,raw,NDUFB10,0.3073740600002963,0.5460949149830733,0.31359183338757163,0.7427638783357476
hepg2,hek293t,raw,TIMM44,0.40987376067309694,0.9163606256375398,0.8050704349033101,0.4771994862525307
hepg2,hek293t,raw,RBBP5,0.10889087359738067,0.7993085760922993,0.4601851032886052,0.1795427892103084
hepg2,hek293t,raw,DDX55,0.040162971549821395,0.9358430636467903,0.41884475326512166,0.06415016606242124
hepg2,hek293t,raw,TRAPPC4,0.09170678381568444,0.0,0.0,
hepg2,hek293t,raw,CDC27,0.13625642605474697,0.20621321600177875,0.22248489490244394,0.6361338124736247
hepg2,hek293t,raw,CCND1,-0.06859795947029648,0.49792689570629245,0.7849687574527263,-0.10972414835554187
hepg2,hek293t,raw,MRM1,-0.06337842580871329,0.6549580567108138,0.19160732672480058,
hepg2,hek293t,raw,RPL9,0.18783783297104864,0.9567190108292015,0.7063460067582543,0.2284978511469944
hepg2,hek293t,raw,AFG3L2,0.3932094562376217,0.6200971311570816,0.7430514994209334,0.579274798837506
hepg2,hek293t,raw,NFYB,0.3120020785538781,0.6683509401841745,0.4499848372463051,0.5689266341775027
hepg2,hek293t,raw,PRODH,0.033656367100710176,0.0,0.555174472882625,
hepg2,hek293t,raw,MRPL19,0.23380399278557815,0.5281493055682306,0.0033646625581138043,
hepg2,hek293t,raw,KAT5,0.009121623158732267,0.0,0.2221726440309617,
hepg2,hek293t,raw,CLNS1A,0.037655340608477125,0.3531598799208991,0.43405357323218874,0.0961765584127173
hepg2,hek293t,raw,KIN,0.2420968852316277,0.9027096415532743,0.3004370507797096,0.4648773816693672
hepg2,hek293t,raw,MCM4,0.014495808066385006,0.17212096755400763,0.6653118108872864,
hepg2,hek293t,raw,HYPK,0.11623554838474766,0.6711098149792257,0.03886240388955621,
hepg2,hek293t,raw,GGPS1,0.06580365041342126,0.28156393618018166,0.2464693861212016,0.24979283720077655
hepg2,hek293t,raw,CLSPN,0.20647188347727305,0.6841038237801008,0.0429150734204091,
hepg2,hek293t,raw,PGD,-0.00014858766610857874,0.10289407260876612,0.20745145218142863,
hepg2,hek293t,raw,PPWD1,0.28098366132235786,0.477661769483839,0.3237529287884995,0.7145193141823734
hepg2,hek293t,raw,NCAPD3,-0.01492508515848666,0.0,0.269458916626819,
hepg2,hek293t,raw,TCERG1,0.271087749670902,0.5766450426332824,0.6105832057788833,0.4568600507637881
hepg2,hek293t,raw,GTF2A2,0.2775169927301027,0.4359919141369639,0.5248378882285244,0.5801466296070394
hepg2,hek293t,raw,PCM1,0.04654865442182739,0.24472615462232447,0.3744745966424652,0.15376438567154016
hepg2,hek293t,raw,SRSF1,0.11555727754974837,0.7287844892900202,0.8772562974771642,0.14452217664989403
hepg2,hek293t,raw,PPP4C,0.19872581311762996,0.4319219773293018,0.27949457770177927,0.5719590523116496
hepg2,hek293t,raw,DAD1,0.12885499220034036,0.7324039257011311,0.6321964152147054,0.18936508310968284
hepg2,hek293t,centred,TFAM,0.4411996934196995,0.9594352826003545,0.3160674524144605,0.8011935998321823
hepg2,hek293t,centred,BAP1,0.012886735939780023,0.6335728851031827,0.3380332928534783,0.027846133459347527
hepg2,hek293t,centred,NUP107,0.39202268736520807,0.8243885008060087,0.8525076058280808,0.46762326264878273
hepg2,hek293t,centred,ABCE1,0.5473387194840579,0.8502122588065355,0.9041225974074385,0.6242791473225431
hepg2,hek293t,centred,UBTF,0.1403553820960937,0.45606979559506206,0.1807379795848354,
hepg2,hek293t,centred,PCNX3,0.018242277884971538,0.6730787865523344,0.3196227262920591,0.03933030277280183
hepg2,hek293t,centred,ZBTB17,0.038011507850381966,0.7207902002896013,0.48975449100788443,0.06397664291785118
hepg2,hek293t,centred,YPEL5,-0.007818790114311594,0.5766920299087229,0.1782313007969848,
hepg2,hek293t,centred,NOL6,0.20169562121762982,0.860044087899622,0.5786803944760247,0.28590169362169576
hepg2,hek293t,centred,PSMB6,0.1378387325536287,0.5157402701946322,0.02090812571710645,
hepg2,hek293t,centred,YRDC,-0.04638426762497603,0.5696854852098505,0.47290936132378064,-0.08936432330012732
hepg2,hek293t,centred,RARS2,0.1889209145330433,0.2533878531385627,0.2126468768769969,0.8138748699648194
hepg2,hek293t,centred,SAP130,0.05675958997671269,0.2153897107172504,0.2725572861099383,0.23425985757100087
hepg2,hek293t,centred,GRSF1,0.11015534666562629,0.5042040837706729,0.5133373550811283,0.21652147044202832
hepg2,hek293t,centred,OGFOD1,0.2869101337329486,0.5867616598313655,0.5822729043338404,0.490853320448138
hepg2,hek293t,centred,PRPF6,0.16128572237678498,0.7641195122010871,0.0,
hepg2,hek293t,centred,SF3B1,0.21673595216874408,0.6563247778228382,0.1312573507221878,
hepg2,hek293t,centred,THOC3,0.2578366999659274,0.4064620428403143,0.2988790887287626,0.7397534019540255
hepg2,hek293t,centred,PLK4,-0.1460008523050272,0.559072732349248,0.37750046143087684,-0.3178062927093057
hepg2,hek293t,centred,HNRNPC,0.3520730118680602,0.7025602196390274,0.6289721358889524,0.529633265475317
hepg2,hek293t,centred,IRF2BP2,-0.03442639969049646,0.03687636187837965,0.28998501310243147,
hepg2,hek293t,centred,PPP2R1A,0.005008430467510635,0.765962514040299,0.2356387080672319,0.011788935032499637
hepg2,hek293t,centred,TTK,0.07084850791116255,0.7518851570577811,0.0,
hepg2,hek293t,centred,C12orf60,0.04948862122218401,0.0,0.7363656182899242,
hepg2,hek293t,centred,RPP14,0.10957570369293068,0.8339703503444423,0.313577157702145,0.21427265622573918
hepg2,hek293t,centred,DESI1,0.08424584650688408,0.4707539085222548,0.4151249728171969,0.1905733205206647
hepg2,hek293t,centred,ARRB2,-0.03318632717354278,0.372029700066123,0.30142466507079463,-0.0991016740815482
hepg2,hek293t,centred,PRDM4,0.0258064643894706,0.3522640238951232,0.23550084111393937,0.08959796194443902
hepg2,hek293t,centred,ANAPC15,0.1433131094361573,0.6018895346719002,0.24824063645141028,0.37075847301386405
hepg2,hek293t,centred,INTS13,0.2670416248742305,0.7577719137560376,0.39892577858672135,0.4856950295021538
hepg2,hek293t,centred,ZNF407,-0.24209398620290734,0.5381714509540765,0.464789443002563,-0.4840559313127777
hepg2,hek293t,centred,LPIN1,0.07282204374308056,0.5176758113158516,0.4002350001573386,0.15998394233584948
hepg2,hek293t,centred,ANKS6,0.06749579159194803,0.5619946099793579,0.6070140601953744,0.11556098756796404
hepg2,hek293t,centred,XRCC1,0.0643779790499613,0.3518744004864242,0.3758714260402711,0.17702061582739478
hepg2,hek293t,centred,TUFM,0.22758428119958427,0.5647262011008811,0.2864732467593923,0.5658238623564594
hepg2,hek293t,centred,NDUFB10,0.31212944519496244,0.2901148765130161,0.3474003349827095,0.9831835971025942
hepg2,hek293t,centred,TIMM44,0.426902757718504,0.8815532039846327,0.7663835950956197,0.5193756638862982
hepg2,hek293t,centred,RBBP5,0.08637929388989429,0.6628094121888969,0.4439761669676936,0.1592338836042104
hepg2,hek293t,centred,DDX55,0.04383883402033533,0.8599105220994464,0.4187042903623932,0.07305983005158274
hepg2,hek293t,centred,TRAPPC4,0.07655300848000032,0.248241826741444,0.0,
hepg2,hek293t,centred,CDC27,0.07156441748769159,0.13092142109289293,0.15515410309793212,
hepg2,hek293t,centred,CCND1,-0.07342790751314567,0.35073303272757944,0.7831627072252968,-0.1401028008347674
hepg2,hek293t,centred,MRM1,-0.08592834471559098,0.5800639134061251,0.0960775294583405,
hepg2,hek293t,centred,RPL9,0.17190464311087306,0.9435561285937101,0.6828930457908884,0.2141545924518539
hepg2,hek293t,centred,AFG3L2,0.3812920604281306,0.5096163934563996,0.691035351641772,0.6425189403396266
hepg2,hek293t,centred,NFYB,0.17413395149360072,0.8278109077306054,0.48816371177870416,0.2739271863764827
hepg2,hek293t,centred,PRODH,0.07642113763178646,0.7003298590593556,0.5767925890370547,0.12024093398448467
hepg2,hek293t,centred,MRPL19,0.1964132109782723,0.4334039339329353,0.0,
hepg2,hek293t,centred,KAT5,0.02326441520059066,0.06286466531981791,0.3012691173765063,
hepg2,hek293t,centred,CLNS1A,-0.03324443741657912,0.009696543246872911,0.30871196146519225,
hepg2,hek293t,centred,KIN,0.1930128018396834,0.848540400647042,0.23820510324836722,0.42931327927381546
hepg2,hek293t,centred,MCM4,0.02223548756502143,0.30033291484649965,0.645415542256343,0.05050396571957912
hepg2,hek293t,centred,HYPK,0.0608577528088691,0.38745406138644933,0.09716007340347373,
hepg2,hek293t,centred,GGPS1,0.10554034187895885,0.3373698143006101,0.21953746539710756,0.387802909156696
hepg2,hek293t,centred,CLSPN,0.150663011550953,0.49220752513440064,0.0,
hepg2,hek293t,centred,PGD,-0.060006986990235774,0.0,0.13587685614769282,
hepg2,hek293t,centred,PPWD1,0.294563495699772,0.30482199254240366,0.2426028844485389,1.0831978672616767
hepg2,hek293t,centred,NCAPD3,0.03363052180995126,0.11337922167380145,0.1750146044941685,
hepg2,hek293t,centred,TCERG1,0.2315253986598711,0.6764492660772498,0.5253816139910502,0.3883681359214723
hepg2,hek293t,centred,GTF2A2,0.24427804579025003,0.5381045941605578,0.41557461847249266,0.5165669061092772
hepg2,hek293t,centred,PCM1,0.049073888153693894,0.39458331929965174,0.3313819232192557,0.13571151564522163
hepg2,hek293t,centred,SRSF1,0.08633705877928873,0.673375471032343,0.8546393329649682,0.11380914618259434
hepg2,hek293t,centred,PPP4C,0.19737398353846697,0.28001194290919607,0.3018961610207432,0.6788484546405801
hepg2,hek293t,centred,DAD1,0.10281306956271016,0.6413083545188517,0.6542811386423112,0.15872037332484315
jurkat,hct116,raw,DDX55,0.2326837246246271,0.9300983516391795,0.7353293383786067,0.28135887754033767
jurkat,hct116,raw,TFAM,0.3796238815002056,0.9873550013108546,0.264569290670869,0.7427576674355109
jurkat,hct116,raw,PPP2R1A,0.05249299894976661,0.6144762827948389,0.0,
jurkat,hct116,raw,PRODH,-0.054035053744429476,0.0,0.4452269287844164,
jurkat,hct116,raw,PSMB6,0.28861191494117877,0.6617379184615076,0.5371561941772941,0.48408424887173945
jurkat,hct116,raw,ANAPC15,0.015063105933530177,0.06735303511147878,0.07654136223385609,
jurkat,hct116,raw,ZBTB17,0.24962274325567985,0.8053293241888628,0.4962581123834605,0.39486040384608795
jurkat,hct116,raw,CCND1,-0.019005672118065073,0.0,0.46547920921949465,
jurkat,hct116,raw,AFG3L2,0.37274577756260113,0.7667323676369965,0.6193638607029784,0.5409011480861686
jurkat,hct116,raw,MRM1,0.04281000285820056,0.7031572876255955,0.18998906393816,
jurkat,hct116,raw,UBTF,-0.03359801838352754,0.5278985747653178,0.4102303490384949,-0.07219789332147813
jurkat,hct116,raw,CLNS1A,0.3099087472337673,0.5758895600095745,0.45823477109171484,0.6032817830898164
jurkat,hct116,raw,THOC3,0.40821376739429605,0.7421875512861618,0.8062297027298738,0.5277174044312571
jurkat,hct116,raw,MCM4,0.3353050290007332,0.5915453175336629,0.27200276293334497,0.8359097655122646
jurkat,hct116,raw,PCNX3,-0.030450498602634973,0.0,0.0,
jurkat,hct116,raw,INTS13,0.40979922766322613,0.8347968873176035,0.5429529994185314,0.608694821125852
jurkat,hct116,raw,DESI1,0.2673213833642662,0.737232815418928,0.5238535503547781,0.4301564358159824
jurkat,hct116,raw,RBBP5,0.2325854371490295,0.8622916761995932,0.34859868811429084,0.4242213754043075
jurkat,hct116,raw,YRDC,0.013886008526499556,0.331522666802144,0.02132803762177111,
jurkat,hct116,raw,XRCC1,0.10682049044239053,0.07493550054138212,0.0,
jurkat,hct116,raw,RARS2,0.10815327391312407,0.6454547891218315,0.0,
jurkat,hct116,raw,RPP14,0.3471205160398813,0.8665165443985302,0.6401297515425334,0.4660771878818641
jurkat,hct116,raw,TIMM44,0.4543734763070921,0.886237658082586,0.7889136580538821,0.5434043796307578
jurkat,hct116,raw,ANKS6,0.08087829629421218,0.021754583790722544,0.017807905634780127,
jurkat,hct116,raw,BAP1,0.16044937755456315,0.7871133956544674,0.2724428510647228,0.3464827970149702
jurkat,hct116,raw,GGPS1,0.060950674592092795,0.47214400546536084,0.32297388437574953,0.15608370780078695
jurkat,hct116,raw,YPEL5,-0.03829547607275642,0.3522642821106998,0.2602596106803216,-0.12647648285346913
jurkat,hct116,raw,LPIN1,0.14242055031051082,0.18842332583711877,0.48430888462859806,
jurkat,hct116,raw,TCERG1,0.39870270078113623,0.7788521550451579,0.6438142280468824,0.56304276144542
jurkat,hct116,raw,PLK4,0.014997817153493902,0.42842284295297484,0.4549946744790851,0.033969455725108844
jurkat,hct116,raw,PPWD1,0.35268379772681707,0.39633109465937955,0.6981774679313081,0.6704610005599397
jurkat,hct116,raw,NOL6,0.383022688195925,0.837661154845211,0.5015025406769583,0.5909540904785904
jurkat,hct116,raw,NCAPD3,0.07726626150262352,0.0,0.22487733020385936,
jurkat,hct116,raw,GRSF1,0.2199666586972485,0.610597629644314,0.30616828705270593,0.5087438809649483
jurkat,hct116,raw,OGFOD1,0.6285561542210486,0.8637952421716223,0.7843342758195797,0.7636389678756039
jurkat,hct116,raw,SAP130,0.19509805897264693,0.6051865398287692,0.3099790851170837,0.4504453650101091
jurkat,hct116,raw,TRAPPC4,0.13430081488948012,0.600239851122306,0.0,
jurkat,hct116,raw,HYPK,0.18346825570075687,0.5173906048089091,0.025512147742317044,
jurkat,hct116,raw,KIN,0.5415098519675994,0.7803016482288074,0.7057734923115315,0.7296967782526992
jurkat,hct116,raw,PGD,0.3157508196629276,0.7858381989818515,0.6223031044775963,0.4515199406552542
jurkat,hct116,raw,RPL9,0.03969029275186238,0.6470204181742779,0.8879694696103142,0.05236321363531626
jurkat,hct116,raw,DAD1,0.5089130254674854,0.6965611134298699,0.4403190333978121,0.9189253330882127
jurkat,hct116,raw,NFYB,0.28727289087907176,0.5501393119723398,0.3697227251679971,0.6369718386938898
jurkat,hct116,raw,MRPL19,0.10981670727206454,0.545229171087972,0.33001778783017915,0.2588869753448041
jurkat,hct116,raw,PPP4C,0.2627260469880759,0.5082218915050271,0.08796257098779497,
jurkat,hct116,raw,ZNF407,-0.02470426973666591,0.0,0.1515539667585884,
jurkat,hct116,raw,GTF2A2,0.387275014121124,0.6175808465716315,0.49063909433976977,0.703544373526018
jurkat,hct116,raw,KAT5,0.06221686023667191,0.15416681330338164,0.4003758166670575,
jurkat,hct116,raw,IRF2BP2,-0.06061925421472275,0.18116504036445005,0.0,
jurkat,hct116,raw,NUP107,0.17850541984432516,0.2437490660131647,0.6833882021415816,0.4373671777198958
jurkat,hct116,raw,C12orf60,0.07096389692489508,0.3065201133454619,0.2038105266439627,0.2839191342599677
jurkat,hct116,raw,SF3B1,0.20752147944185917,0.2417538880237887,0.2750601550332508,0.804752768604247
jurkat,hct116,raw,NDUFB10,0.3582390618595464,0.3085711569097751,0.4593564088808644,0.9515253971901995
jurkat,hct116,raw,PRDM4,0.22571588742913526,0.48026463165633243,0.43426666420917276,0.4942464743160533
jurkat,hct116,raw,CLSPN,-0.19363862783729296,0.0,0.14813157135648986,
jurkat,hct116,raw,ABCE1,0.5131391325527922,0.8787694562729329,0.8910721875897788,0.579884118369983
jurkat,hct116,raw,TUFM,0.2296619465297856,0.7654686946098409,0.37595236644081115,0.4281134901599625
jurkat,hct116,raw,ARRB2,0.12758126459895686,0.12399864563681744,0.22566049952962383,
jurkat,hct116,raw,PCM1,0.17342277539640347,0.45094529233888336,0.23405160186314947,0.5338120764301106
jurkat,hct116,raw,TTK,0.014504249205461086,0.02974603851068927,0.15075813445612432,
jurkat,hct116,raw,SRSF1,0.39976060808578245,0.5074759168674307,0.8533858428955303,0.6074626237894318
jurkat,hct116,raw,PRPF6,0.2216195398367227,0.38327304160191666,0.12678123022319718,
jurkat,hct116,raw,CDC27,0.010329677002191087,0.008376790312740348,0.07257674394439685,
jurkat,hct116,raw,HNRNPC,0.2386749790819331,0.4192813835536988,0.8358711678529881,0.40316649281973543
jurkat,hct116,centred,DDX55,0.1801845344598937,0.9149983688947319,0.6828476987242269,0.22795306028966011
jurkat,hct116,centred,TFAM,0.3538412077119125,0.9822216968865387,0.3644439822283674,0.5914094439456139
jurkat,hct116,centred,PPP2R1A,0.12491810844182438,0.7798649849923165,0.0,
jurkat,hct116,centred,PRODH,0.13348184859316337,0.35312586551749653,0.3867060849359654,0.36121597152002044
jurkat,hct116,centred,PSMB6,0.22031339480137418,0.63013561549965,0.4454323556319756,0.41584646014624915
jurkat,hct116,centred,ANAPC15,0.0989778716266121,0.47384027989894645,0.12328693990872654,
jurkat,hct116,centred,ZBTB17,0.23300746048493234,0.832521243466012,0.49271124645814846,0.36381108437739307
jurkat,hct116,centred,CCND1,0.2456512777261552,0.49407674506535704,0.49329894343498254,0.4975843679482386
jurkat,hct116,centred,AFG3L2,0.310005421666846,0.7125956215502105,0.5445436315286599,0.49765843881651906
jurkat,hct116,centred,MRM1,0.049278546992452744,0.6981796215723702,0.2174560466568236,0.12647030488008046
jurkat,hct116,centred,UBTF,0.15434270135496184,0.5015105685790835,0.4716730550765195,0.3173405124389795
jurkat,hct116,centred,CLNS1A,0.291002835726676,0.5424999552048876,0.4877470432715961,0.5657180621536431
jurkat,hct116,centred,THOC3,0.3783017380698496,0.7024275346208829,0.7750834721459474,0.512700020665653
jurkat,hct116,centred,MCM4,0.296155099582928,0.5108296194297326,0.14422511590043088,
jurkat,hct116,centred,PCNX3,0.007422269876511864,0.33785688067728975,0.0,
jurkat,hct116,centred,INTS13,0.4440534888082899,0.8661560852929262,0.6118675239915858,0.6099700406360296
jurkat,hct116,centred,DESI1,0.23192209498240993,0.6536310600841336,0.5538014008258358,0.3854772568160732
jurkat,hct116,centred,RBBP5,0.22025896578682722,0.8367856533850851,0.3395852235621709,0.41319217723700485
jurkat,hct116,centred,YRDC,0.21580886634446417,0.44225798972810626,0.19456519505335695,
jurkat,hct116,centred,XRCC1,0.25036124153698247,0.257266675366158,0.1625748626656466,
jurkat,hct116,centred,RARS2,0.10564888148523616,0.548406779452344,0.157073697853778,
jurkat,hct116,centred,RPP14,0.3143451901459806,0.8620086955206175,0.5721465474145118,0.44760750050660675
jurkat,hct116,centred,TIMM44,0.41742207254238733,0.8640910671342529,0.7408258262125557,0.5217201317772476
jurkat,hct116,centred,ANKS6,0.21563346941147282,0.3851005197387985,0.119302303583834,
jurkat,hct116,centred,BAP1,0.19405279448967047,0.8075541373704324,0.361719155080964,0.35904453780631196
jurkat,hct116,centred,GGPS1,0.13525702879648555,0.45173625833336695,0.3731927775321165,0.3294205991500744
jurkat,hct116,centred,YPEL5,-0.10567527708467195,0.34177924482410665,0.31619959421588284,-0.32145478749349665
jurkat,hct116,centred,LPIN1,0.02990557783039879,0.502107291321992,0.3852511144273466,0.06799578348846946
jurkat,hct116,centred,TCERG1,0.4169364363603617,0.7645790203479635,0.6559612752322281,0.5887346009687165
jurkat,hct116,centred,PLK4,0.17386473147574746,0.48024039080826947,0.5390910778205378,0.3417048005688235
jurkat,hct116,centred,PPWD1,0.2842394761317759,0.3129516889749079,0.6526146791777224,0.6289517431786924
jurkat,hct116,centred,NOL6,0.3707033536938685,0.8390447340226121,0.4618103138288201,0.5955279416630413
jurkat,hct116,centred,NCAPD3,0.12241337583597404,0.13631358708907473,0.1846238017707627,
jurkat,hct116,centred,GRSF1,0.2140680738218855,0.5638700400201176,0.3694666445778288,0.4690020846876161
jurkat,hct116,centred,OGFOD1,0.591236041939963,0.8454157399580288,0.7707301456163708,0.7324442320946812
jurkat,hct116,centred,SAP130,0.19031189989137645,0.5900832270943617,0.33685831160782864,0.426860212264479
jurkat,hct116,centred,TRAPPC4,0.12138709608722824,0.6486167126236488,0.05083025755792123,
jurkat,hct116,centred,HYPK,0.10665198888288882,0.5364411703364637,0.010557999845659471,
jurkat,hct116,centred,KIN,0.5139728972062424,0.7504516583479426,0.6682683897114782,0.7257773292437413
jurkat,hct116,centred,PGD,0.2640458314104245,0.7539743531000277,0.6205425787960135,0.3860248258951785
jurkat,hct116,centred,RPL9,-0.03372338756690703,0.6222542671019394,0.8737984609105302,-0.04573425556204907
jurkat,hct116,centred,DAD1,0.5178536230954216,0.7046729834327964,0.4955599976079008,0.8763247695681485
jurkat,hct116,centred,NFYB,0.24783468028130493,0.5159018302684512,0.4205606985446724,0.5320643998492006
jurkat,hct116,centred,MRPL19,0.10793028189327689,0.46279721279875563,0.28873756021680186,0.29525434860305877
jurkat,hct116,centred,PPP4C,0.21917571696996,0.4316822237888896,0.12046301789721395,
jurkat,hct116,centred,ZNF407,0.04866380002740381,0.0034784080371356523,0.12072121826681452,
jurkat,hct116,centred,GTF2A2,0.40812685561571643,0.6057267975232424,0.507908800469432,0.7358069923261892
jurkat,hct116,centred,KAT5,0.028758905131414866,0.0,0.4294780071272331,
jurkat,hct116,centred,IRF2BP2,0.03630462104952087,0.18717917382342153,0.1142551318290252,
jurkat,hct116,centred,NUP107,0.09101007095500471,0.2202024751401457,0.6215515076608892,0.24600265411214609
jurkat,hct116,centred,C12orf60,0.018603878054908804,0.2936960742114016,0.14637364807970832,
jurkat,hct116,centred,SF3B1,0.14348243518075027,0.1600353794879712,0.22354309591597815,
jurkat,hct116,centred,NDUFB10,0.3467567447523252,0.1952512968709877,0.4686940201350297,
jurkat,hct116,centred,PRDM4,0.1653027105193681,0.38790243738532043,0.3686430264162947,0.4371351296270067
jurkat,hct116,centred,CLSPN,-0.22995731730754698,0.0767333434828379,0.03297067490784918,
jurkat,hct116,centred,ABCE1,0.514982751407469,0.8747823879948293,0.8821970837627466,0.5862189576555551
jurkat,hct116,centred,TUFM,0.21529624107979764,0.7209908117646675,0.4524937932138592,0.37693396173143484
jurkat,hct116,centred,ARRB2,0.1130664711959707,0.09905602628069603,0.2094752773549806,
jurkat,hct116,centred,PCM1,0.1485235509616654,0.4178226570832649,0.3642826523117981,0.3806975533254747
jurkat,hct116,centred,TTK,-0.039961359207549174,0.11262011880448394,0.09888301090481766,
jurkat,hct116,centred,SRSF1,0.39343561280727873,0.4662054144598911,0.845215454439395,0.6267600368237125
jurkat,hct116,centred,PRPF6,0.14100539406716864,0.33991557532119365,0.07027376294038773,
jurkat,hct116,centred,CDC27,0.029686777144807268,0.06341612654562945,0.0384083433995338,
jurkat,hct116,centred,HNRNPC,0.2082923770381525,0.3276388174218199,0.8131638329900717,0.403540078517626
jurkat,hek293t,raw,DDX55,0.3486343241983311,0.9272454345893694,0.336240855802023,0.6243779386141038
jurkat,hek293t,raw,TFAM,0.372464231784316,0.9864885008161323,0.2121135854554217,0.8142435314072843
jurkat,hek293t,raw,PPP2R1A,0.19936972682786985,0.5965737146850524,0.21820995472325233,0.5525732756341669
jurkat,hek293t,raw,PRODH,-0.07820077979794575,0.0,0.584854329867669,
jurkat,hek293t,raw,PSMB6,0.22378328360850258,0.6231875760990285,0.25198757183501036,0.5647141733077365
jurkat,hek293t,raw,ANAPC15,-0.010210973483008414,0.05159600487779681,0.03762341553511842,
jurkat,hek293t,raw,ZBTB17,0.23751558360077865,0.7742272828422981,0.5371323796681142,0.3683131347809332
jurkat,hek293t,raw,CCND1,0.09439296564470055,0.01791091561707117,0.7755182345947523,
jurkat,hek293t,raw,AFG3L2,0.4054448048175598,0.7522778509593121,0.6976371247109262,0.5596645650402964
jurkat,hek293t,raw,MRM1,-0.0013700634921449933,0.6748241832255896,0.2138878093465529,-0.0036062211724734415
jurkat,hek293t,raw,UBTF,0.007526865039833151,0.48929213114097336,0.22767720577661416,0.022551230131517414
jurkat,hek293t,raw,CLNS1A,0.20614422599147406,0.5967252035670907,0.4204405645605898,0.4115585978778959
jurkat,hek293t,raw,THOC3,0.38726539898284595,0.7420300711640075,0.34080010491780405,0.7701017017239924
jurkat,hek293t,raw,MCM4,0.2877428987479038,0.6133463765210587,0.6432509063510244,0.45810128399277733
jurkat,hek293t,raw,PCNX3,0.00013878559662186445,0.0,0.20630510861502072,
jurkat,hek293t,raw,INTS13,0.29641421672714985,0.8353706274704235,0.3681688173406029,0.5344855001610902
jurkat,hek293t,raw,DESI1,0.15188865468768092,0.7070701107193662,0.4668622169337044,0.26436242799223447
jurkat,hek293t,raw,RBBP5,0.274448685278119,0.8557288216673737,0.49692729157906945,0.42086872113413887
jurkat,hek293t,raw,YRDC,-0.011775331550594124,0.2791566613918774,0.5228377270662131,-0.030822345711557484
jurkat,hek293t,raw,XRCC1,0.07422887197723924,0.16163623818849268,0.2000515465878879,
jurkat,hek293t,raw,RARS2,0.1503879144109512,0.6240895401077369,0.25250628053377044,0.3788378753874024
jurkat,hek293t,raw,RPP14,0.26708633931541015,0.8669107305377205,0.3024643826971318,0.521587729555624
jurkat,hek293t,raw,TIMM44,0.388020212867234,0.8802117050100344,0.7672264732221302,0.47217065216112897
jurkat,hek293t,raw,ANKS6,0.14870121241232473,0.003649868098378125,0.5597336041685749,
jurkat,hek293t,raw,BAP1,0.1852601386114818,0.7565416604407516,0.3434717036437617,0.3634294178230678
jurkat,hek293t,raw,GGPS1,0.08435922435071695,0.5237919854452007,0.24416937810370443,0.23588892700254166
jurkat,hek293t,raw,YPEL5,0.08126455319806428,0.3777585449040119,0.2242931146922938,0.27918111184965366
jurkat,hek293t,raw,LPIN1,0.12854997382125516,0.15105923310136501,0.306721018712644,
jurkat,hek293t,raw,TCERG1,0.37761755229429933,0.7875326196801034,0.6326690212066444,0.5349702265938149
jurkat,hek293t,raw,PLK4,-0.04325774830455528,0.3961735410149903,0.35115831343067877,-0.11597641995526493
jurkat,hek293t,raw,PPWD1,0.2939325862443341,0.37747645221590925,0.2771954872843075,0.908677398014845
jurkat,hek293t,raw,NOL6,0.4543180475713959,0.8290375524686897,0.5890845351974311,0.6501058543334682
jurkat,hek293t,raw,NCAPD3,0.1713696317990814,0.21216169761091036,0.2974170617190194,0.6822089824790508
jurkat,hek293t,raw,GRSF1,-0.006074428453598604,0.4666334340243887,0.5954374620017536,-0.011523898315269874
jurkat,hek293t,raw,OGFOD1,0.5112687080255428,0.8688295600596265,0.6485253546086799,0.6811118537486162
jurkat,hek293t,raw,SAP130,0.1734941169507921,0.5697742118575058,0.2827922573444147,0.4322147671037838
jurkat,hek293t,raw,TRAPPC4,0.11637379105736707,0.5974602508060719,0.0,
jurkat,hek293t,raw,HYPK,0.1845410040320279,0.4820701928655386,0.0,
jurkat,hek293t,raw,KIN,0.16183863904402415,0.7850272100339611,0.2751757256902648,0.34820483908411487
jurkat,hek293t,raw,PGD,0.1320845925951883,0.7458884379448805,0.14949476421313593,
jurkat,hek293t,raw,RPL9,0.4208130203877939,0.642168094464175,0.6837870554049513,0.6350448073695684
jurkat,hek293t,raw,DAD1,0.42410148765099903,0.6838107743049402,0.59608692610286,0.664273653702041
jurkat,hek293t,raw,NFYB,0.12973864598765614,0.5446439125613333,0.42650072465610256,0.2691864204807759
jurkat,hek293t,raw,MRPL19,0.19344492233963487,0.6071182391629586,0.06792766492682106,
jurkat,hek293t,raw,PPP4C,0.25678362938948934,0.48575136268706404,0.2178890914085872,0.7893008584566188
jurkat,hek293t,raw,ZNF407,0.023208475695896007,0.0,0.5083197699943878,
jurkat,hek293t,raw,GTF2A2,0.36640122633683647,0.5827361287049986,0.49001239212048875,0.6856735783135364
jurkat,hek293t,raw,KAT5,0.016497549030691352,0.19115643367812046,0.09327783077311184,
jurkat,hek293t,raw,IRF2BP2,-0.004626748970473882,0.27545960073092324,0.2850331489907596,-0.016511985354745424
jurkat,hek293t,raw,NUP107,0.08396273462192237,0.22426682098797845,0.8623978110177368,0.1909194781768183
jurkat,hek293t,raw,C12orf60,0.09487410166800686,0.2832708376064411,0.7674751209536127,0.20347665539155144
jurkat,hek293t,raw,SF3B1,0.20299448338616255,0.21449093823189236,0.14697022649407926,
jurkat,hek293t,raw,NDUFB10,0.2161952802608501,0.3400717310732188,0.18315676961962563,
jurkat,hek293t,raw,PRDM4,0.12429759750322411,0.46135898603922243,0.17785005352419966,
jurkat,hek293t,raw,CLSPN,-0.08343380090178937,0.030735342290493912,0.000382589623222714,
jurkat,hek293t,raw,ABCE1,0.7290547087054148,0.8748749097498263,0.9023743705371763,0.8205286741089037
jurkat,hek293t,raw,TUFM,0.2956194433000247,0.7533026376968199,0.3521268519596611,0.5739825359299535
jurkat,hek293t,raw,ARRB2,-0.05687516024095866,0.15437459896473582,0.32210410190365074,
jurkat,hek293t,raw,PCM1,0.09959858208803478,0.4038531715739314,0.3598907927117735,0.2612498434070938
jurkat,hek293t,raw,TTK,0.11300107443717607,0.05792845638032735,0.0,
jurkat,hek293t,raw,SRSF1,0.2595497159009499,0.5025953897945405,0.8764857936502866,0.39105592185313465
jurkat,hek293t,raw,PRPF6,0.11957850668955901,0.3768485584946214,0.0,
jurkat,hek293t,raw,CDC27,0.020839212588259295,0.02697242966226421,0.2116835663893411,
jurkat,hek293t,raw,HNRNPC,0.18712750995208716,0.4032360718902163,0.6513237047403091,0.3651400819137462
jurkat,hek293t,centred,DDX55,0.3810633007460208,0.9121680973188498,0.35916506536486087,0.6657522480301952
jurkat,hek293t,centred,TFAM,0.47615955730319065,0.9814805630160048,0.3170806007008262,0.853545776924477
jurkat,hek293t,centred,PPP2R1A,0.25423293061729896,0.7681535707369641,0.23631506341175898,0.596708293480542
jurkat,hek293t,centred,PRODH,0.16045946441358405,0.3736472815117203,0.6040148342979983,0.33776187156394144
jurkat,hek293t,centred,PSMB6,0.189836733965598,0.5882933825276249,0.10203171679286199,
jurkat,hek293t,centred,ANAPC15,0.1961584241268389,0.464448874713798,0.22044320732805506,0.6130411762043647
jurkat,hek293t,centred,ZBTB17,0.1619719539555126,0.8148933636079264,0.43455188284462615,0.2721877733690793
jurkat,hek293t,centred,CCND1,0.3112293663043043,0.48872726357783514,0.7747484471160918,0.5057861442229513
jurkat,hek293t,centred,AFG3L2,0.38268898402278045,0.7000548111133235,0.6384937857939312,0.5724026045315979
jurkat,hek293t,centred,MRM1,-0.058474234568810415,0.6698250562104192,0.1228916184438404,
jurkat,hek293t,centred,UBTF,0.12900991397635542,0.4811406398412907,0.2106850679512756,0.40520069971369765
jurkat,hek293t,centred,CLNS1A,0.16015600230516316,0.5581827503368032,0.29282413599110574,0.39614262845173853
jurkat,hek293t,centred,THOC3,0.33094298732889366,0.7055573247022732,0.2239527334742814,0.8325471656188292
jurkat,hek293t,centred,MCM4,0.21149481724262484,0.5420893448703459,0.6133141601792763,0.36679448564141526
jurkat,hek293t,centred,PCNX3,0.09602353909070008,0.32801250811046445,0.2531923941186286,0.33320167683185
jurkat,hek293t,centred,INTS13,0.3611987972512295,0.8614493670881961,0.3665606360259888,0.6427743008799045
jurkat,hek293t,centred,DESI1,0.13840267859961042,0.6108303452335531,0.3721947386865515,0.2902679451529948
jurkat,hek293t,centred,RBBP5,0.1989676867900875,0.8280487607330909,0.47727219990384423,0.3164984051206277
jurkat,hek293t,centred,YRDC,-0.032747453210932954,0.39943133896554395,0.435793044936357,-0.07849035888071847
jurkat,hek293t,centred,XRCC1,0.16885071147412378,0.3156155815654088,0.317999549109123,0.532979401730134
jurkat,hek293t,centred,RARS2,0.13915770433447197,0.5272412332630223,0.1758384405339085,
jurkat,hek293t,centred,RPP14,0.2404096965908819,0.8632370054782413,0.25487483554258417,0.5125349391682857
jurkat,hek293t,centred,TIMM44,0.39079066856564754,0.8574051673121016,0.7214643242703747,0.49687106479430326
jurkat,hek293t,centred,ANKS6,0.3321499774765643,0.3553995892959435,0.5885859055807764,0.7262244016917337
jurkat,hek293t,centred,BAP1,0.23847577585433777,0.7811395771143463,0.354461870088576,0.4532055159864592
jurkat,hek293t,centred,GGPS1,0.0320023750171497,0.4895163107598497,0.21848308230874255,0.09785650925857842
jurkat,hek293t,centred,YPEL5,0.08309463577087156,0.3814303063643922,0.187444412478488,
jurkat,hek293t,centred,LPIN1,0.27955435107340854,0.46876947667551144,0.32692984967910727,0.7141004488518233
jurkat,hek293t,centred,TCERG1,0.35044951235525806,0.7715730132289302,0.5576847691244996,0.5342475676423605
jurkat,hek293t,centred,PLK4,0.10764505586251696,0.4700809469395653,0.40135298145496956,0.24782465841482285
jurkat,hek293t,centred,PPWD1,0.21806686608916126,0.29229945088032966,0.19320800753210302,
jurkat,hek293t,centred,NOL6,0.41898614941507506,0.8336597464805692,0.532972182159689,0.6285690303970426
jurkat,hek293t,centred,NCAPD3,0.22949234893960715,0.4070646176767847,0.2305293706425515,0.7491579652204775
jurkat,hek293t,centred,GRSF1,-0.0452002077576504,0.3723735227520137,0.5552483495378099,-0.09940480923145398
jurkat,hek293t,centred,OGFOD1,0.47755759760618527,0.8501602832624499,0.5716163467394834,0.6850512019431432
jurkat,hek293t,centred,SAP130,0.12333082045958413,0.5478014454011214,0.24993007645094012,0.33331186429662835
jurkat,hek293t,centred,TRAPPC4,0.11402727952107132,0.6400016309775735,0.0,
jurkat,hek293t,centred,HYPK,0.24955059989524372,0.5027086454755202,0.05739777201426398,
jurkat,hek293t,centred,KIN,0.05048659847068508,0.7555975959111254,0.20445972084453579,0.12844788145417546
jurkat,hek293t,centred,PGD,0.07364540722317273,0.7076168573404042,0.10543049870880516,
jurkat,hek293t,centred,RPL9,0.35798048823086637,0.6206798815238976,0.6544403980604816,0.5616819550389021
jurkat,hek293t,centred,DAD1,0.42606191965115175,0.6897146462123016,0.6239683223481298,0.6494664549356004
jurkat,hek293t,centred,NFYB,0.10461088743305448,0.5085853410352299,0.47016232412130865,0.21392968656701591
jurkat,hek293t,centred,MRPL19,0.19754970315299375,0.5495989060130944,0.013909504599333319,
jurkat,hek293t,centred,PPP4C,0.22515073430167193,0.41711268276042385,0.24837672318956766,0.6995056448375908
jurkat,hek293t,centred,ZNF407,0.09622604018716646,0.0,0.45692565851710454,
jurkat,hek293t,centred,GTF2A2,0.32535145718842623,0.572488980000351,0.3793849957355684,0.698118448875019
jurkat,hek293t,centred,KAT5,0.026562029323017575,0.026267377632692223,0.2163621325326679,
jurkat,hek293t,centred,IRF2BP2,0.06134507251813957,0.24516484534815117,0.2765719032503732,0.23558441529777868
jurkat,hek293t,centred,NUP107,-0.04861284617155958,0.17699989708087105,0.8459844021082518,
jurkat,hek293t,centred,C12orf60,0.04071331463406207,0.26970133379656047,0.7565092576562494,0.09013382277585677
jurkat,hek293t,centred,SF3B1,0.09664205990857261,0.13919739781744295,0.0704816004819631,
jurkat,hek293t,centred,NDUFB10,0.19566890483529364,0.23869170125389896,0.2265187416820844,0.8414941169709638
jurkat,hek293t,centred,PRDM4,0.08303404374470706,0.3677882554518126,0.18353141833865683,
jurkat,hek293t,centred,CLSPN,-0.09820427867214795,0.11520715579577188,0.0,
jurkat,hek293t,centred,ABCE1,0.7352125850561423,0.8722224356864416,0.8922029221062622,0.8334268448621406
jurkat,hek293t,centred,TUFM,0.29008878381476644,0.713905638421649,0.17855842585178874,
jurkat,hek293t,centred,ARRB2,-0.010272124865865208,0.1385846104511718,0.34795184209384855,
jurkat,hek293t,centred,PCM1,0.06742824130517812,0.37635329688012203,0.30837744170090514,0.19792591864391437
jurkat,hek293t,centred,TTK,0.04957429395901799,0.11961287527740988,0.0,
jurkat,hek293t,centred,SRSF1,0.14523977814880154,0.4601380599121749,0.8537807233210227,0.23172256427202553
jurkat,hek293t,centred,PRPF6,0.11826226002497191,0.3418808589529488,0.0,
jurkat,hek293t,centred,CDC27,-0.006305083750438358,0.0821152642770771,0.16001829850207266,
jurkat,hek293t,centred,HNRNPC,0.15061495292617588,0.3122119415284502,0.6343764915553641,0.3384307333611794
hct116,hek293t,raw,CHKA,-0.14071031682980734,0.0,0.22295074195618847,
hct116,hek293t,raw,EEF1D,0.04833879814250167,0.3860475188916663,0.520751079595051,0.10781033014172957
hct116,hek293t,raw,GNAI3,-0.019584530250684743,0.053023485419038126,0.16786724116001406,
hct116,hek293t,raw,ZNF610,-0.21626909311059156,0.03335593340373004,0.49994055328612164,
hct116,hek293t,raw,PRDM4,0.17110200696481787,0.3703692674686051,0.2426288271019304,0.5707769586221596
hct116,hek293t,raw,ANKS6,0.3377351412753553,0.19115991426545015,0.6370046791523134,
hct116,hek293t,raw,ABCE1,0.5649722942326034,0.8863083297918449,0.8977745324372186,0.6333606749124283
hct116,hek293t,raw,NCAPD3,-0.06692043809679113,0.18413109292663096,0.2662825424665176,
hct116,hek293t,raw,CEP135,-0.024755905443515896,0.06648173549939482,0.44159428284542546,
hct116,hek293t,raw,CEP57,0.10826960926007444,0.47272747385903047,0.2211308875091444,0.33487015512492074
hct116,hek293t,raw,ARL2BP,0.14511368973545222,0.5297851428336237,0.4316460948236981,0.30345520376600454
hct116,hek293t,raw,ZNF235,0.5716266953339226,0.8074172839853838,0.824437153271671,0.7006235061591863
hct116,hek293t,raw,SLC45A4,0.36903297048283995,0.6696986417751034,0.8684282137943231,0.4839032040546652
hct116,hek293t,raw,STN1,-0.05642437193833667,0.605397315288,0.18856262907513352,
hct116,hek293t,raw,DDX55,0.13052178020026356,0.681956266731071,0.39228256466079064,0.2523511122531801
hct116,hek293t,raw,GLUD1,0.02755556638680685,0.1423196210131246,0.18437913612310483,
hct116,hek293t,raw,TFEB,0.02949410529574656,0.16408024340076424,0.0,
hct116,hek293t,raw,RPUSD1,0.43236032075227665,0.25670100384218864,0.8429913729303717,0.9294381223873386
hct116,hek293t,raw,D2HGDH,0.22510457849220328,0.1552436432886036,0.48806814800062376,
hct116,hek293t,raw,YRDC,0.005732878596470637,0.0,0.598724012216327,
hct116,hek293t,raw,ARL16,0.08537505692777905,0.6645855575048505,0.13682358644340645,
hct116,hek293t,raw,TRMT10A,0.11883058511254543,0.4729605511747166,0.6337270497290766,0.2170524308052981
hct116,hek293t,raw,BBS2,0.37119079292756096,0.6609487478696026,0.0,
hct116,hek293t,raw,TRPC4AP,0.06285182499677348,0.4564662560012407,0.03476398243400833,
hct116,hek293t,raw,APPL1,0.08522961005821228,0.0,0.16626255296485062,
hct116,hek293t,raw,ECHS1,-0.1956091208840914,0.0,0.2718449114442449,
hct116,hek293t,raw,AFMID,0.12783041875678883,0.4348341823920403,0.5315464149060797,0.2658898607574962
hct116,hek293t,raw,KMT2B,-0.1970047887291678,0.2279190065477872,0.43628832265097545,-0.6247405804897543
hct116,hek293t,raw,LIAS,0.26948769105924325,0.8426752267759364,0.4889053367771229,0.4198521980257772
hct116,hek293t,raw,TIMM44,0.5689777254946545,0.7767502603682488,0.7538216889978808,0.743567238708878
hct116,hek293t,raw,SDHAF1,0.00990305426991066,0.07731848763616184,0.0,
hct116,hek293t,raw,BRAF,0.1580384369812961,0.02735816871571819,0.5090726494103301,
hct116,hek293t,raw,HOXD11,-0.223636567125407,0.0,0.0,
hct116,hek293t,raw,ZNF16,0.03320877404489348,0.0,0.2768722380950316,
hct116,hek293t,raw,NPC1,0.02275310451313995,0.24616818120147438,0.14997514750635088,
hct116,hek293t,raw,RECQL4,0.2930909499989998,0.22393746573522028,0.3359133202541831,1.0686252120017123
hct116,hek293t,raw,FADS1,-0.019135808408833062,0.0,0.4233544901081015,
hct116,hek293t,raw,PPP2R5A,0.016387759081207147,0.15365319917815679,0.2884600727665212,
hct116,hek293t,raw,SRSF1,-0.10184512448298179,0.8406169137403118,0.8813505868785194,-0.11832236245360987
hct116,hek293t,raw,EDF1,0.11643656091996543,0.3700442495932054,0.5442460999425225,0.2594566921650762
hct116,hek293t,raw,LLGL1,0.13570863504921052,0.5452122339531963,0.13693071320402797,
hct116,hek293t,raw,AFG3L2,0.440339135991963,0.5928893634043828,0.7132680235031391,0.6771331551307598
hct116,hek293t,raw,SUCLA2,-0.23512765741818123,0.32105519603507693,0.4480941958954894,-0.6199108050572462
hct116,hek293t,raw,CLNS1A,-0.027667459053017603,0.3148259267709789,0.4781015503866061,-0.07131386172552108
hct116,hek293t,raw,XK,-0.006705127880883022,0.4738936896544308,0.2072186911756639,-0.021396963171791922
hct116,hek293t,raw,YPEL5,0.007520384763033045,0.21197753247691176,0.23137223778718022,0.03395779804102311
hct116,hek293t,raw,ABO,0.016192197009055498,0.020290049954581623,0.7214950978935686,
hct116,hek293t,raw,ZDHHC18,0.10587069838779531,0.11779225440861352,0.45032612083039425,
hct116,hek293t,raw,UGDH,-0.06833700819780676,0.11756719315755965,0.6766690473033239,
hct116,hek293t,raw,NHEJ1,-0.49265450458419163,0.6736575069098082,0.5895940033448862,-0.7817112324227335
hct116,hek293t,raw,ZNF433,0.23793011477025072,0.31977267761345585,0.16708237954849348,
hct116,hek293t,raw,WDR20,-0.33334986383133575,0.5288397725116862,0.48874533325844505,-0.6556875166305135
hct116,hek293t,raw,FAHD2A,0.12315508828350963,0.42916387412199586,0.0,
hct116,hek293t,raw,C12orf60,0.1007701871565108,0.17396340521126305,0.8075449328524369,
hct116,hek293t,raw,ERN1,0.012581284833369566,0.0,0.7200599665913769,
hct116,hek293t,raw,SELENOW,0.24885806661053292,0.7034727182561148,0.46634041162125495,0.43448678031104154
hct116,hek293t,raw,CCND1,0.41822506690862754,0.5719411034789513,0.8286152415805288,0.6075163158316823
hct116,hek293t,raw,BTN2A2,0.25777756764043297,0.26244628270899373,0.5370362192491922,0.6866305464050962
hct116,hek293t,raw,LAMA5,0.0791716569570995,0.460484265134283,0.3394555513812318,0.20024924120607104
hct116,hek293t,raw,SLC66A1,-0.3424781619581101,0.17747696245960587,0.6105577887565403,
hct116,hek293t,raw,TMEM74B,0.37396553542928995,0.4448891733558658,0.2913335909911274,1.038748429171531
hct116,hek293t,raw,LMX1A,0.24889728589445825,0.17890779652734812,0.49819949861832885,
hct116,hek293t,raw,UBE2D4,0.06396165033980947,0.15395390227024702,0.4295052224440759,
hct116,hek293t,raw,E2F3,-0.2640951226656347,0.25153886437656475,0.46067132466840566,-0.7758222718833776
hct116,hek293t,raw,WIPI2,0.03080388721789722,0.069936281266179,0.0,
hct116,hek293t,raw,PGD,0.1680135372912076,0.5237911753037933,0.09007566853020334,
hct116,hek293t,raw,SRSF5,0.20742784295457836,0.1821799650338407,0.0,
hct116,hek293t,raw,CSNK1G3,0.17450033932265702,0.35086797191059643,0.4226553666554291,0.4531387670260828
hct116,hek293t,raw,FKBP15,-0.032184920632195524,0.0,0.0,
hct116,hek293t,raw,SLC35D1,0.32511639230015027,0.4270782711851627,0.6100041110543557,0.6369696622182903
hct116,hek293t,raw,RYBP,0.30370975567195274,0.3879971271680659,0.7617493791382001,0.5586482375438482
hct116,hek293t,raw,NRGN,0.5111080766087628,0.0364264862385359,0.8171813387796266,
hct116,hek293t,raw,PRODH,0.22479984213641352,0.5321727964956188,0.6115396012305536,0.39405548207040436
hct116,hek293t,raw,AMPD3,-0.04782697498370582,0.2046452661933429,0.3228023622551915,-0.1860817189827014
hct116,hek293t,raw,DAD1,0.30780464381379696,0.4241096019377548,0.6183372451084953,0.6010677293239053
hct116,hek293t,raw,CD320,0.07137480255398121,0.36628292122120837,0.4022174229233316,0.18595426588045505
hct116,hek293t,raw,IKBIP,-0.013282215767785975,0.20650658454025161,0.045344644861516285,
hct116,hek293t,raw,CASP9,0.06173459020583505,0.0,0.5926006631237378,
hct116,hek293t,raw,TNKS,0.03144366490204852,0.013450785839921148,0.25438532559830784,
hct116,hek293t,raw,ZNF701,0.028099625785806118,0.08453638041425313,0.042235933979436056,
hct116,hek293t,raw,KAT6B,-0.0906320617182542,0.0,0.13046296619478562,
hct116,hek293t,raw,BOLA1,0.033013390202520566,0.21840363670274532,0.3554934344663068,0.11847982393168072
hct116,hek293t,raw,THOC3,0.3577060711798239,0.7952651944354664,0.2520719547093523,0.7989287667622567
hct116,hek293t,raw,PDSS2,-0.17679576845726144,0.0,0.5753267193963678,
hct116,hek293t,raw,ESRRG,0.17634643680578116,0.7272971255838258,0.261732953870289,0.4041862638188623
hct116,hek293t,raw,SHOX2,-0.2576476834856031,0.0,0.37938976409472414,
hct116,hek293t,raw,FANCD2,-0.2512609285994558,0.0,0.8869336059633741,
hct116,hek293t,raw,TCERG1,0.38846030856207714,0.6461146656322695,0.6475719734709258,0.6005481440233469
hct116,hek293t,raw,ZNF397,0.0739079197974983,0.0,0.11834374478969621,
hct116,hek293t,raw,ZNF829,0.0064824830455161185,0.3529438419500356,0.4456833168413017,0.016344641389840306
hct116,hek293t,raw,ZBTB17,0.1991623866884654,0.480191986092265,0.6002937818217164,0.37095219546157343
hct116,hek293t,raw,GOSR1,0.09432415881968356,0.18818170470689807,0.7542970113639603,
hct116,hek293t,raw,AKIRIN1,0.0040769932524740695,0.21630079571355804,0.0,
hct116,hek293t,raw,SNX12,0.06887603561533213,0.0,0.1982132594550183,
hct116,hek293t,raw,BID,0.32773950319360884,0.1366078558274483,0.44386915908073354,
hct116,hek293t,raw,N4BP2,-0.058014077367137505,0.0,0.0,
hct116,hek293t,raw,RAD23B,0.20442513185087088,0.0,0.5758567919910326,
hct116,hek293t,raw,GTF2A2,0.18105736879294582,0.37988863731190264,0.45369355988735527,0.4361207452667015
hct116,hek293t,raw,STAT2,-0.02155669011187106,0.0,0.0,
hct116,hek293t,raw,UBXN8,0.23629442674315768,0.6021294029124177,0.5782431511183634,0.4004546234473672
hct116,hek293t,raw,AQP3,0.056442106759989216,0.0,0.3942033946648097,
hct116,hek293t,raw,DESI1,0.1007145663241114,0.5460756879759441,0.5321742341449432,0.18682670066761287
hct116,hek293t,raw,PCM1,-0.033952822446391424,0.07173505768314475,0.38854876169860003,
hct116,hek293t,raw,LYAR,0.19969581872431083,0.6338745731945982,0.0,
hct116,hek293t,raw,PRKCQ,0.16104137415662367,0.0,0.6670611740488029,
hct116,hek293t,raw,ZBTB7B,-0.013952766459213518,0.49519115467158237,0.0,
hct116,hek293t,raw,PLK4,0.2716829655941139,0.534629117112324,0.3678624263356487,0.6126231299371628
hct116,hek293t,raw,PPWD1,0.5434078516843617,0.6786104548832789,0.2080575326648985,1.446185204750947
hct116,hek293t,raw,RPP14,0.28096678453566565,0.6266963994495911,0.16030116234062602,
hct116,hek293t,raw,KIFC2,0.0803897022767257,0.0,0.0,
hct116,hek293t,raw,ARMC1,-0.3222066363996119,0.2998989537092371,0.4757786115843294,-0.852991195829281
hct116,hek293t,raw,CHRNA5,0.03772137350260095,0.0,0.6330815132626728,
hct116,hek293t,raw,OGFOD1,0.43625138814535813,0.742393987129702,0.6298603332967918,0.6379659056975714
hct116,hek293t,raw,RASGEF1A,-0.03824830955747587,0.0,0.19122627203182996,
hct116,hek293t,raw,FAM178B,0.1964316645031678,0.33005855305184867,0.041967302501808766,
hct116,hek293t,raw,RHOXF2B,0.44720941170164186,0.6251799327947964,0.3896341864808694,0.9061078496242457
hct116,hek293t,raw,NCOA7,0.33154603615842226,0.3514325327483839,0.3571010987947395,0.9358952983803513
hct116,hek293t,raw,POMGNT2,0.06576889881129801,0.0,0.369173866440846,
hct116,hek293t,raw,MEAF6,0.203527879435939,0.3388286093800403,0.5977073858699412,0.45226143854041584
hct116,hek293t,raw,TMEM243,0.32467624391978894,0.3182351951555746,0.787553133492292,0.6485395664009656
hct116,hek293t,raw,NDUFB10,0.2133445649425687,0.41835992581931053,0.21687732534187953,0.7082710170019936
hct116,hek293t,raw,EIF4E2,0.14768210826338332,0.2599268544031873,0.5679620074925176,0.38436396541406076
hct116,hek293t,raw,GADD45A,0.08915890626812742,0.20102148436759487,0.6994869583235092,0.23776815272289079
hct116,hek293t,raw,GCC1,0.18775358632809985,0.41107631776828374,0.0,
hct116,hek293t,raw,KIN,0.20883911891668688,0.6954657092608946,0.27972614667864515,0.4734863464650378
hct116,hek293t,raw,LRSAM1,0.3487474693955406,0.5892094782224107,0.7438710776025415,0.5267776809937451
hct116,hek293t,raw,UBTF,-0.0350513520630892,0.5434261278416036,0.2100812476106978,-0.10373871720356165
hct116,hek293t,raw,OSBPL2,0.2514273752786218,0.1814051946046921,0.5372026778401204,
hct116,hek293t,raw,SLC7A6,0.14606297888448053,0.22277412262470528,0.26254466572909924,0.6039572280833574
hct116,hek293t,raw,RCAN1,0.021253721485632766,0.16980023412142195,0.21930931843247756,
hct116,hek293t,raw,SHB,0.06521187116464888,0.0,0.12830965356796148,
hct116,hek293t,raw,PDF,0.24567057181231247,0.2161153045970134,0.5248017776764274,0.7294788861174865
hct116,hek293t,raw,CLN8,0.09714527512546686,0.0,0.0,
hct116,hek293t,raw,ZNF407,0.29488454173408557,0.06371890796282155,0.5644307830441878,
hct116,hek293t,raw,BEND6,0.13005532334370165,0.31167139743410643,0.35682264852224305,0.38998998356549147
hct116,hek293t,raw,METTL6,-0.08824487578759108,0.044132573394655136,0.0,
hct116,hek293t,raw,TUFM,-0.008736232116866648,0.46020211403790323,0.3243511426005352,-0.022612164889852657
hct116,hek293t,raw,BAP1,-0.031486021894011354,0.1856818711897918,0.44433849307852297,
hct116,hek293t,raw,MRM1,0.32757484317749974,0.37414566164523305,0.24078077938745956,1.091388257857407
hct116,hek293t,raw,TRAPPC6A,0.24986114830248732,0.18187597978539313,0.5783394669203814,
hct116,hek293t,raw,NFE2L3,-0.42585753998426523,0.3038713869088956,0.3314635341012521,-1.3418425482474483
hct116,hek293t,raw,IVNS1ABP,0.08792483934613197,0.4408335918585264,0.461157074208058,0.1950068223676686
hct116,hek293t,raw,POLDIP3,0.16619992691932642,0.3348545015002298,0.4788944516492726,0.41503321536624377
hct116,hek293t,raw,SVIP,0.26189126657550416,0.417337290581576,0.3398054548028528,0.6954441317114514
hct116,hek293t,raw,USP33,-0.019386582373835243,0.0,0.26871019835181165,
hct116,hek293t,raw,MICAL1,0.08761066841393236,0.0,0.17647831588158863,
hct116,hek293t,raw,ADK,0.03439193923110256,0.0,0.2643826279236429,
hct116,hek293t,raw,SYP,-0.28715091407872256,0.05240954983670214,0.36938024997634605,
hct116,hek293t,raw,INSIG2,0.37937748846432473,0.28150356039955254,0.49747049858469433,1.0137851972397574
hct116,hek293t,raw,NARF,0.43912074619373864,0.2952440270675652,0.8162201750469105,0.8945193363541221
hct116,hek293t,raw,TJP1,0.04128556442887396,0.0,0.30963500761782703,
hct116,hek293t,raw,FAM3A,0.1491848880648364,0.0713253545280896,0.3524612092861759,
hct116,hek293t,raw,TRAPPC4,0.05506099540467493,0.0,0.0,
hct116,hek293t,raw,NSD3,-0.019521550170222404,0.0,0.24281350772376456,
hct116,hek293t,raw,HNRNPC,0.4379849641249939,0.8097233800248734,0.69842292793206,0.5824137478304419
hct116,hek293t,raw,ZNF112,0.14419411547258293,0.18999177945860893,0.0,
hct116,hek293t,raw,PTCD2,-0.40152173323047624,0.39792417311799566,0.853845460204152,-0.6888414294536714
hct116,hek293t,raw,INTS13,0.31724454206368835,0.5159939402153765,0.43062138340299533,0.6730139443278847
hct116,hek293t,raw,FZR1,0.36204798226154916,0.6322621192158195,0.41147733906149436,0.7098140455696733
hct116,hek293t,raw,SAP30,0.16156745763083732,0.23627917761275552,0.5074909086863406,0.4665809816793419
hct116,hek293t,raw,PPP2R1A,0.10685707816625505,0.0,0.2990183058520232,
hct116,hek293t,raw,IMPACT,-0.16265628215173333,0.0,0.3029005270388475,
hct116,hek293t,raw,ZNF471,-0.1660463001448095,0.0,0.438618026253323,
hct116,hek293t,raw,DENND5A,0.5544624318519942,0.3123312080109751,0.7311448643466593,1.1602797643217362
hct116,hek293t,raw,ZFYVE27,-0.027858177917099415,0.17998097917945863,0.19438835946965538,
hct116,hek293t,raw,MRPL19,0.19409802623737402,0.31790135495974414,0.03963743301568387,
hct116,hek293t,raw,THAP2,-0.051169622703778284,0.0911865816654014,0.4238793995323924,
hct116,hek293t,raw,MRPS36,0.2193343927996333,0.31398711326353373,0.12083761060215578,
hct116,hek293t,raw,HYPK,-0.009527957006735957,0.0,0.0,
hct116,hek293t,raw,ATXN3,0.26650877711149473,0.0,0.35573491266411256,
hct116,hek293t,raw,PCOLCE,0.24281861722707176,0.22824866555304194,0.7010537227545118,0.6070188926595698
hct116,hek293t,raw,CLN5,0.36023285853880777,0.4122786284913876,0.72363989524631,0.6595180134919538
hct116,hek293t,raw,NINJ2,0.2743733445191774,0.0,0.7363151393443942,
hct116,hek293t,raw,PTPRS,0.00042803568404284006,0.0,0.0,
hct116,hek293t,raw,XRCC1,0.14421011757112492,0.0,0.26415613780870734,
hct116,hek293t,raw,UIMC1,0.0033196671065397307,0.0,0.16725023160332858,
hct116,hek293t,raw,AFF4,-0.3555457680326049,0.12577015069821176,0.3780808998659569,
hct116,hek293t,raw,PCNX3,-0.047193548037878334,0.0,0.1935384088203315,
hct116,hek293t,raw,IRF2BP2,-0.014032131824047315,0.0,0.3230100531877804,
hct116,hek293t,raw,FBXL15,0.2649919128976662,0.2346652558850192,0.17256796023766133,
hct116,hek293t,raw,NAGA,0.012731538737128801,0.0760173094087847,0.15250868445622054,
hct116,hek293t,raw,RARS2,0.024412475664893626,0.0,0.2389840260669725,
hct116,hek293t,raw,CDC27,0.06324718148221907,0.13281936730082539,0.1985451033394405,
hct116,hek293t,raw,HMGN3,-0.02052231225262306,0.39159890800770414,0.011705243321809361,
hct116,hek293t,raw,RNASE1,-0.03855695951088708,0.0,0.07575179464883393,
hct116,hek293t,raw,GRSF1,-0.006265890129092778,0.2256450660668362,0.6732508717806573,-0.01607612566212392
hct116,hek293t,raw,TYW3,0.2850566145476549,0.5019046410513514,0.0,
hct116,hek293t,raw,IER3,-0.024269121463612684,0.0,0.12565288589047943,
hct116,hek293t,raw,JAK1,0.4035472701744072,0.5194782050426311,0.33774522518140443,0.9634210680871165
hct116,hek293t,raw,MCM4,0.12217591403932636,0.16827068026377423,0.7147987454531067,
hct116,hek293t,raw,UBE3B,-0.008171001398236509,0.03838600311793965,0.3991448317485122,
hct116,hek293t,raw,TFAM,0.16053664856104988,0.2159231128268018,0.24491051132449376,0.698105265022837
hct116,hek293t,raw,SAP130,0.27137978412078245,0.17098384639075673,0.2863994732354664,
hct116,hek293t,raw,SMIM7,0.08032497325435474,0.1311476706504409,0.09895463147531473,
hct116,hek293t,raw,LPIN1,0.0043943772211290175,0.4835886849230043,0.37574899587452515,0.010308853197774585
hct116,hek293t,raw,PPP4C,0.24464644123863383,0.0,0.2704381956832445,
hct116,hek293t,raw,GGPS1,-0.12913585793419455,0.436475334891021,0.3093156725143036,-0.3514520136694215
hct116,hek293t,raw,HAUS2,0.016627102374429922,0.0,0.010007399633238469,
hct116,hek293t,raw,NUP107,0.533487095698377,0.6319620611486702,0.8487340361192736,0.7284380215148606
hct116,hek293t,raw,TMEM181,-0.05347540672065361,0.20985242663043713,0.0,
hct116,hek293t,raw,MAGT1,0.042901714694413534,0.21139134182849414,0.42265235206665913,0.14352891689402872
hct116,hek293t,raw,C17orf80,0.16862421252872176,0.7344997329887489,0.07418192303310978,
hct116,hek293t,raw,SLC50A1,0.04609935381209304,0.0,0.0,
hct116,hek293t,raw,HBG2,-0.0493423561580949,0.10958498304207862,0.5309781051746888,
hct116,hek293t,raw,MAPK9,0.06684288291540687,0.0,0.2578366673763626,
hct116,hek293t,raw,SBNO2,-0.03173938957718782,0.024314571420459966,0.17174569420191124,
hct116,hek293t,raw,NAB2,0.010268999174139383,0.0,0.0,
hct116,hek293t,raw,PSMB6,0.06534672275197194,0.5752916730824267,0.197754044480459,
hct116,hek293t,raw,SCYL1,0.001017483638897698,0.0,0.27838716600989843,
hct116,hek293t,raw,ZNF721,0.07854623836299135,0.07257056723051765,0.3933398692748196,
hct116,hek293t,raw,WIPF2,0.23514943172713618,0.33001319682531255,0.46371392887391605,0.601108970834459
hct116,hek293t,raw,KAT5,0.0283727595795899,0.4542042485461773,0.132696863803319,
hct116,hek293t,raw,LAPTM4B,0.08236369960196178,0.3317329846612954,0.13517283957007947,
hct116,hek293t,raw,SPTAN1,-0.041883560158981425,0.04096955237174172,0.18348990285142477,
hct116,hek293t,raw,CSKMT,0.03915113871324359,0.0,0.7636625132546534,
hct116,hek293t,raw,PTBP2,-0.1016045885452774,0.02145876009030078,0.22214534572394515,
hct116,hek293t,raw,RECQL5,0.020508808910229832,0.20594444040573093,0.3712347231024196,0.07417219082942711
hct116,hek293t,raw,CLSPN,0.1570619286591819,0.0,0.0,
hct116,hek293t,raw,ZBTB8B,-0.1435130176320244,0.1281168567198651,0.05247534655149958,
hct116,hek293t,raw,NFYB,0.20511710204119518,0.2773289432086074,0.4617345212877416,0.5732025330250423
hct116,hek293t,raw,EHF,0.4247951899464465,0.4358382207573872,0.41262151911428796,1.001707665481797
hct116,hek293t,raw,ZNF493,0.4484758767461555,0.5869121748972599,0.2805426816912589,1.105230996259581
hct116,hek293t,raw,ANAPC15,0.17816426530365176,0.09208794335661498,0.22029168975382846,
hct116,hek293t,raw,RBBP5,0.09088968276073313,0.3740967110390238,0.5747509073911081,0.19601206759852016
hct116,hek293t,raw,RBPJL,0.2968784355830407,0.0,0.4701168210698426,
hct116,hek293t,raw,TLK1,0.07799541832815975,0.29259823042646177,0.44168177519217616,0.2169594165587986
hct116,hek293t,raw,MRTFA,0.21423704737987573,0.3104630698685473,0.0,
hct116,hek293t,raw,AUNIP,0.15849755976935775,0.3451513148779477,0.2036401025253465,0.5978416399789963
hct116,hek293t,raw,SATB2,-0.1099757009925603,0.03677140057286147,0.0,
hct116,hek293t,raw,ZNF8,-0.04807744577624647,0.0,0.6017302557364971,
hct116,hek293t,raw,ZNF587B,0.1793271331254193,0.0,0.4534399560987008,
hct116,hek293t,raw,BHLHE23,-0.27592284077022233,0.3629323356478585,0.4320796433361243,-0.696775574367786
hct116,hek293t,raw,SMURF1,-0.17113510532238066,0.0,0.29060777798249954,
hct116,hek293t,raw,SMAD3,0.32144565364114475,0.0,0.46482744622766453,
hct116,hek293t,raw,ACO1,0.036332435967347566,0.0,0.09194030146960529,
hct116,hek293t,raw,ZBTB16,-0.19507959336264216,0.2987975334577514,0.6399657030062748,-0.4461131115586191
hct116,hek293t,raw,TTLL5,0.40761094634318223,0.3258649226990189,0.6194307356772475,0.9072576858022526
hct116,hek293t,raw,EEF1E1,0.26277814636583524,0.0,0.5660910910714708,
hct116,hek293t,raw,ATG2A,0.02088956763979935,0.0,0.15680221661208688,
hct116,hek293t,raw,NAMPT,0.060637243426908925,0.05937107233794693,0.11868792234571499,
hct116,hek293t,raw,SMURF2,-0.3778467625168564,0.29924269129304504,0.4530258837023369,-1.0262246006059046
hct116,hek293t,raw,NOL6,0.3169907541937125,0.5017807312090383,0.6232620565572152,0.5668318707417574
hct116,hek293t,raw,ZNF490,-0.16317644588174388,0.0,0.41579074631777374,
hct116,hek293t,raw,PIP4P1,-0.0730467942040678,0.0,0.3589085933008796,
hct116,hek293t,raw,RPL9,0.2816190270192236,0.8708933316325819,0.6589061150513859,0.37176435075487607
hct116,hek293t,raw,TTK,-0.11156915469450537,0.3437652220444148,0.0,
hct116,hek293t,raw,ARRB2,-0.4414144456165437,0.4400353395131913,0.41554602879531616,-1.032269737027911
hct116,hek293t,raw,ZFAND2A,0.5196657427988899,0.3254542873359518,0.7169455665405934,1.0758110434593386
hct116,hek293t,raw,PRPF6,-0.06165826630502621,0.0,0.10665890788360813,
hct116,hek293t,raw,SF3B1,0.27059942197696696,0.05447123394087293,0.0,
hct116,hek293t,centred,CHKA,-0.11106151152287495,0.11679908398193266,0.08743037713666238,
hct116,hek293t,centred,EEF1D,-0.05809406811405479,0.2365401195912404,0.38363978275964505,-0.1928490773316381
hct116,hek293t,centred,GNAI3,0.03047424301958513,0.0,0.07974349656507324,
hct116,hek293t,centred,ZNF610,-0.09246263515689906,0.0,0.5681432995451897,
hct116,hek293t,centred,PRDM4,0.056581060941077434,0.3500474096921688,0.04601400123992904,
hct116,hek293t,centred,ANKS6,0.2605709164675473,0.11637393529550631,0.5553425697744454,
hct116,hek293t,centred,ABCE1,0.5663967390201134,0.8892601420837747,0.9027969510894112,0.6321371133346254
hct116,hek293t,centred,NCAPD3,-0.05489295760914334,0.01739724040751121,0.1411316768070634,
hct116,hek293t,centred,CEP135,-0.05730090474854526,0.09258648473319012,0.2959540281285806,
hct116,hek293t,centred,CEP57,-0.00796192605089362,0.3507386257454046,0.12190070206874254,
hct116,hek293t,centred,ARL2BP,0.015299295766143887,0.43853111457804717,0.23780568623578432,0.04737618834971568
hct116,hek293t,centred,ZNF235,0.567578827520692,0.779762569470974,0.7743097446999387,0.7304451873540928
hct116,hek293t,centred,SLC45A4,0.3510805365120139,0.5944974277324881,0.8373548421181242,0.49759613160591715
hct116,hek293t,centred,STN1,-0.19091145906308088,0.5398635973874819,0.14652169978398152,
hct116,hek293t,centred,DDX55,0.06141422239413241,0.6699625621898082,0.26845173766468833,0.144814010192882
hct116,hek293t,centred,GLUD1,0.03133549941114959,0.029781545980650585,0.1359095646266485,
hct116,hek293t,centred,TFEB,-0.008670619365621227,0.10923542089565884,0.0,
hct116,hek293t,centred,RPUSD1,0.3971835527261976,0.09840010238440211,0.790212296146662,
hct116,hek293t,centred,D2HGDH,0.11255211495302977,0.09910786480933167,0.29022848175377197,
hct116,hek293t,centred,YRDC,0.12090204838756428,0.0,0.6654421394310193,
hct116,hek293t,centred,ARL16,-0.04505449542003933,0.5904757410588667,0.0,
hct116,hek293t,centred,TRMT10A,0.05014514081419625,0.39147765292493275,0.45464690818497205,0.11886068978047562
hct116,hek293t,centred,BBS2,0.3024984880027748,0.5840051075947115,0.0,
hct116,hek293t,centred,TRPC4AP,-0.0421901454312477,0.34707061806743844,0.0,
hct116,hek293t,centred,APPL1,0.19551204053311985,0.0,0.39661607695420914,
hct116,hek293t,centred,ECHS1,-0.17259095048546946,0.0,0.0,
hct116,hek293t,centred,AFMID,0.07934344733497488,0.3133502102832423,0.3120340956959558,0.25374356944388426
hct116,hek293t,centred,KMT2B,-0.1754296304213122,0.09038102438248481,0.47462099429810256,
hct116,hek293t,centred,LIAS,0.34396694245445136,0.8426815547931669,0.5345809720470314,0.5124815251978263
hct116,hek293t,centred,TIMM44,0.5941926848242293,0.7721874439759134,0.7350498941040565,0.788692159357928
hct116,hek293t,centred,SDHAF1,0.038492713783011036,0.009342696673765872,0.09569911650820749,
hct116,hek293t,centred,BRAF,0.09883226307872855,0.0,0.4010007463298398,
hct116,hek293t,centred,HOXD11,-0.1998642197165395,0.0,0.14604280270487838,
hct116,hek293t,centred,ZNF16,-0.00030191326627991577,0.0,0.1568091881724324,
hct116,hek293t,centred,NPC1,0.017285065398888584,0.13734960570161617,0.0,
hct116,hek293t,centred,RECQL4,0.43659380972144607,0.35442954693087375,0.38289106779107396,1.185154572429081
hct116,hek293t,centred,FADS1,-0.11547737826418261,0.0,0.38025155257535537,
hct116,hek293t,centred,PPP2R5A,0.00369160158367482,0.08919713023241356,0.36714754943971756,
hct116,hek293t,centred,SRSF1,-0.0995568502312134,0.8277754419567088,0.8949697799131289,-0.11566732545634414
hct116,hek293t,centred,EDF1,0.21118543779209684,0.34271865681241237,0.5572442103055523,0.4832505002840779
hct116,hek293t,centred,LLGL1,0.31428414913525504,0.6125739514518421,0.12376548831621387,
hct116,hek293t,centred,AFG3L2,0.4485380422104024,0.5748478824734603,0.7105208579263891,0.7018339932300189
hct116,hek293t,centred,SUCLA2,-0.14653522261512136,0.1962834057350173,0.4990082318133703,
hct116,hek293t,centred,CLNS1A,0.056085229763595076,0.21423520092498513,0.45808486690898653,0.17903177413482507
hct116,hek293t,centred,XK,-0.13555535127468196,0.37710524635758585,0.16003982949581,
hct116,hek293t,centred,YPEL5,-0.007576077141714299,0.1840318063858921,0.28674626149260846,
hct116,hek293t,centred,ABO,-0.0503903640683314,0.0,0.5682029634572056,
hct116,hek293t,centred,ZDHHC18,0.03257402382747332,0.0,0.11148051235416423,
hct116,hek293t,centred,UGDH,-0.12355275342414511,0.08629647026111832,0.5355243542285016,
hct116,hek293t,centred,NHEJ1,-0.5319135162378833,0.6119737394610835,0.6536729141253631,-0.8409968866612955
hct116,hek293t,centred,ZNF433,0.08147062736380468,0.18691727865005064,0.06577192841180504,
hct116,hek293t,centred,WDR20,-0.2847879612220309,0.43467129417256023,0.483117810283061,-0.6214620629231652
hct116,hek293t,centred,FAHD2A,0.024972711670232767,0.3304278508760652,0.0,
hct116,hek293t,centred,C12orf60,0.181496660912394,0.16319803173710748,0.8373870297553191,
hct116,hek293t,centred,ERN1,-0.06982599926020047,0.06402011197673142,0.6353496737481885,
hct116,hek293t,centred,SELENOW,0.20964818315432568,0.6414941314159037,0.26576454882121703,0.5077456776027872
hct116,hek293t,centred,CCND1,0.4005138608294859,0.4545939836260469,0.7660471135335669,0.678700186413585
hct116,hek293t,centred,BTN2A2,0.2031029939602554,0.14656884596531983,0.33068673203191096,
hct116,hek293t,centred,LAMA5,0.019276971427553715,0.33512778754838124,0.009690102547845109,
hct116,hek293t,centred,SLC66A1,-0.3711376952163877,0.27960845289570796,0.5090950946230516,-0.9836949955478115
hct116,hek293t,centred,TMEM74B,0.511713982400152,0.5399654864814313,0.4463944631855383,1.0422811505904244
hct116,hek293t,centred,LMX1A,0.16186550584695683,0.060593894794333386,0.287312059663965,
hct116,hek293t,centred,UBE2D4,-0.02281000137008373,0.0,0.32313774701697046,
hct116,hek293t,centred,E2F3,-0.25623668490541995,0.1585076783087282,0.5161103632833386,
hct116,hek293t,centred,WIPI2,0.07469436619066355,0.11065953682501085,0.0,
hct116,hek293t,centred,PGD,0.22093373332851513,0.5714581607825646,0.17929689923758943,
hct116,hek293t,centred,SRSF5,0.17742100535693076,0.14277772435405006,0.0,
hct116,hek293t,centred,CSNK1G3,0.09439572038511815,0.23494622973480794,0.18830814387924305,
hct116,hek293t,centred,FKBP15,-0.05570524191796288,0.0,0.0,
hct116,hek293t,centred,SLC35D1,0.290610388186379,0.3127829970465444,0.45323612802080204,0.7718400427884055
hct116,hek293t,centred,RYBP,0.26389221809067137,0.24633348130002444,0.653459522192419,0.6577419110398545
hct116,hek293t,centred,NRGN,0.48040142351916715,0.0,0.759476561776544,
hct116,hek293t,centred,PRODH,0.18694933917634268,0.37652458678304945,0.4130384614760236,0.47405858612188406
hct116,hek293t,centred,AMPD3,-0.0711160318620835,0.06657446499739429,0.08491121703526407,
hct116,hek293t,centred,DAD1,0.26528127348025726,0.4615097226867478,0.5685750390595067,0.5178718102783002
hct116,hek293t,centred,CD320,0.12579010471095234,0.283955781947173,0.3923553186124674,0.3768611321254404
hct116,hek293t,centred,IKBIP,-0.03310786024573888,0.12598714417903617,0.3364789789872042,
hct116,hek293t,centred,CASP9,0.0011024983489334864,0.0,0.3742652105206202,
hct116,hek293t,centred,TNKS,0.03139519149468513,0.13588188902521842,0.26650842209545944,
hct116,hek293t,centred,ZNF701,0.12891192723820408,0.08393791540650418,0.05801032694739048,
hct116,hek293t,centred,KAT6B,-0.11400652091006207,0.0,0.0848099323486751,
hct116,hek293t,centred,BOLA1,0.15063924105127077,0.24602097990295219,0.4153761948920332,0.4712281705573704
hct116,hek293t,centred,THOC3,0.37362794252268594,0.7806841044150499,0.17419850857242838,
hct116,hek293t,centred,PDSS2,-0.19713666863045615,0.0,0.3172561153414129,
hct116,hek293t,centred,ESRRG,0.15253604374203933,0.6591504679197175,0.0,
hct116,hek293t,centred,SHOX2,-0.17804853569287546,0.09707148819618701,0.37983587157338206,
hct116,hek293t,centred,FANCD2,-0.12464417880600777,0.0,0.9097497109576145,
hct116,hek293t,centred,TCERG1,0.3964342058344789,0.6160076910375195,0.5828646145129506,0.6615980364539061
hct116,hek293t,centred,ZNF397,0.04030284082596551,0.034653603443599794,0.026451985695895422,
hct116,hek293t,centred,ZNF829,-0.07586244884506715,0.14710829525636546,0.14611467140465326,
hct116,hek293t,centred,ZBTB17,0.2529703181115053,0.4712267620000527,0.5987058780369888,0.476264084662258
hct116,hek293t,centred,GOSR1,0.03778481617953904,0.12831217770470507,0.6336354935913389,
hct116,hek293t,centred,AKIRIN1,0.11422500527660844,0.2590505195936583,0.0,
hct116,hek293t,centred,SNX12,0.060578925250061526,0.0,0.1496090109188934,
hct116,hek293t,centred,BID,0.21453793751262865,0.10791670430557944,0.3516682364502002,
hct116,hek293t,centred,N4BP2,0.14234495198611585,0.0,0.0,
hct116,hek293t,centred,RAD23B,0.09782439557891412,0.0,0.458546682006457,
hct116,hek293t,centred,GTF2A2,0.22140271626274122,0.3528946804484849,0.4124568438463218,0.5803248016967728
hct116,hek293t,centred,STAT2,-0.03351241129627454,0.0,0.22450745127731117,
hct116,hek293t,centred,UBXN8,0.19740322173274663,0.5224472763280433,0.35295139530969555,0.45970110751765497
hct116,hek293t,centred,AQP3,0.011257836575119168,0.0,0.08077225026114887,
hct116,hek293t,centred,DESI1,0.1231535898855648,0.5578149058379676,0.3385188608958428,0.2834070065182992
hct116,hek293t,centred,PCM1,0.019283031740266902,0.0,0.25368252435625194,
hct116,hek293t,centred,LYAR,0.12170935925592817,0.5613149557693518,0.0,
hct116,hek293t,centred,PRKCQ,0.07705580448151533,0.0,0.5450180222489097,
hct116,hek293t,centred,ZBTB7B,-0.05943612365881679,0.3929363765006054,0.0,
hct116,hek293t,centred,PLK4,0.15901001092710207,0.4676006628545401,0.19906045983564336,
hct116,hek293t,centred,PPWD1,0.5925838295322834,0.710464740315727,0.37657791103605653,1.145647760978247
hct116,hek293t,centred,RPP14,0.3288646595746513,0.6555500366285262,0.196694312669599,
hct116,hek293t,centred,KIFC2,0.022988380369629045,0.0,0.0747086725213143,
hct116,hek293t,centred,ARMC1,-0.29257107630306833,0.14647397495834757,0.5940485764978833,
hct116,hek293t,centred,CHRNA5,-0.05385291173349646,0.0,0.4729836655584306,
hct116,hek293t,centred,OGFOD1,0.48883776050239686,0.7602176023778477,0.6014892045323424,0.7229060621489193
hct116,hek293t,centred,RASGEF1A,0.07786370717564549,0.035256850810200684,0.054619029065856584,
hct116,hek293t,centred,FAM178B,0.18027328762798275,0.28062926456038745,0.0,
hct116,hek293t,centred,RHOXF2B,0.380403986118398,0.5445910799817435,0.10747740655434829,
hct116,hek293t,centred,NCOA7,0.21775022443326542,0.3305535889885602,0.28977805063166323,0.7035661388095994
hct116,hek293t,centred,POMGNT2,0.1716450635971569,0.0,0.39013835764442745,
hct116,hek293t,centred,MEAF6,0.24575278421164665,0.2718156987385772,0.5841946511081862,0.6167119882510544
hct116,hek293t,centred,TMEM243,0.2231258706845495,0.2026430939478815,0.7388970363815386,0.5766231337577995
hct116,hek293t,centred,NDUFB10,0.25605859093057926,0.4498774017702333,0.090866083895105,
hct116,hek293t,centred,EIF4E2,0.0766842821221285,0.12467361574718558,0.35336795142882177,
hct116,hek293t,centred,GADD45A,0.03396840103211269,0.13545302678647572,0.556167238418921,
hct116,hek293t,centred,GCC1,0.04875300994454168,0.314932567489673,0.0,
hct116,hek293t,centred,KIN,0.2983324888157672,0.7089506690923084,0.24884227966985467,0.7102814247746823
hct116,hek293t,centred,LRSAM1,0.34064859483218823,0.5455758114939684,0.7129126382235232,0.5462115650172266
hct116,hek293t,centred,UBTF,-0.14801483403643775,0.4551802870860073,0.07481383769125108,
hct116,hek293t,centred,OSBPL2,0.15770156906607077,0.11382981803494541,0.43561303905922344,
hct116,hek293t,centred,SLC7A6,0.10620496926715538,0.16315120230911184,0.2868849183669625,
hct116,hek293t,centred,RCAN1,0.21506241026667813,0.25759970110713376,0.26269152071853114,0.8267397211639542
hct116,hek293t,centred,SHB,0.18283813285632897,0.0,0.2641106014212321,
hct116,hek293t,centred,PDF,0.16176974417028864,0.05034944520729822,0.29896166805677776,
hct116,hek293t,centred,CLN8,-0.006913387856801078,0.0,0.0,
hct116,hek293t,centred,ZNF407,0.22267179414703894,0.0,0.3075392346619477,
hct116,hek293t,centred,BEND6,0.20564566023770348,0.310810907275783,0.3388236957452524,0.6337012091860585
hct116,hek293t,centred,METTL6,-0.07981178247022583,0.0,0.0,
hct116,hek293t,centred,TUFM,0.009539471361748425,0.39311892385224123,0.3344293236213366,0.02630935240236434
hct116,hek293t,centred,BAP1,0.036292281367896494,0.13158783850864736,0.4868036913817012,
hct116,hek293t,centred,MRM1,0.2303132717171842,0.24603542878473056,0.0,
hct116,hek293t,centred,TRAPPC6A,0.196460681126538,0.027416955614800863,0.38613889655823563,
hct116,hek293t,centred,NFE2L3,-0.38056722115743224,0.42188489024338677,0.1537412764493448,
hct116,hek293t,centred,IVNS1ABP,0.029083774332376675,0.33453805456199326,0.31135333106618734,0.09011586265730327
hct116,hek293t,centred,POLDIP3,0.07384954861034486,0.26191698756666865,0.22364140099035637,0.3051335132771288
hct116,hek293t,centred,SVIP,0.1571719154211153,0.3691990862715249,0.14518733332834108,
hct116,hek293t,centred,USP33,0.064483477377838,0.0,0.1988759648252111,
hct116,hek293t,centred,MICAL1,0.03324668349041754,0.0,0.05266782802989225,
hct116,hek293t,centred,ADK,0.03981927174842421,0.0,0.1723857764430514,
hct116,hek293t,centred,SYP,-0.20193871264429175,0.24406112665213667,0.28959623928120454,-0.7595805202363911
hct116,hek293t,centred,INSIG2,0.26591471587566,0.19151689799432864,0.41437635841695875,
hct116,hek293t,centred,NARF,0.3519267712921587,0.13624579367257994,0.7765059948912286,
hct116,hek293t,centred,TJP1,0.12408330156410248,0.0,0.4717077213355331,
hct116,hek293t,centred,FAM3A,0.2677330264358465,0.21973047371243518,0.48347362977787367,0.821429708099561
hct116,hek293t,centred,TRAPPC4,0.06833286900028661,0.007018519311750875,0.0,
hct116,hek293t,centred,NSD3,-0.038688421762259326,0.0,0.0,
hct116,hek293t,centred,HNRNPC,0.3916091547268705,0.7966907475999097,0.6616709770148772,0.5393701480279846
hct116,hek293t,centred,ZNF112,0.04701103655284786,0.07449767524861449,0.0,
hct116,hek293t,centred,PTCD2,-0.29864534685059474,0.29950844603038995,0.8750422395279992,-0.5833600803123494
hct116,hek293t,centred,INTS13,0.2652268974928594,0.5002964515399537,0.09771572199946843,
hct116,hek293t,centred,FZR1,0.20736766913164847,0.5683867168761633,0.1486585790725949,
hct116,hek293t,centred,SAP30,0.1229810345263722,0.01954771579729585,0.2654517758735703,
hct116,hek293t,centred,PPP2R1A,0.07707528337232483,0.0,0.2621748883862056,
hct116,hek293t,centred,IMPACT,-0.1522682060761645,0.0,0.24837769924204867,
hct116,hek293t,centred,ZNF471,-0.20849215431850115,0.06578400868941832,0.3244336106371905,
hct116,hek293t,centred,DENND5A,0.4872206946212026,0.12755154851599196,0.6593165982888108,
hct116,hek293t,centred,ZFYVE27,-0.05735007490109748,0.08695116430864615,0.24544488338914897,
hct116,hek293t,centred,MRPL19,0.15014500827880672,0.25828861460567026,0.0,
hct116,hek293t,centred,THAP2,-0.02772423995300858,0.037873370707620896,0.15739142077399465,
hct116,hek293t,centred,MRPS36,0.2796291089207045,0.3509275942011586,0.31742041341439997,0.8378305512600116
hct116,hek293t,centred,HYPK,0.020647993910237073,0.0,0.0,
hct116,hek293t,centred,ATXN3,0.1992612231981584,0.0,0.2625156261109618,
hct116,hek293t,centred,PCOLCE,0.179324839611006,0.06012625887876327,0.5676234544777315,
hct116,hek293t,centred,CLN5,0.30841778079521176,0.28159911583637526,0.58449162193034,0.7602118224559695
hct116,hek293t,centred,NINJ2,0.18419777030120424,0.0,0.634723525482893,
hct116,hek293t,centred,PTPRS,0.02589828432483114,0.0,0.0,
hct116,hek293t,centred,XRCC1,0.02659333175002216,0.0,0.19747797080805496,
hct116,hek293t,centred,UIMC1,-0.048835315676766924,0.0,0.0,
hct116,hek293t,centred,AFF4,-0.3474816083658677,0.19893256576616336,0.28167748298878065,
hct116,hek293t,centred,PCNX3,-0.07410587066551709,0.0,0.11748225089979249,
hct116,hek293t,centred,IRF2BP2,-0.0019080285496142317,0.0,0.22098875954620897,
hct116,hek293t,centred,FBXL15,0.16497624096826952,0.23442730116343558,0.1677807226907273,
hct116,hek293t,centred,NAGA,-0.025000433179368762,0.10152846470894679,0.0,
hct116,hek293t,centred,RARS2,0.03149504945920266,0.0,0.24768942887459444,
hct116,hek293t,centred,CDC27,0.06637844161431716,0.14733501754886683,0.22790121963243243,
hct116,hek293t,centred,HMGN3,-0.03633698806280942,0.2987384281752586,0.2121769360283814,-0.1443292296503397
hct116,hek293t,centred,RNASE1,-0.10198514618861923,0.0,0.18029375582248197,
hct116,hek293t,centred,GRSF1,0.08980941505131614,0.22451680031413077,0.7345838786356091,0.22114480880606946
hct116,hek293t,centred,TYW3,0.20535851699583213,0.428095254916446,0.0,
hct116,hek293t,centred,IER3,-0.02491424061180916,0.0,0.03107845832307891,
hct116,hek293t,centred,JAK1,0.30917748099400855,0.46374695365374574,0.28844461405010113,0.8453491154543056
hct116,hek293t,centred,MCM4,0.22430957680482652,0.11653576590309792,0.7803047330578976,
hct116,hek293t,centred,UBE3B,-0.06134382956436609,0.0,0.11458074968616212,
hct116,hek293t,centred,TFAM,0.10182063082727932,0.2326415521666097,0.3716028249485818,0.3463001156231273
hct116,hek293t,centred,SAP130,0.3031695952323869,0.20354452723855151,0.326469696989588,1.1760735720487372
hct116,hek293t,centred,SMIM7,0.0660456926531666,0.1299891804860015,0.0354752365122317,
hct116,hek293t,centred,LPIN1,0.11201834523367599,0.5153558614456727,0.3269635763754852,0.2728888903524296
hct116,hek293t,centred,PPP4C,0.23563797361435618,0.0,0.31361893412469505,
hct116,hek293t,centred,GGPS1,-0.22946626339304918,0.34800117000217545,0.3901305983590954,-0.6227639789134499
hct116,hek293t,centred,HAUS2,-0.06721665377009438,0.0,0.0,
hct116,hek293t,centred,NUP107,0.5185395554457075,0.6233653609332016,0.8440032740088304,0.7148887988950129
hct116,hek293t,centred,TMEM181,-0.12137222711996638,0.13872101089428948,0.0,
hct116,hek293t,centred,MAGT1,0.12388767751604493,0.1915191410803528,0.45598690716095,
hct116,hek293t,centred,C17orf80,0.16441280760361585,0.7157337295660294,0.0,
hct116,hek293t,centred,SLC50A1,0.03139743512862598,0.0,0.0,
hct116,hek293t,centred,HBG2,0.10415095108493264,0.15198628336608014,0.6092226863103526,
hct116,hek293t,centred,MAPK9,-0.020797917781937004,0.0,0.036360708311429235,
hct116,hek293t,centred,SBNO2,0.0185414701488411,0.06942798544607685,0.09949813346300451,
hct116,hek293t,centred,NAB2,0.057742142020990955,0.0,0.014606006824141595,
hct116,hek293t,centred,PSMB6,0.13213732992668373,0.5967553868656047,0.11786962093344823,
hct116,hek293t,centred,SCYL1,0.0493755830249367,0.0,0.46465678494525053,
hct116,hek293t,centred,ZNF721,-0.019341301145567064,0.06634355766948738,0.17174604233860766,
hct116,hek293t,centred,WIPF2,0.35624357654053224,0.38599897195645394,0.4997420407105921,0.811112371104212
hct116,hek293t,centred,KAT5,0.12497393762825464,0.5081658533555703,0.17581498802037945,
hct116,hek293t,centred,LAPTM4B,0.1352885966343848,0.2928794886053436,0.20936937563585986,0.5463363967953796
hct116,hek293t,centred,SPTAN1,0.031806769525138966,0.1799269937060319,0.266774434075328,
hct116,hek293t,centred,CSKMT,-0.07503230068383647,0.0,0.6771978121566936,
hct116,hek293t,centred,PTBP2,-0.11464129468740464,0.02427393966374781,0.0,
hct116,hek293t,centred,RECQL5,-0.011812910446691867,0.20672445938754927,0.18957742742940506,
hct116,hek293t,centred,CLSPN,0.24377589799228958,0.038132653058660156,0.0,
hct116,hek293t,centred,ZBTB8B,-0.04900786854693759,0.2375789185463336,0.0756763314400969,
hct116,hek293t,centred,NFYB,0.13997359906378842,0.3062117634480591,0.3271914045355935,0.4422157956428395
hct116,hek293t,centred,EHF,0.2997929700081527,0.32222169915699855,0.2557651487917687,1.0442954117118506
hct116,hek293t,centred,ZNF493,0.5634266549134127,0.6386598973123068,0.46900785564024156,1.029467183473311
hct116,hek293t,centred,ANAPC15,0.07466135477616236,0.03569753740998236,0.05012936735080094,
hct116,hek293t,centred,RBBP5,0.14145968686529473,0.3578764784836359,0.6549860740744426,0.2921797287743432
hct116,hek293t,centred,RBPJL,0.3592651799013871,0.0,0.6034908126329798,
hct116,hek293t,centred,TLK1,-0.021440684798810672,0.227190282162045,0.33978619181069836,-0.07716865196574625
hct116,hek293t,centred,MRTFA,0.061673562422030995,0.24003053550043157,0.0,
hct116,hek293t,centred,AUNIP,0.05931574949029022,0.286638304539825,0.2291093647216671,0.23146295251435647
hct116,hek293t,centred,SATB2,-0.14625943669545027,0.09458619497038669,0.0,
hct116,hek293t,centred,ZNF8,0.06131765645610333,0.0,0.7130841428933172,
hct116,hek293t,centred,ZNF587B,0.05637826855142325,0.0,0.36174906260863715,
hct116,hek293t,centred,BHLHE23,-0.2833719237097157,0.2698053621786477,0.4801769723321449,-0.787282985368956
hct116,hek293t,centred,SMURF1,-0.17480463629676857,0.0,0.0,
hct116,hek293t,centred,SMAD3,0.21917535853572065,0.0,0.3527149346105619,
hct116,hek293t,centred,ACO1,-0.018917702565954694,0.0,0.01597886668252074,
hct116,hek293t,centred,ZBTB16,-0.2805072006532408,0.37257757739820324,0.5361186509584915,-0.6276321744748681
hct116,hek293t,centred,TTLL5,0.3175091019265215,0.2746562908297493,0.5387781630461347,0.8253846951093133
hct116,hek293t,centred,EEF1E1,0.18747096613802383,0.0,0.48575796121042464,
hct116,hek293t,centred,ATG2A,-0.029020273508373592,0.0,0.04723442503562105,
hct116,hek293t,centred,NAMPT,0.057550986687766786,0.03874443569896129,0.09495048463747231,
hct116,hek293t,centred,SMURF2,-0.3359312946816805,0.4350326178840906,0.19446238247750466,
hct116,hek293t,centred,NOL6,0.33236108096194306,0.5147035729111913,0.6955727000328089,0.5554696146254987
hct116,hek293t,centred,ZNF490,-0.1291086210059231,0.0,0.5956954456215046,
hct116,hek293t,centred,PIP4P1,-0.05323837867996971,0.0,0.5553171856264069,
hct116,hek293t,centred,RPL9,0.2625993805909431,0.8670809967820815,0.6705330975786408,0.34439255427839816
hct116,hek293t,centred,TTK,-0.011286130982712016,0.38756810053582863,0.0,
hct116,hek293t,centred,ARRB2,-0.3640396205636718,0.5255787993410759,0.2646370173249483,-0.9761227556466646
hct116,hek293t,centred,ZFAND2A,0.5545353263292837,0.39495475919326384,0.7479784370236989,1.0202603357398448
hct116,hek293t,centred,PRPF6,-0.06289405321318284,8.541319944493907e-05,0.09381804074335129,
hct116,hek293t,centred,SF3B1,0.29454503272730714,0.06678124818063146,0.0,
